location,Basel,Basel,Basel,Basel,Basel,Basel,Basel
lat,47.75000,47.75000,47.75000,47.75000,47.75000,47.75000,47.75000
lon,7.50000,7.50000,7.50000,7.50000,7.50000,7.50000,7.50000
asl,363.653,363.653,363.653,363.653,363.653,363.653,363.653
variable,Temperature,Wind Gust,Cloud Cover Total,Cloud Cover High,Cloud Cover Medium,Cloud Cover Low,Shortwave Radiation
unit,°C,km/h,%,%,%,%,W/m²
level,2 m elevation corrected,sfc,sfc,high cld lay,mid cld lay,low cld lay,sfc
resolution,hourly,hourly,hourly,hourly,hourly,hourly,hourly
aggregation,None,None,None,None,None,None,None
timestamp,Basel Temperature [2 m elevation corrected],Basel Wind Gust,Basel Cloud Cover Total,Basel Cloud Cover High [high cld lay],Basel Cloud Cover Medium [mid cld lay],Basel Cloud Cover Low [low cld lay],Basel Shortwave Radiation
20240101T0000,6.5302453,34.56,73.0,79.0,20.0,73.0,0.0
20240101T0100,6.2402453,35.28,73.0,60.0,59.0,73.0,0.0
20240101T0200,6.210245,41.039997,84.0,3.0,39.0,84.0,0.0
20240101T0300,6.170245,40.32,74.0,0.0,11.0,74.0,0.0
20240101T0400,6.1602454,36.719997,50.0,2.0,19.0,50.0,0.0
20240101T0500,6.130245,35.64,53.0,0.0,19.0,53.0,0.0
20240101T0600,6.020245,34.56,41.0,0.0,12.0,41.0,0.0
20240101T0700,6.040245,37.079998,39.0,2.0,12.0,39.0,0.0
20240101T0800,6.290245,36.36,44.0,82.0,22.0,44.0,9.0
20240101T0900,6.8402452,34.56,42.0,73.0,15.0,42.0,76.0
20240101T1000,7.4302454,36.0,52.0,68.0,41.0,52.0,137.0
20240101T1100,8.080246,36.719997,68.0,82.0,68.0,66.0,217.0
20240101T1200,8.210245,44.639996,53.0,89.0,53.0,49.0,220.0
20240101T1300,8.190246,39.96,41.0,90.0,41.0,21.0,196.0
20240101T1400,8.290245,34.2,27.0,66.0,22.0,27.0,128.0
20240101T1500,8.080246,29.16,24.0,31.0,24.0,19.0,78.0
20240101T1600,7.0102453,24.48,36.0,24.0,36.0,16.0,15.0
20240101T1700,5.7202454,21.96,40.0,27.0,40.0,10.0,0.0
20240101T1800,5.2602453,21.599998,30.000002,100.0,21.0,24.0,0.0
20240101T1900,5.420245,20.880001,30.000002,100.0,14.0,15.0,0.0
20240101T2000,5.110245,22.319998,30.000002,100.0,20.0,23.0,0.0
20240101T2100,5.3102455,23.4,30.000002,100.0,20.0,24.0,0.0
20240101T2200,5.6002455,24.48,56.0,100.0,56.0,36.0,0.0
20240101T2300,5.8302455,25.56,96.0,100.0,96.0,47.0,0.0
20240102T0000,6.1602454,27.359999,99.0,100.0,99.0,34.0,0.0
20240102T0100,6.6402454,31.319998,99.0,100.0,99.0,74.0,0.0
20240102T0200,7.3502455,36.36,100.0,100.0,100.0,66.0,0.0
20240102T0300,7.5702453,41.760002,100.0,100.0,100.0,79.0,0.0
20240102T0400,7.7202454,46.8,100.0,100.0,100.0,79.0,0.0
20240102T0500,7.960245,51.48,100.0,100.0,100.0,65.0,0.0
20240102T0600,8.350245,54.36,98.0,100.0,98.0,63.0,0.0
20240102T0700,8.590245,55.44,97.0,100.0,97.0,81.0,0.0
20240102T0800,8.820246,56.16,96.0,100.0,96.0,89.0,2.0
20240102T0900,9.110246,56.16,98.0,99.0,98.0,90.0,15.0
20240102T1000,9.270246,55.8,100.0,100.0,100.0,100.0,33.0
20240102T1100,9.8102455,54.719997,98.0,100.0,98.0,94.0,68.0
20240102T1200,9.890245,54.36,100.0,100.0,100.0,98.0,70.0
20240102T1300,9.820246,55.8,100.0,100.0,100.0,99.0,48.0
20240102T1400,9.690246,56.88,99.0,100.0,99.0,99.0,38.0
20240102T1500,9.670245,56.519997,100.0,100.0,100.0,97.0,22.0
20240102T1600,9.740245,59.039997,100.0,100.0,100.0,97.0,3.0
20240102T1700,9.930245,55.079998,100.0,100.0,100.0,63.0,0.0
20240102T1800,10.280245,74.159996,100.0,22.0,100.0,84.0,0.0
20240102T1900,10.590245,62.279995,97.0,0.0,97.0,87.0,0.0
20240102T2000,10.770246,65.520004,95.0,40.0,95.0,83.0,0.0
20240102T2100,10.940246,66.96,100.0,1.0,100.0,89.0,0.0
20240102T2200,11.170245,67.32,90.0,0.0,90.0,84.0,0.0
20240102T2300,11.150246,67.32,89.0,0.0,66.0,89.0,0.0
20240103T0000,10.960245,66.6,76.0,0.0,58.0,76.0,0.0
20240103T0100,10.930245,64.439995,84.0,0.0,63.0,84.0,0.0
20240103T0200,10.930245,58.32,95.0,0.0,92.0,95.0,0.0
20240103T0300,10.760245,60.839996,81.0,0.0,81.0,80.0,0.0
20240103T0400,10.670245,60.479996,68.0,0.0,61.0,68.0,0.0
20240103T0500,10.670245,59.399998,69.0,0.0,69.0,54.0,0.0
20240103T0600,10.630245,59.399998,74.0,0.0,62.0,74.0,0.0
20240103T0700,10.520246,67.67999,78.0,0.0,30.0,78.0,0.0
20240103T0800,10.790245,56.88,72.0,1.0,58.0,72.0,8.0
20240103T0900,11.270246,57.6,71.0,0.0,70.0,71.0,56.0
20240103T1000,11.630245,58.679996,67.0,1.0,60.0,67.0,97.0
20240103T1100,11.880245,60.479996,77.0,0.0,77.0,74.0,119.0
20240103T1200,12.270246,67.67999,68.0,0.0,68.0,34.0,177.0
20240103T1300,12.360246,63.72,59.0,0.0,59.0,34.0,105.0
20240103T1400,12.230246,69.12,61.0,0.0,61.0,43.0,64.0
20240103T1500,11.680245,72.0,77.0,0.0,77.0,21.0,56.0
20240103T1600,11.340245,73.079994,82.0,21.0,82.0,33.0,11.0
20240103T1700,11.000245,78.479996,51.0,60.0,44.0,51.0,0.0
20240103T1800,10.100245,81.0,80.0,25.0,47.0,80.0,0.0
20240103T1900,9.920245,80.28,53.0,15.0,43.0,53.0,0.0
20240103T2000,10.000245,67.32,60.0,14.0,60.0,52.0,0.0
20240103T2100,9.880245,66.96,74.0,14.0,47.0,74.0,0.0
20240103T2200,9.600245,59.399998,73.0,1.0,56.0,73.0,0.0
20240103T2300,9.540245,58.679996,77.0,14.0,62.0,77.0,0.0
20240104T0000,9.330245,58.32,82.0,13.0,71.0,82.0,0.0
20240104T0100,9.160245,57.6,92.0,7.0,78.0,92.0,0.0
20240104T0200,8.980246,57.96,89.0,10.0,63.0,89.0,0.0
20240104T0300,8.760245,56.88,68.0,4.0,48.0,68.0,0.0
20240104T0400,8.490246,55.44,71.0,0.0,39.0,71.0,0.0
20240104T0500,8.360246,51.839996,55.0,0.0,38.0,55.0,0.0
20240104T0600,8.480246,50.039997,69.0,0.0,44.0,69.0,0.0
20240104T0700,8.330246,47.88,65.0,0.0,43.0,65.0,0.0
20240104T0800,8.350245,45.0,70.0,0.0,34.0,70.0,7.0
20240104T0900,8.480246,42.48,69.0,24.0,29.0,69.0,65.0
20240104T1000,8.730246,47.88,70.0,28.0,36.0,70.0,117.0
20240104T1100,9.210245,44.639996,89.0,0.0,50.0,89.0,162.0
20240104T1200,9.740245,46.44,65.0,9.0,53.0,65.0,209.0
20240104T1300,9.940246,44.28,38.0,62.0,36.0,38.0,178.0
20240104T1400,9.890245,39.6,36.0,88.0,36.0,36.0,151.0
20240104T1500,9.380245,36.0,28.800001,96.0,23.0,28.0,85.0
20240104T1600,7.3902454,25.919998,27.6,92.0,5.0,9.0,17.0
20240104T1700,8.090245,20.16,29.1,97.0,15.0,5.0,0.0
20240104T1800,5.480245,14.4,30.000002,100.0,16.0,3.0,0.0
20240104T1900,5.1202455,16.56,29.1,97.0,10.0,0.0,0.0
20240104T2000,4.7602453,16.919998,29.7,99.0,22.0,0.0,0.0
20240104T2100,4.2402453,18.359999,29.400002,98.0,27.0,0.0,0.0
20240104T2200,3.9602456,18.359999,65.0,98.0,65.0,1.0,0.0
20240104T2300,4.0502453,18.72,63.0,100.0,63.0,0.0,0.0
20240105T0000,4.150245,19.08,56.0,98.0,56.0,0.0,0.0
20240105T0100,4.3302455,19.44,70.0,92.0,70.0,0.0,0.0
20240105T0200,4.380245,19.8,30.0,79.0,30.0,3.0,0.0
20240105T0300,4.4402456,19.44,27.000002,90.0,9.0,9.0,0.0
20240105T0400,4.770245,19.44,45.0,91.0,45.0,24.0,0.0
20240105T0500,5.0502453,19.08,61.0,98.0,61.0,34.0,0.0
20240105T0600,5.5602455,18.0,59.0,98.0,59.0,15.0,0.0
20240105T0700,5.8902454,20.16,76.0,100.0,76.0,15.0,0.0
20240105T0800,5.8902454,19.08,92.0,100.0,92.0,34.0,6.0
20240105T0900,6.5902452,17.64,99.0,100.0,99.0,40.0,36.0
20240105T1000,6.900245,17.64,91.0,100.0,91.0,68.0,67.0
20240105T1100,7.4302454,16.56,98.0,100.0,98.0,33.0,99.0
20240105T1200,7.900245,14.759999,100.0,100.0,100.0,47.0,113.0
20240105T1300,8.240246,11.879999,100.0,100.0,100.0,58.0,105.0
20240105T1400,8.280246,10.799999,99.0,97.0,99.0,59.0,64.0
20240105T1500,8.090245,9.0,91.0,100.0,91.0,41.0,39.0
20240105T1600,7.420245,9.36,78.0,100.0,78.0,52.0,10.0
20240105T1700,7.110245,10.799999,71.0,100.0,71.0,48.0,0.0
20240105T1800,6.4902453,10.440001,78.0,100.0,78.0,65.0,0.0
20240105T1900,5.9702454,10.08,84.0,100.0,72.0,84.0,0.0
20240105T2000,5.650245,7.5599995,71.0,100.0,71.0,66.0,0.0
20240105T2100,5.860245,7.2,74.0,100.0,72.0,74.0,0.0
20240105T2200,5.9502454,9.72,83.0,100.0,83.0,49.0,0.0
20240105T2300,5.790245,10.440001,61.0,100.0,61.0,46.0,0.0
20240106T0000,5.7402453,12.599999,88.0,87.0,88.0,30.0,0.0
20240106T0100,5.630245,13.679999,95.0,87.0,95.0,17.0,0.0
20240106T0200,5.4102454,14.04,99.0,93.0,99.0,10.0,0.0
20240106T0300,5.210245,12.959999,100.0,91.0,100.0,17.0,0.0
20240106T0400,5.040245,11.879999,100.0,86.0,100.0,28.0,0.0
20240106T0500,4.920245,11.879999,100.0,85.0,100.0,51.0,0.0
20240106T0600,4.8502455,11.879999,98.0,85.0,98.0,57.0,0.0
20240106T0700,4.5802455,10.08,97.0,69.0,97.0,68.0,0.0
20240106T0800,4.6602454,9.36,92.0,69.0,92.0,79.0,3.0
20240106T0900,5.2002454,9.0,91.0,45.0,91.0,82.0,16.0
20240106T1000,5.5602455,12.599999,97.0,48.0,97.0,78.0,49.0
20240106T1100,5.980245,14.759999,63.0,32.0,63.0,47.0,64.0
20240106T1200,6.2602453,15.4800005,54.0,56.0,54.0,45.0,76.0
20240106T1300,6.2602453,17.64,40.0,100.0,30.0,40.0,114.0
20240106T1400,6.0702453,18.0,49.0,99.0,39.0,49.0,89.0
20240106T1500,5.860245,16.199999,73.0,100.0,73.0,69.0,36.0
20240106T1600,5.4702454,11.879999,87.0,99.0,74.0,87.0,11.0
20240106T1700,5.210245,10.440001,91.0,100.0,71.0,91.0,0.0
20240106T1800,5.1602454,11.5199995,92.0,99.0,67.0,92.0,0.0
20240106T1900,5.1202455,11.5199995,94.0,99.0,77.0,94.0,0.0
20240106T2000,4.960245,12.24,95.0,95.0,80.0,95.0,0.0
20240106T2100,4.790245,13.32,97.0,90.0,84.0,97.0,0.0
20240106T2200,4.730245,13.679999,97.0,88.0,97.0,87.0,0.0
20240106T2300,4.6002455,16.199999,96.0,88.0,96.0,92.0,0.0
20240107T0000,4.5702453,20.16,96.0,89.0,96.0,96.0,0.0
20240107T0100,4.4902453,23.039999,100.0,81.0,99.0,100.0,0.0
20240107T0200,4.3302455,25.919998,100.0,91.0,99.0,100.0,0.0
20240107T0300,4.1902456,28.44,99.0,92.0,99.0,99.0,0.0
20240107T0400,4.0902452,30.239998,100.0,93.0,96.0,100.0,0.0
20240107T0500,3.8402452,30.239998,100.0,94.0,87.0,100.0,0.0
20240107T0600,3.6002455,29.88,100.0,98.0,86.0,100.0,0.0
20240107T0700,3.4702454,26.28,99.0,99.0,94.0,99.0,0.0
20240107T0800,3.4102454,28.08,99.0,98.0,96.0,99.0,4.0
20240107T0900,3.5402455,29.88,100.0,99.0,97.0,100.0,14.0
20240107T1000,4.1002455,33.839996,91.0,100.0,88.0,91.0,49.0
20240107T1100,4.3702455,35.64,96.0,97.0,82.0,96.0,89.0
20240107T1200,4.7402453,37.8,83.0,99.0,83.0,65.0,116.0
20240107T1300,4.730245,39.6,93.0,95.0,93.0,48.0,96.0
20240107T1400,4.5402455,39.239998,93.0,90.0,93.0,36.0,84.0
20240107T1500,4.0402455,36.36,90.0,99.0,90.0,69.0,42.0
20240107T1600,3.4702454,36.0,92.0,98.0,89.0,92.0,9.0
20240107T1700,2.7902455,35.64,93.0,98.0,93.0,92.0,0.0
20240107T1800,2.2102454,35.28,97.0,98.0,95.0,97.0,0.0
20240107T1900,1.7202454,36.36,97.0,100.0,97.0,94.0,0.0
20240107T2000,1.3402455,37.079998,96.0,98.0,96.0,89.0,0.0
20240107T2100,0.9502454,35.64,95.0,92.0,95.0,77.0,0.0
20240107T2200,0.4902454,35.28,97.0,77.0,97.0,78.0,0.0
20240107T2300,0.080245405,34.2,85.0,51.0,85.0,70.0,0.0
20240108T0000,-0.35975462,33.48,64.0,70.0,61.0,64.0,0.0
20240108T0100,-0.72975457,33.48,83.0,91.0,83.0,61.0,0.0
20240108T0200,-0.9597546,33.12,90.0,98.0,90.0,64.0,0.0
20240108T0300,-1.1597546,32.399998,93.0,92.0,93.0,58.0,0.0
20240108T0400,-1.1797546,32.399998,92.0,96.0,92.0,60.0,0.0
20240108T0500,-1.1897546,33.839996,97.0,94.0,97.0,63.0,0.0
20240108T0600,-1.1797546,33.48,88.0,97.0,88.0,65.0,0.0
20240108T0700,-1.1797546,31.68,93.0,97.0,93.0,65.0,0.0
20240108T0800,-1.0897546,31.319998,81.0,97.0,81.0,51.0,7.0
20240108T0900,-0.9497546,32.039997,86.0,99.0,86.0,38.0,51.0
20240108T1000,-0.7197546,36.0,95.0,98.0,95.0,64.0,115.0
20240108T1100,-0.61975455,36.719997,95.0,98.0,95.0,85.0,151.0
20240108T1200,-0.3797546,37.079998,92.0,94.0,79.0,92.0,180.0
20240108T1300,-0.28975457,37.8,96.0,94.0,74.0,96.0,173.0
20240108T1400,-0.2697546,37.079998,96.0,84.0,66.0,96.0,145.0
20240108T1500,-0.34975457,35.64,91.0,88.0,73.0,91.0,85.0
20240108T1600,-0.5697546,31.319998,64.0,82.0,55.0,64.0,20.0
20240108T1700,-0.76975465,28.08,72.0,59.0,49.0,72.0,0.0
20240108T1800,-0.9597546,26.64,76.0,13.0,43.0,76.0,0.0
20240108T1900,-1.0797546,26.28,76.0,10.0,39.0,76.0,0.0
20240108T2000,-0.98975456,25.919998,63.0,0.0,35.0,63.0,0.0
20240108T2100,-1.0197546,26.28,63.0,5.0,5.0,63.0,0.0
20240108T2200,-0.9597546,27.0,79.0,52.0,36.0,79.0,0.0
20240108T2300,-1.0397546,27.0,77.0,61.0,23.0,77.0,0.0
20240109T0000,-1.1997546,25.919998,65.0,48.0,7.0,65.0,0.0
20240109T0100,-1.5697545,24.48,71.0,61.0,8.0,71.0,0.0
20240109T0200,-1.9097546,21.96,53.0,70.0,10.0,53.0,0.0
20240109T0300,-2.1097546,20.16,50.0,57.0,14.0,50.0,0.0
20240109T0400,-2.6397548,18.359999,53.0,58.0,18.0,53.0,0.0
20240109T0500,-2.7997546,16.919998,50.0,60.0,11.0,50.0,0.0
20240109T0600,-2.8797545,16.919998,47.0,45.0,9.0,47.0,0.0
20240109T0700,-2.9797544,18.72,33.0,42.0,14.0,33.0,0.0
20240109T0800,-2.9897547,16.919998,40.0,28.0,10.0,40.0,11.0
20240109T0900,-2.8297548,19.08,25.0,1.0,8.0,25.0,77.0
20240109T1000,-2.7397547,19.8,51.0,0.0,51.0,46.0,138.0
20240109T1100,-2.4497547,20.16,65.0,1.0,65.0,13.0,192.0
20240109T1200,-2.1897545,19.8,87.0,57.0,87.0,28.0,221.0
20240109T1300,-1.9597546,19.08,96.0,94.0,96.0,16.0,211.0
20240109T1400,-1.8497547,17.64,98.0,94.0,98.0,33.0,155.0
20240109T1500,-1.9097546,16.56,97.0,95.0,97.0,40.0,91.0
20240109T1600,-2.7297544,11.879999,98.0,96.0,98.0,13.0,19.0
20240109T1700,-2.5297546,10.440001,100.0,92.0,100.0,10.0,0.0
20240109T1800,-2.3197546,9.36,100.0,94.0,100.0,55.0,0.0
20240109T1900,-2.5497546,11.5199995,100.0,90.0,100.0,54.0,0.0
20240109T2000,-2.6197548,10.440001,100.0,95.0,100.0,42.0,0.0
20240109T2100,-2.4497547,10.08,100.0,90.0,100.0,27.0,0.0
20240109T2200,-2.5597544,10.08,97.0,88.0,97.0,4.0,0.0
20240109T2300,-2.6297545,9.36,93.0,74.0,93.0,5.0,0.0
20240110T0000,-2.6497545,9.0,94.0,69.0,94.0,14.0,0.0
20240110T0100,-2.7097545,8.28,95.0,21.0,95.0,46.0,0.0
20240110T0200,-2.8797545,8.28,82.0,13.0,82.0,73.0,0.0
20240110T0300,-2.7497544,9.0,73.0,2.0,69.0,73.0,0.0
20240110T0400,-2.8797545,9.72,69.0,0.0,63.0,69.0,0.0
20240110T0500,-3.0297546,10.08,61.0,0.0,43.0,61.0,0.0
20240110T0600,-3.2197547,10.799999,42.0,1.0,42.0,11.0,0.0
20240110T0700,-3.3897548,10.799999,9.6,32.0,7.0,5.0,0.0
20240110T0800,-3.2197547,10.440001,19.5,65.0,14.0,4.0,12.0
20240110T0900,-2.3397546,11.159999,46.0,90.0,46.0,2.0,85.0
20240110T1000,-1.3397546,13.32,70.0,97.0,70.0,56.0,171.0
20240110T1100,-0.4297546,14.4,78.0,97.0,78.0,24.0,257.0
20240110T1200,0.23024541,14.04,83.0,97.0,83.0,6.0,293.0
20240110T1300,0.8202454,13.32,86.0,97.0,86.0,9.0,278.0
20240110T1400,0.9502454,13.32,90.0,92.0,90.0,1.0,213.0
20240110T1500,0.100245416,11.5199995,35.0,47.0,35.0,5.0,118.0
20240110T1600,-1.3197546,11.5199995,10.8,36.0,1.0,2.0,28.0
20240110T1700,-2.1197548,13.32,3.6000001,12.0,0.0,2.0,0.0
20240110T1800,-2.0697546,14.04,3.3000002,11.0,0.0,1.0,0.0
20240110T1900,-2.1897545,16.919998,3.3000002,11.0,0.0,0.0,0.0
20240110T2000,-2.5497546,13.679999,1.2,4.0,0.0,0.0,0.0
20240110T2100,-2.8097544,14.04,1.8000001,6.0,0.0,0.0,0.0
20240110T2200,-2.9097548,14.4,14.0,0.0,0.0,14.0,0.0
20240110T2300,-3.1097546,14.759999,3.0,6.0,0.0,3.0,0.0
20240111T0000,-3.3197546,15.119999,4.5,15.0,1.0,4.0,0.0
20240111T0100,-3.3797545,15.119999,6.6000004,22.0,1.0,5.0,0.0
20240111T0200,-3.519755,14.759999,8.0,23.0,1.0,8.0,0.0
20240111T0300,-3.5397549,14.4,6.0,9.0,0.0,6.0,0.0
20240111T0400,-3.4497547,14.04,12.0,0.0,0.0,12.0,0.0
20240111T0500,-4.0097547,13.32,14.0,0.0,0.0,14.0,0.0
20240111T0600,-4.1097546,12.959999,14.0,0.0,0.0,14.0,0.0
20240111T0700,-4.369755,14.4,14.0,0.0,0.0,14.0,0.0
20240111T0800,-3.8697548,15.119999,12.0,0.0,0.0,12.0,15.0
20240111T0900,-2.4897547,16.919998,14.0,0.0,0.0,14.0,105.0
20240111T1000,-3.6697545,16.919998,27.0,0.0,0.0,27.0,214.0
20240111T1100,-2.1897545,17.64,17.0,0.0,0.0,17.0,289.0
20240111T1200,-1.4197546,20.16,13.0,0.0,0.0,13.0,309.0
20240111T1300,-0.8197546,20.880001,11.0,0.0,0.0,11.0,296.0
20240111T1400,-0.97975457,20.519999,8.0,0.0,0.0,8.0,227.0
20240111T1500,-2.3597546,18.72,11.0,0.0,0.0,11.0,140.0
20240111T1600,-2.8797545,18.359999,7.0,0.0,0.0,7.0,34.0
20240111T1700,-4.309755,20.880001,5.0,0.0,0.0,5.0,0.0
20240111T1800,-4.1297545,20.880001,7.0,0.0,0.0,7.0,0.0
20240111T1900,-5.0697546,17.64,5.0,0.0,0.0,5.0,0.0
20240111T2000,-4.8597546,16.199999,2.0,0.0,0.0,2.0,0.0
20240111T2100,-4.459755,15.4800005,0.0,0.0,0.0,0.0,0.0
20240111T2200,-4.559755,14.759999,2.0,0.0,0.0,2.0,0.0
20240111T2300,-4.829755,14.759999,1.0,0.0,0.0,1.0,0.0
20240112T0000,-5.1897545,14.4,0.0,0.0,0.0,0.0,0.0
20240112T0100,-5.309755,14.759999,0.0,0.0,0.0,0.0,0.0
20240112T0200,-5.4897547,14.759999,0.0,0.0,0.0,0.0,0.0
20240112T0300,-5.559755,14.4,0.0,0.0,0.0,0.0,0.0
20240112T0400,-5.639755,14.04,3.0,0.0,0.0,3.0,0.0
20240112T0500,-6.1097546,14.04,2.0,0.0,0.0,2.0,0.0
20240112T0600,-6.4697547,14.04,6.0,0.0,0.0,6.0,0.0
20240112T0700,-6.389755,15.119999,4.0,0.0,0.0,4.0,0.0
20240112T0800,-5.209755,14.04,3.0,0.0,0.0,3.0,16.0
20240112T0900,-3.5397549,14.04,1.0,0.0,0.0,1.0,115.0
20240112T1000,-2.9297547,12.959999,16.0,0.0,0.0,16.0,224.0
20240112T1100,-3.6797547,14.759999,19.0,0.0,0.0,19.0,303.0
20240112T1200,-2.6397548,16.199999,14.0,0.0,0.0,14.0,335.0
20240112T1300,-2.0997548,16.56,13.0,0.0,0.0,13.0,315.0
20240112T1400,-2.2197547,16.199999,8.0,0.0,0.0,8.0,251.0
20240112T1500,-2.8197546,15.4800005,5.0,0.0,0.0,5.0,144.0
20240112T1600,-3.8997545,15.119999,5.0,0.0,0.0,5.0,35.0
20240112T1700,-4.289755,15.4800005,3.0,0.0,0.0,3.0,0.0
20240112T1800,-3.769755,14.4,1.0,0.0,0.0,1.0,0.0
20240112T1900,-4.3997545,13.679999,2.0,0.0,0.0,2.0,0.0
20240112T2000,-4.6097546,12.959999,3.0,0.0,0.0,3.0,0.0
20240112T2100,-4.3397546,12.24,5.0,0.0,0.0,5.0,0.0
20240112T2200,-5.1997547,12.599999,52.0,0.0,0.0,52.0,0.0
20240112T2300,-5.5697546,12.599999,36.0,0.0,0.0,36.0,0.0
20240113T0000,-5.289755,12.24,26.0,0.0,0.0,26.0,0.0
20240113T0100,-4.6597548,11.879999,33.0,0.0,0.0,33.0,0.0
20240113T0200,-4.7597547,11.159999,73.0,0.0,0.0,73.0,0.0
20240113T0300,-4.849755,10.440001,71.0,0.0,0.0,71.0,0.0
20240113T0400,-5.1697545,9.36,69.0,0.0,0.0,69.0,0.0
20240113T0500,-5.7197547,10.440001,69.0,0.0,0.0,69.0,0.0
20240113T0600,-6.119755,10.440001,69.0,0.0,0.0,69.0,0.0
20240113T0700,-6.039755,13.32,71.0,0.0,0.0,71.0,0.0
20240113T0800,-7.249755,11.5199995,68.0,0.0,0.0,68.0,14.0
20240113T0900,-7.269755,13.679999,27.0,0.0,0.0,27.0,83.0
20240113T1000,-5.0697546,14.04,34.0,0.0,0.0,34.0,206.0
20240113T1100,-3.9197545,14.04,21.0,0.0,0.0,21.0,270.0
20240113T1200,-2.9497547,12.599999,22.0,0.0,0.0,22.0,327.0
20240113T1300,-2.4497547,10.799999,15.0,0.0,0.0,15.0,310.0
20240113T1400,-2.0897546,10.799999,6.0,0.0,0.0,6.0,252.0
20240113T1500,-1.8897547,9.72,7.0,0.0,0.0,7.0,150.0
20240113T1600,-1.9797546,10.440001,4.0,0.0,0.0,4.0,38.0
20240113T1700,-3.769755,11.5199995,4.0,0.0,0.0,4.0,0.0
20240113T1800,-4.709755,12.599999,3.0,0.0,0.0,3.0,0.0
20240113T1900,-4.709755,16.199999,2.0,0.0,0.0,2.0,0.0
20240113T2000,-4.749755,13.679999,0.6,2.0,0.0,0.0,0.0
20240113T2100,-4.869755,13.32,1.0,0.0,0.0,1.0,0.0
20240113T2200,-4.8997545,12.959999,3.0,0.0,0.0,3.0,0.0
20240113T2300,-5.1497545,12.599999,2.0,2.0,0.0,2.0,0.0
20240114T0000,-5.269755,12.599999,6.0,13.0,0.0,6.0,0.0
20240114T0100,-5.619755,12.599999,11.0,18.0,0.0,11.0,0.0
20240114T0200,-6.099755,12.599999,20.0,6.0,0.0,20.0,0.0
20240114T0300,-6.349755,12.959999,13.0,1.0,0.0,13.0,0.0
20240114T0400,-6.499755,12.959999,18.0,0.0,0.0,18.0,0.0
20240114T0500,-6.459755,13.32,15.0,0.0,0.0,15.0,0.0
20240114T0600,-6.6597548,13.32,8.0,0.0,0.0,8.0,0.0
20240114T0700,-6.6297545,16.919998,11.0,6.0,0.0,11.0,0.0
20240114T0800,-6.079755,14.759999,7.0,17.0,0.0,7.0,18.0
20240114T0900,-4.829755,16.199999,10.0,15.0,0.0,10.0,122.0
20240114T1000,-5.209755,16.199999,6.0,0.0,0.0,6.0,237.0
20240114T1100,-2.8397546,15.119999,10.0,3.0,10.0,7.0,312.0
20240114T1200,-1.1997546,14.04,8.0,2.0,0.0,8.0,342.0
20240114T1300,-0.8097546,14.759999,1.0,0.0,1.0,1.0,315.0
20240114T1400,0.1202454,15.84,2.0,2.0,2.0,0.0,257.0
20240114T1500,-0.9197546,15.84,30.0,13.0,30.0,1.0,145.0
20240114T1600,-1.7597545,19.08,70.0,52.0,70.0,0.0,34.0
20240114T1700,-1.1197546,19.8,68.0,46.0,68.0,0.0,0.0
20240114T1800,-0.75975454,20.519999,65.0,42.0,65.0,0.0,0.0
20240114T1900,-0.48975456,22.319998,73.0,50.0,73.0,0.0,0.0
20240114T2000,-0.6797546,20.880001,54.0,30.0,54.0,1.0,0.0
20240114T2100,-0.3097546,20.880001,51.0,23.0,51.0,2.0,0.0
20240114T2200,-0.51975465,19.8,19.0,6.0,19.0,5.0,0.0
20240114T2300,-0.49975455,19.44,16.0,11.0,16.0,10.0,0.0
20240115T0000,-1.0097545,18.72,17.0,34.0,10.0,17.0,0.0
20240115T0100,-1.0997546,18.0,34.0,26.0,9.0,34.0,0.0
20240115T0200,-1.0197546,18.0,57.0,11.0,14.0,57.0,0.0
20240115T0300,-1.1397547,18.0,68.0,2.0,25.0,68.0,0.0
20240115T0400,-0.61975455,16.919998,73.0,0.0,32.0,73.0,0.0
20240115T0500,-0.62975454,16.199999,79.0,0.0,27.0,79.0,0.0
20240115T0600,-0.4297546,15.119999,71.0,0.0,24.0,71.0,0.0
20240115T0700,-1.0897546,16.199999,49.0,0.0,16.0,49.0,0.0
20240115T0800,-1.0097545,17.28,46.0,0.0,18.0,46.0,13.0
20240115T0900,-0.34975457,19.44,41.0,0.0,25.0,41.0,80.0
20240115T1000,1.5202454,25.199999,57.0,0.0,40.0,57.0,166.0
20240115T1100,2.0202456,31.319998,68.0,0.0,55.0,68.0,225.0
20240115T1200,2.1202455,37.44,86.0,0.0,78.0,86.0,258.0
20240115T1300,2.0402455,38.88,79.0,0.0,79.0,58.0,200.0
20240115T1400,1.9802454,37.079998,84.0,0.0,84.0,68.0,156.0
20240115T1500,1.7302454,34.2,90.0,0.0,90.0,90.0,74.0
20240115T1600,1.5102453,29.88,49.0,0.0,45.0,49.0,26.0
20240115T1700,1.1102455,27.359999,51.0,0.0,33.0,51.0,0.0
20240115T1800,0.5902454,24.84,48.0,0.0,39.0,48.0,0.0
20240115T1900,-0.46975458,20.880001,53.0,5.0,36.0,53.0,0.0
20240115T2000,-0.8497546,19.08,53.0,6.0,18.0,53.0,0.0
20240115T2100,-2.4797544,15.4800005,60.0,11.0,8.0,60.0,0.0
20240115T2200,-1.6297547,14.4,60.0,9.0,4.0,60.0,0.0
20240115T2300,-2.8997545,12.959999,66.0,20.0,3.0,66.0,0.0
20240116T0000,-3.7797546,12.599999,66.0,15.0,2.0,66.0,0.0
20240116T0100,-4.2797546,12.24,59.0,31.0,1.0,59.0,0.0
20240116T0200,-5.209755,11.159999,48.0,59.0,0.0,48.0,0.0
20240116T0300,-5.8997545,10.799999,36.0,80.0,0.0,36.0,0.0
20240116T0400,-6.3197546,10.440001,30.0,83.0,0.0,30.0,0.0
20240116T0500,-6.6297545,10.440001,23.7,79.0,0.0,23.0,0.0
20240116T0600,-6.9097548,10.08,26.1,87.0,0.0,21.0,0.0
20240116T0700,-6.6697545,11.5199995,27.6,92.0,0.0,24.0,0.0
20240116T0800,-5.789755,11.5199995,27.300001,91.0,3.0,16.0,16.0
20240116T0900,-3.5497546,12.599999,17.400002,58.0,0.0,11.0,112.0
20240116T1000,-2.2397547,13.32,11.400001,38.0,1.0,6.0,207.0
20240116T1100,-0.6797546,12.959999,11.700001,39.0,0.0,8.0,270.0
20240116T1200,0.5402454,12.959999,9.0,11.0,0.0,9.0,337.0
20240116T1300,1.4602454,12.24,3.0,0.0,0.0,3.0,328.0
20240116T1400,1.8202454,9.72,8.0,0.0,0.0,8.0,266.0
20240116T1500,1.5902454,7.2,26.400002,88.0,0.0,4.0,164.0
20240116T1600,0.9502454,6.8399997,26.400002,88.0,2.0,5.0,46.0
20240116T1700,-2.0797548,9.36,42.0,62.0,42.0,2.0,0.0
20240116T1800,-3.6297545,12.24,75.0,100.0,75.0,2.0,0.0
20240116T1900,-3.3697548,11.879999,45.0,100.0,45.0,7.0,0.0
20240116T2000,-2.4497547,12.24,52.0,100.0,52.0,44.0,0.0
20240116T2100,-1.6697546,14.4,83.0,100.0,72.0,83.0,0.0
20240116T2200,-1.1897546,15.84,93.0,15.0,88.0,93.0,0.0
20240116T2300,-0.9697546,16.199999,98.0,99.0,98.0,96.0,0.0
20240117T0000,-0.6697546,16.56,100.0,100.0,100.0,96.0,0.0
20240117T0100,-0.49975455,17.28,100.0,100.0,97.0,100.0,0.0
20240117T0200,-0.24975461,17.28,100.0,100.0,100.0,73.0,0.0
20240117T0300,0.040245414,18.359999,99.0,100.0,99.0,48.0,0.0
20240117T0400,0.2702454,19.8,96.0,100.0,96.0,29.0,0.0
20240117T0500,0.6602454,20.519999,99.0,100.0,99.0,74.0,0.0
20240117T0600,0.89024544,21.24,100.0,100.0,100.0,98.0,0.0
20240117T0700,1.4902453,23.4,100.0,99.0,100.0,100.0,0.0
20240117T0800,1.9902455,24.84,100.0,97.0,100.0,100.0,2.0
20240117T0900,2.5402455,57.6,99.0,98.0,96.0,99.0,20.0
20240117T1000,2.5102453,54.36,96.0,99.0,96.0,95.0,35.0
20240117T1100,4.150245,50.399998,100.0,98.0,99.0,100.0,49.0
20240117T1200,5.7002454,33.48,75.0,99.0,75.0,36.0,39.0
20240117T1300,8.210245,36.0,82.0,100.0,82.0,40.0,170.0
20240117T1400,9.760245,36.0,45.0,99.0,45.0,9.0,171.0
20240117T1500,10.200245,34.2,93.0,100.0,93.0,35.0,84.0
20240117T1600,10.160245,33.12,95.0,99.0,95.0,47.0,18.0
20240117T1700,10.200245,33.839996,99.0,100.0,99.0,49.0,0.0
20240117T1800,10.500245,33.839996,99.0,100.0,99.0,55.0,0.0
20240117T1900,10.530245,41.760002,94.0,99.0,94.0,36.0,0.0
20240117T2000,10.490245,38.519997,99.0,100.0,99.0,51.0,0.0
20240117T2100,10.710245,41.039997,100.0,100.0,100.0,71.0,0.0
20240117T2200,10.850245,46.44,93.0,100.0,93.0,61.0,0.0
20240117T2300,10.930245,41.399998,99.0,100.0,99.0,60.0,0.0
20240118T0000,10.870245,41.760002,100.0,100.0,100.0,88.0,0.0
20240118T0100,10.700245,39.6,88.0,100.0,87.0,88.0,0.0
20240118T0200,10.520246,34.2,94.0,98.0,94.0,80.0,0.0
20240118T0300,10.240245,31.319998,81.0,81.0,81.0,80.0,0.0
20240118T0400,9.500245,26.28,81.0,96.0,81.0,50.0,0.0
20240118T0500,9.410245,28.44,83.0,95.0,83.0,79.0,0.0
20240118T0600,10.130245,48.239998,99.0,96.0,89.0,99.0,0.0
20240118T0700,10.3102455,63.0,98.0,87.0,92.0,98.0,0.0
20240118T0800,10.580245,64.799995,100.0,97.0,91.0,100.0,5.0
20240118T0900,10.640245,55.079998,98.0,97.0,88.0,98.0,15.0
20240118T1000,10.500245,51.48,100.0,94.0,96.0,100.0,50.0
20240118T1100,9.950245,55.079998,100.0,92.0,97.0,100.0,53.0
20240118T1200,8.990245,40.68,100.0,88.0,99.0,100.0,47.0
20240118T1300,6.0702453,41.399998,100.0,96.0,100.0,99.0,26.0
20240118T1400,2.9402456,41.039997,100.0,98.0,100.0,96.0,19.0
20240118T1500,1.3302454,38.88,99.0,100.0,99.0,79.0,13.0
20240118T1600,1.2102454,30.599998,85.0,96.0,85.0,77.0,5.0
20240118T1700,1.1602454,22.319998,95.0,94.0,95.0,81.0,0.0
20240118T1800,1.0802454,20.16,100.0,95.0,100.0,79.0,0.0
20240118T1900,0.9402454,20.519999,100.0,99.0,100.0,82.0,0.0
20240118T2000,0.6002454,20.16,98.0,100.0,98.0,72.0,0.0
20240118T2100,0.4002454,19.8,99.0,100.0,99.0,65.0,0.0
20240118T2200,0.16024542,18.72,97.0,100.0,97.0,72.0,0.0
20240118T2300,-0.05975461,18.0,88.0,100.0,88.0,64.0,0.0
20240119T0000,-0.3697546,18.359999,59.0,95.0,56.0,59.0,0.0
20240119T0100,-0.5797546,17.28,42.0,81.0,20.0,42.0,0.0
20240119T0200,-0.98975456,15.4800005,38.0,1.0,9.0,38.0,0.0
20240119T0300,-1.3097546,13.32,39.0,0.0,2.0,39.0,0.0
20240119T0400,-1.4697546,12.24,44.0,0.0,0.0,44.0,0.0
20240119T0500,-2.2497544,11.5199995,40.0,0.0,0.0,40.0,0.0
20240119T0600,-2.5597544,10.799999,45.0,0.0,0.0,45.0,0.0
20240119T0700,-3.1097546,12.24,53.0,0.0,0.0,53.0,0.0
20240119T0800,-2.1197548,10.440001,55.0,0.0,0.0,55.0,15.0
20240119T0900,-1.1097546,10.08,53.0,0.0,0.0,53.0,89.0
20240119T1000,0.060245395,12.599999,63.0,0.0,0.0,63.0,161.0
20240119T1100,0.9402454,15.84,67.0,0.0,0.0,67.0,258.0
20240119T1200,1.2602453,16.56,81.0,0.0,0.0,81.0,273.0
20240119T1300,1.4202454,16.56,84.0,0.0,0.0,84.0,207.0
20240119T1400,1.3902454,16.919998,73.0,0.0,0.0,73.0,224.0
20240119T1500,1.1002455,16.56,43.0,0.0,0.0,43.0,154.0
20240119T1600,-0.47975457,14.4,19.0,0.0,0.0,19.0,50.0
20240119T1700,-1.6797546,14.4,6.0,0.0,0.0,6.0,0.0
20240119T1800,-2.6697545,14.759999,3.0,0.0,0.0,3.0,0.0
20240119T1900,-3.3697548,14.759999,1.0,0.0,0.0,1.0,0.0
20240119T2000,-3.5097547,14.4,0.0,0.0,0.0,0.0,0.0
20240119T2100,-3.6397548,14.4,0.0,0.0,0.0,0.0,0.0
20240119T2200,-4.499755,14.4,0.0,0.0,0.0,0.0,0.0
20240119T2300,-4.8597546,14.4,0.0,0.0,0.0,0.0,0.0
20240120T0000,-5.1697545,14.759999,1.0,0.0,0.0,1.0,0.0
20240120T0100,-5.3597546,14.759999,0.0,0.0,0.0,0.0,0.0
20240120T0200,-5.269755,14.759999,0.0,0.0,0.0,0.0,0.0
20240120T0300,-5.4097548,14.759999,0.0,0.0,0.0,0.0,0.0
20240120T0400,-5.579755,15.119999,0.0,0.0,0.0,0.0,0.0
20240120T0500,-5.7797546,15.119999,0.0,0.0,0.0,0.0,0.0
20240120T0600,-5.9197545,15.84,1.0,0.0,0.0,1.0,0.0
20240120T0700,-6.249755,16.919998,5.0,0.0,0.0,5.0,0.0
20240120T0800,-5.059755,15.119999,12.0,0.0,0.0,12.0,23.0
20240120T0900,-3.2497544,14.759999,9.0,0.0,0.0,9.0,130.0
20240120T1000,-1.7897545,16.56,14.0,0.0,0.0,14.0,244.0
20240120T1100,-0.7197546,18.72,5.0,0.0,0.0,5.0,321.0
20240120T1200,0.4402454,19.8,4.0,0.0,0.0,4.0,359.0
20240120T1300,1.2702454,19.44,2.0,1.0,0.0,2.0,347.0
20240120T1400,1.5202454,17.64,2.0,3.0,0.0,2.0,279.0
20240120T1500,0.6502454,13.679999,7.0,2.0,0.0,7.0,176.0
20240120T1600,-0.62975454,12.959999,3.6000001,12.0,0.0,2.0,55.0
20240120T1700,-2.8097544,12.599999,6.6000004,22.0,0.0,1.0,0.0
20240120T1800,-3.1997547,12.599999,18.900002,63.0,0.0,0.0,0.0
20240120T1900,-3.3097544,13.32,23.1,77.0,0.0,0.0,0.0
20240120T2000,-3.4497547,12.599999,5.1000004,17.0,0.0,0.0,0.0
20240120T2100,-3.9197545,12.24,0.3,1.0,0.0,0.0,0.0
20240120T2200,-4.349755,13.679999,2.0,0.0,0.0,2.0,0.0
20240120T2300,-5.079755,14.4,11.0,0.0,0.0,11.0,0.0
20240121T0000,-5.3797545,15.119999,14.0,0.0,0.0,14.0,0.0
20240121T0100,-5.119755,16.199999,15.0,17.0,0.0,15.0,0.0
20240121T0200,-5.119755,17.28,24.0,80.0,0.0,19.0,0.0
20240121T0300,-4.9697547,18.359999,21.300001,71.0,0.0,11.0,0.0
20240121T0400,-4.6097546,19.44,15.3,51.0,0.0,1.0,0.0
20240121T0500,-3.7897549,20.519999,30.000002,100.0,0.0,9.0,0.0
20240121T0600,-3.499755,21.24,30.000002,100.0,0.0,2.0,0.0
20240121T0700,-3.2997546,23.039999,29.7,99.0,0.0,14.0,0.0
20240121T0800,-2.5997548,23.759998,30.000002,100.0,10.0,2.0,17.0
20240121T0900,-1.1597546,25.56,30.000002,100.0,28.0,4.0,91.0
20240121T1000,0.6302454,25.919998,38.0,99.0,38.0,6.0,162.0
20240121T1100,2.4202454,25.199999,27.900002,93.0,0.0,1.0,192.0
20240121T1200,4.2702456,23.039999,3.9,13.0,0.0,0.0,312.0
20240121T1300,5.880245,22.68,0.0,0.0,0.0,0.0,343.0
20240121T1400,6.3202453,23.039999,0.0,0.0,0.0,0.0,279.0
20240121T1500,5.4502454,19.44,4.0,0.0,3.0,4.0,171.0
20240121T1600,3.3402452,19.8,16.0,6.0,15.0,16.0,57.0
20240121T1700,1.9102454,19.8,25.0,0.0,24.0,25.0,0.0
20240121T1800,0.9502454,20.880001,38.0,0.0,25.0,38.0,0.0
20240121T1900,0.5702454,23.039999,59.0,1.0,7.0,59.0,0.0
20240121T2000,0.5302454,23.4,71.0,20.0,5.0,71.0,0.0
20240121T2100,0.4402454,23.039999,65.0,21.0,0.0,65.0,0.0
20240121T2200,0.5502454,23.759998,79.0,28.0,4.0,79.0,0.0
20240121T2300,0.3702454,24.84,77.0,19.0,6.0,77.0,0.0
20240122T0000,0.9402454,26.28,66.0,5.0,1.0,66.0,0.0
20240122T0100,1.3602455,27.359999,34.0,20.0,1.0,34.0,0.0
20240122T0200,1.0402454,27.72,13.200001,44.0,0.0,13.0,0.0
20240122T0300,1.5802454,29.519999,21.6,72.0,0.0,2.0,0.0
20240122T0400,2.1102452,29.88,29.1,97.0,24.0,19.0,0.0
20240122T0500,2.9402456,29.88,82.0,98.0,82.0,26.0,0.0
20240122T0600,3.7202454,31.68,63.0,95.0,63.0,23.0,0.0
20240122T0700,5.0702453,39.6,29.400002,98.0,29.0,16.0,0.0
20240122T0800,6.6602454,42.12,79.0,98.0,79.0,45.0,12.0
20240122T0900,8.080246,46.44,93.0,94.0,93.0,83.0,38.0
20240122T1000,9.390245,47.519997,88.0,94.0,88.0,74.0,59.0
20240122T1100,9.470245,49.68,100.0,98.0,100.0,99.0,94.0
20240122T1200,9.0602455,49.68,100.0,100.0,100.0,100.0,73.0
20240122T1300,8.800245,49.68,99.0,100.0,99.0,99.0,50.0
20240122T1400,8.700245,49.68,100.0,100.0,99.0,100.0,25.0
20240122T1500,8.710245,48.6,100.0,100.0,100.0,100.0,17.0
20240122T1600,8.690246,57.96,100.0,100.0,100.0,100.0,6.0
20240122T1700,8.5602455,61.56,100.0,10.0,97.0,100.0,0.0
20240122T1800,8.740245,55.079998,96.0,0.0,91.0,96.0,0.0
20240122T1900,8.660245,61.56,94.0,0.0,85.0,94.0,0.0
20240122T2000,8.540245,48.239998,86.0,0.0,66.0,86.0,0.0
20240122T2100,8.380245,45.36,81.0,0.0,39.0,81.0,0.0
20240122T2200,8.150246,42.839996,84.0,0.0,26.0,84.0,0.0
20240122T2300,8.170245,40.68,93.0,0.0,38.0,93.0,0.0
20240123T0000,7.8302455,40.32,80.0,20.0,29.0,80.0,0.0
20240123T0100,7.7402453,44.639996,70.0,0.0,26.0,70.0,0.0
20240123T0200,7.5802455,44.28,61.0,0.0,32.0,61.0,0.0
20240123T0300,7.4502454,45.0,66.0,0.0,37.0,66.0,0.0
20240123T0400,7.3902454,47.16,68.0,0.0,23.0,68.0,0.0
20240123T0500,7.3902454,43.199997,73.0,0.0,20.0,73.0,0.0
20240123T0600,7.0102453,42.12,86.0,0.0,43.0,86.0,0.0
20240123T0700,6.750245,38.16,64.0,0.0,44.0,64.0,0.0
20240123T0800,6.880245,36.0,73.0,0.0,32.0,73.0,11.0
20240123T0900,7.3902454,33.839996,80.0,0.0,22.0,80.0,54.0
20240123T1000,8.170245,34.56,72.0,34.0,72.0,56.0,133.0
20240123T1100,8.610246,36.0,55.0,13.0,53.0,55.0,207.0
20240123T1200,8.990245,35.28,67.0,14.0,62.0,67.0,223.0
20240123T1300,8.910245,36.719997,97.0,90.0,97.0,54.0,208.0
20240123T1400,8.910245,34.56,100.0,83.0,100.0,40.0,114.0
20240123T1500,8.5602455,29.16,91.0,18.0,91.0,35.0,26.0
20240123T1600,8.480246,27.359999,96.0,68.0,96.0,20.0,13.0
20240123T1700,8.130245,25.199999,100.0,98.0,100.0,10.0,0.0
20240123T1800,7.9902453,27.359999,99.0,99.0,99.0,32.0,0.0
20240123T1900,8.270246,33.48,99.0,99.0,99.0,60.0,0.0
20240123T2000,8.430245,36.36,96.0,98.0,96.0,32.0,0.0
20240123T2100,9.010245,36.0,86.0,89.0,86.0,37.0,0.0
20240123T2200,9.300245,34.56,77.0,94.0,63.0,77.0,0.0
20240123T2300,9.610246,34.2,97.0,100.0,75.0,97.0,0.0
20240124T0000,10.160245,36.0,95.0,95.0,65.0,95.0,0.0
20240124T0100,10.730246,39.96,100.0,97.0,19.0,100.0,0.0
20240124T0200,11.3102455,42.48,100.0,95.0,26.0,100.0,0.0
20240124T0300,11.750245,45.719997,76.0,94.0,35.0,76.0,0.0
20240124T0400,11.960245,50.039997,86.0,96.0,35.0,86.0,0.0
20240124T0500,11.980246,52.199997,99.0,100.0,1.0,99.0,0.0
20240124T0600,12.100245,52.199997,100.0,99.0,0.0,100.0,0.0
20240124T0700,11.970245,54.0,95.0,95.0,23.0,95.0,0.0
20240124T0800,12.440246,54.36,95.0,86.0,29.0,95.0,10.0
20240124T0900,12.860246,54.719997,100.0,74.0,58.0,100.0,45.0
20240124T1000,13.240245,54.719997,98.0,95.0,84.0,98.0,55.0
20240124T1100,13.460245,53.639996,97.0,93.0,61.0,97.0,55.0
20240124T1200,13.720245,53.28,99.0,91.0,35.0,99.0,38.0
20240124T1300,13.920245,51.839996,99.0,83.0,48.0,99.0,51.0
20240124T1400,13.750245,50.039997,100.0,86.0,79.0,100.0,46.0
20240124T1500,13.260245,48.96,99.0,68.0,84.0,99.0,32.0
20240124T1600,12.760245,45.719997,99.0,91.0,85.0,99.0,12.0
20240124T1700,12.220245,41.760002,100.0,74.0,76.0,100.0,0.0
20240124T1800,11.370245,37.44,98.0,56.0,60.0,98.0,0.0
20240124T1900,10.970245,33.48,100.0,31.0,53.0,100.0,0.0
20240124T2000,10.790245,29.519999,97.0,39.0,56.0,97.0,0.0
20240124T2100,10.490245,33.12,99.0,21.0,89.0,99.0,0.0
20240124T2200,10.490245,32.399998,85.0,23.0,85.0,85.0,0.0
20240124T2300,10.5602455,31.319998,96.0,10.0,93.0,96.0,0.0
20240125T0000,10.470245,28.08,94.0,0.0,91.0,94.0,0.0
20240125T0100,10.430245,22.319998,95.0,0.0,90.0,95.0,0.0
20240125T0200,10.240245,21.24,97.0,0.0,74.0,97.0,0.0
20240125T0300,10.110246,18.359999,97.0,0.0,83.0,97.0,0.0
20240125T0400,10.0602455,15.4800005,100.0,0.0,87.0,100.0,0.0
20240125T0500,10.000245,14.4,100.0,0.0,100.0,100.0,0.0
20240125T0600,9.790245,13.679999,100.0,0.0,100.0,100.0,0.0
20240125T0700,9.530245,12.24,100.0,25.0,99.0,100.0,0.0
20240125T0800,9.630245,10.08,99.0,10.0,98.0,99.0,2.0
20240125T0900,9.920245,9.36,99.0,7.0,98.0,99.0,10.0
20240125T1000,10.530245,11.879999,100.0,22.0,91.0,100.0,24.0
20240125T1100,11.200245,12.959999,98.0,32.0,91.0,98.0,37.0
20240125T1200,11.770246,15.84,97.0,23.0,84.0,97.0,57.0
20240125T1300,12.040245,16.919998,94.0,15.0,75.0,94.0,55.0
20240125T1400,12.040245,16.199999,92.0,21.0,72.0,92.0,46.0
20240125T1500,12.000245,15.84,94.0,100.0,60.0,94.0,37.0
20240125T1600,11.390245,15.4800005,93.0,97.0,35.0,93.0,20.0
20240125T1700,10.700245,14.4,96.0,92.0,22.0,96.0,1.0
20240125T1800,10.140245,14.04,98.0,95.0,19.0,98.0,0.0
20240125T1900,10.500245,13.679999,94.0,90.0,10.0,94.0,0.0
20240125T2000,10.250245,13.679999,89.0,94.0,7.0,89.0,0.0
20240125T2100,9.990245,13.32,75.0,89.0,2.0,75.0,0.0
20240125T2200,9.800245,15.84,79.0,91.0,2.0,79.0,0.0
20240125T2300,9.620245,18.0,72.0,91.0,24.0,72.0,0.0
20240126T0000,9.510245,18.359999,66.0,89.0,45.0,66.0,0.0
20240126T0100,8.880245,17.28,44.0,85.0,42.0,44.0,0.0
20240126T0200,8.730246,14.759999,40.0,46.0,40.0,34.0,0.0
20240126T0300,8.630245,15.4800005,45.0,40.0,38.0,45.0,0.0
20240126T0400,8.440246,16.919998,53.0,40.0,33.0,53.0,0.0
20240126T0500,8.3102455,17.28,75.0,91.0,47.0,75.0,0.0
20240126T0600,8.340245,18.72,84.0,97.0,77.0,84.0,0.0
20240126T0700,8.8102455,21.24,89.0,95.0,67.0,89.0,0.0
20240126T0800,9.360246,21.599998,72.0,99.0,50.0,72.0,15.0
20240126T0900,10.220245,23.4,57.0,99.0,49.0,57.0,67.0
20240126T1000,11.100245,26.28,100.0,99.0,100.0,48.0,124.0
20240126T1100,11.630245,30.599998,100.0,99.0,100.0,100.0,103.0
20240126T1200,11.610246,33.839996,100.0,100.0,100.0,99.0,72.0
20240126T1300,11.600245,37.079998,100.0,97.0,100.0,100.0,32.0
20240126T1400,11.340245,39.6,99.0,86.0,99.0,98.0,25.0
20240126T1500,11.020246,39.239998,99.0,4.0,99.0,99.0,24.0
20240126T1600,10.750245,37.079998,100.0,28.0,92.0,100.0,13.0
20240126T1700,10.320246,32.760002,95.0,81.0,62.0,95.0,0.0
20240126T1800,9.3102455,26.28,75.0,74.0,36.0,75.0,0.0
20240126T1900,8.320246,20.880001,70.0,22.0,21.0,70.0,0.0
20240126T2000,7.3502455,15.4800005,84.0,0.0,7.0,84.0,0.0
20240126T2100,6.5302453,15.84,91.0,0.0,2.0,91.0,0.0
20240126T2200,5.4302454,14.759999,48.0,0.0,1.0,48.0,0.0
20240126T2300,4.7402453,12.599999,32.0,0.0,0.0,32.0,0.0
20240127T0000,3.6802454,11.879999,73.0,0.0,0.0,73.0,0.0
20240127T0100,3.0902452,10.08,85.0,0.0,0.0,85.0,0.0
20240127T0200,2.4502454,9.36,84.0,0.0,0.0,84.0,0.0
20240127T0300,1.9902455,9.0,84.0,0.0,0.0,84.0,0.0
20240127T0400,1.5402454,9.0,84.0,0.0,0.0,84.0,0.0
20240127T0500,1.1102455,8.64,100.0,0.0,0.0,100.0,0.0
20240127T0600,0.5502454,9.36,97.0,0.0,0.0,97.0,0.0
20240127T0700,0.070245415,12.599999,99.0,0.0,0.0,99.0,0.0
20240127T0800,0.64024544,14.04,75.0,0.0,0.0,75.0,22.0
20240127T0900,2.1902454,14.4,70.0,0.0,0.0,70.0,119.0
20240127T1000,3.9702454,14.759999,63.0,0.0,0.0,63.0,237.0
20240127T1100,5.6202455,15.119999,6.0,0.0,0.0,6.0,323.0
20240127T1200,7.0302453,15.4800005,4.0,0.0,0.0,4.0,371.0
20240127T1300,8.050245,15.84,1.0,1.0,0.0,1.0,360.0
20240127T1400,8.490246,16.199999,2.1000001,7.0,0.0,2.0,306.0
20240127T1500,8.160246,14.759999,13.200001,44.0,0.0,3.0,199.0
20240127T1600,5.650245,11.159999,27.900002,93.0,0.0,0.0,75.0
20240127T1700,4.5402455,12.24,28.2,94.0,10.0,0.0,2.0
20240127T1800,3.5802455,12.24,82.0,94.0,82.0,1.0,0.0
20240127T1900,3.1202455,12.599999,95.0,87.0,95.0,1.0,0.0
20240127T2000,3.1802454,12.959999,88.0,31.0,88.0,0.0,0.0
20240127T2100,2.6602454,14.759999,17.0,8.0,17.0,0.0,0.0
20240127T2200,1.7902454,15.119999,14.1,47.0,0.0,10.0,0.0
20240127T2300,1.1602454,14.759999,18.0,46.0,0.0,18.0,0.0
20240128T0000,0.9302454,13.32,22.0,29.0,0.0,22.0,0.0
20240128T0100,0.8702454,12.599999,25.0,16.0,0.0,25.0,0.0
20240128T0200,0.4202454,12.24,25.0,9.0,0.0,25.0,0.0
20240128T0300,0.2702454,11.879999,27.0,20.0,0.0,27.0,0.0
20240128T0400,0.4602454,11.5199995,22.0,27.0,0.0,22.0,0.0
20240128T0500,0.4402454,12.599999,18.0,10.0,0.0,18.0,0.0
20240128T0600,0.2102454,13.32,18.0,9.0,0.0,18.0,0.0
20240128T0700,0.070245415,16.199999,16.0,4.0,3.0,16.0,0.0
20240128T0800,0.6002454,17.28,17.0,0.0,5.0,17.0,30.0
20240128T0900,2.9902453,18.359999,13.0,0.0,13.0,4.0,126.0
20240128T1000,5.0802455,18.359999,46.0,0.0,14.0,46.0,254.0
20240128T1100,7.1002455,17.64,30.0,5.0,30.0,7.0,344.0
20240128T1200,8.890245,16.919998,5.0,1.0,5.0,5.0,382.0
20240128T1300,9.980246,15.119999,3.0,0.0,0.0,3.0,372.0
20240128T1400,10.730246,13.32,2.0,0.0,0.0,2.0,309.0
20240128T1500,10.260245,10.799999,4.0,0.0,2.0,4.0,199.0
20240128T1600,7.5302453,11.5199995,3.0,3.0,0.0,3.0,80.0
20240128T1700,5.2402453,12.959999,3.9,13.0,1.0,2.0,3.0
20240128T1800,3.7702456,14.4,9.3,31.0,8.0,0.0,0.0
20240128T1900,2.8002453,18.359999,11.400001,38.0,11.0,0.0,0.0
20240128T2000,2.2902455,18.0,11.700001,39.0,9.0,0.0,0.0
20240128T2100,1.8302454,18.0,13.200001,44.0,9.0,0.0,0.0
20240128T2200,1.5802454,17.64,17.7,59.0,17.0,10.0,0.0
20240128T2300,1.3702455,16.56,27.0,80.0,27.0,6.0,0.0
20240129T0000,1.3202454,16.56,26.1,87.0,13.0,1.0,0.0
20240129T0100,1.1702454,16.56,26.1,87.0,12.0,1.0,0.0
20240129T0200,1.0802454,16.919998,23.400002,78.0,16.0,1.0,0.0
20240129T0300,1.2002454,16.919998,23.0,76.0,23.0,0.0,0.0
20240129T0400,1.2702454,16.919998,21.0,69.0,21.0,1.0,0.0
20240129T0500,1.4802454,16.919998,33.0,80.0,33.0,0.0,0.0
20240129T0600,1.4602454,16.919998,29.0,82.0,29.0,1.0,0.0
20240129T0700,1.2602453,20.16,27.0,87.0,27.0,0.0,0.0
20240129T0800,1.8402454,19.08,44.0,97.0,44.0,1.0,31.0
20240129T0900,4.2902455,19.44,45.0,93.0,45.0,1.0,131.0
20240129T1000,7.1602454,18.72,26.400002,88.0,2.0,0.0,239.0
20240129T1100,9.490245,16.919998,26.400002,88.0,2.0,0.0,317.0
20240129T1200,11.360246,15.4800005,26.7,89.0,2.0,0.0,362.0
20240129T1300,12.590245,14.759999,25.2,84.0,8.0,0.0,361.0
20240129T1400,13.180245,14.4,27.0,67.0,27.0,0.0,293.0
20240129T1500,12.750245,13.679999,39.0,63.0,39.0,0.0,185.0
20240129T1600,9.620245,13.32,43.0,69.0,43.0,0.0,69.0
20240129T1700,7.2202454,15.119999,19.800001,66.0,11.0,0.0,3.0
20240129T1800,6.2002454,15.84,23.1,77.0,9.0,0.0,0.0
20240129T1900,5.2802453,19.8,21.300001,71.0,6.0,0.0,0.0
20240129T2000,4.400245,17.28,24.6,82.0,7.0,0.0,0.0
20240129T2100,3.5802455,17.28,24.6,82.0,9.0,0.0,0.0
20240129T2200,3.5102453,17.28,18.0,60.0,0.0,0.0,0.0
20240129T2300,2.9602456,17.28,19.2,64.0,9.0,0.0,0.0
20240130T0000,2.5502453,17.64,20.0,54.0,20.0,0.0,0.0
20240130T0100,2.6002455,17.64,22.5,75.0,20.0,0.0,0.0
20240130T0200,2.7602453,17.64,20.1,67.0,13.0,0.0,0.0
20240130T0300,2.5402455,17.28,20.400002,68.0,9.0,0.0,0.0
20240130T0400,2.3802454,17.28,15.6,52.0,0.0,0.0,0.0
20240130T0500,1.9802454,16.56,16.5,55.0,0.0,0.0,0.0
20240130T0600,2.0202456,16.919998,22.800001,76.0,0.0,0.0,0.0
20240130T0700,2.0802455,18.72,25.2,84.0,1.0,0.0,0.0
20240130T0800,2.8302455,18.359999,24.6,82.0,7.0,0.0,31.0
20240130T0900,4.8202453,19.08,36.0,83.0,36.0,0.0,113.0
20240130T1000,7.690245,19.44,42.0,53.0,42.0,0.0,231.0
20240130T1100,9.610246,18.72,60.0,43.0,60.0,0.0,308.0
20240130T1200,10.830245,19.08,67.0,71.0,67.0,3.0,293.0
20240130T1300,11.8102455,18.72,74.0,94.0,74.0,0.0,238.0
20240130T1400,12.020246,18.0,88.0,98.0,88.0,1.0,195.0
20240130T1500,11.680245,16.199999,96.0,99.0,96.0,0.0,110.0
20240130T1600,10.820246,13.32,94.0,98.0,94.0,0.0,43.0
20240130T1700,9.720245,12.959999,68.0,95.0,68.0,0.0,3.0
20240130T1800,8.540245,13.679999,57.0,59.0,57.0,0.0,0.0
20240130T1900,7.3402452,12.959999,61.0,9.0,61.0,0.0,0.0
20240130T2000,6.150245,13.679999,60.0,0.0,60.0,0.0,0.0
20240130T2100,5.170245,14.4,21.0,0.0,21.0,0.0,0.0
20240130T2200,5.2202454,14.4,18.0,0.0,18.0,0.0,0.0
20240130T2300,4.8302455,13.679999,20.0,0.0,20.0,0.0,0.0
20240131T0000,4.0902452,13.32,30.0,25.0,30.0,0.0,0.0
20240131T0100,3.4502454,12.959999,35.0,69.0,35.0,0.0,0.0
20240131T0200,2.6602454,12.24,23.0,74.0,23.0,1.0,0.0
20240131T0300,2.3202453,11.879999,21.0,70.0,21.0,6.0,0.0
20240131T0400,2.1402454,11.879999,24.900002,83.0,11.0,8.0,0.0
20240131T0500,2.2502456,11.5199995,29.1,97.0,5.0,12.0,0.0
20240131T0600,2.5102453,11.5199995,29.400002,98.0,10.0,16.0,0.0
20240131T0700,2.9502454,11.879999,29.400002,98.0,18.0,14.0,0.0
20240131T0800,3.9402456,13.32,39.0,97.0,39.0,23.0,26.0
20240131T0900,5.5902452,14.759999,39.0,97.0,39.0,18.0,100.0
20240131T1000,7.4502454,14.759999,25.0,69.0,25.0,16.0,163.0
20240131T1100,9.840245,14.4,15.0,10.0,6.0,15.0,248.0
20240131T1200,11.300245,14.759999,21.0,0.0,3.0,21.0,341.0
20240131T1300,12.270246,15.119999,12.0,0.0,0.0,12.0,353.0
20240131T1400,12.760245,15.119999,18.0,0.0,0.0,18.0,272.0
20240131T1500,12.670245,14.4,14.0,0.0,0.0,14.0,164.0
20240131T1600,10.730246,12.599999,14.0,0.0,5.0,14.0,72.0
20240131T1700,8.600245,14.04,23.0,0.0,12.0,23.0,4.0
20240131T1800,8.400246,15.119999,45.0,0.0,16.0,45.0,0.0
20240131T1900,7.900245,15.4800005,56.0,0.0,0.0,56.0,0.0
20240131T2000,7.360245,15.4800005,68.0,0.0,0.0,68.0,0.0
20240131T2100,7.3402452,15.84,81.0,31.0,0.0,81.0,0.0
20240131T2200,7.420245,16.919998,91.0,55.0,0.0,91.0,0.0
20240131T2300,7.920245,18.72,89.0,62.0,1.0,89.0,0.0
20240201T0000,8.090245,18.72,96.0,99.0,2.0,96.0,0.0
20240201T0100,8.230246,18.359999,95.0,94.0,9.0,95.0,0.0
20240201T0200,8.530246,19.8,87.0,100.0,34.0,87.0,0.0
20240201T0300,8.800245,20.519999,84.0,98.0,59.0,84.0,0.0
20240201T0400,8.740245,20.880001,76.0,98.0,57.0,76.0,0.0
20240201T0500,8.520246,21.24,84.0,100.0,84.0,70.0,0.0
20240201T0600,8.520246,21.96,98.0,100.0,98.0,68.0,0.0
20240201T0700,8.510245,21.96,92.0,100.0,92.0,79.0,0.0
20240201T0800,8.480246,22.319998,95.0,88.0,95.0,82.0,8.0
20240201T0900,8.500245,24.119999,100.0,59.0,100.0,87.0,25.0
20240201T1000,8.870245,24.84,97.0,0.0,97.0,87.0,23.0
20240201T1100,9.290245,23.4,100.0,0.0,83.0,100.0,45.0
20240201T1200,9.610246,23.759998,100.0,4.0,67.0,100.0,53.0
20240201T1300,9.800245,25.919998,100.0,60.0,58.0,100.0,51.0
20240201T1400,9.900246,24.119999,100.0,61.0,53.0,100.0,27.0
20240201T1500,10.010245,18.72,99.0,65.0,41.0,99.0,24.0
20240201T1600,9.730246,16.199999,97.0,59.0,33.0,97.0,10.0
20240201T1700,9.290245,13.679999,94.0,17.0,25.0,94.0,1.0
20240201T1800,8.520246,11.879999,91.0,10.0,12.0,91.0,0.0
20240201T1900,8.350245,10.799999,95.0,13.0,22.0,95.0,0.0
20240201T2000,7.8002453,9.36,98.0,8.0,13.0,98.0,0.0
20240201T2100,7.3402452,9.36,100.0,20.0,22.0,100.0,0.0
20240201T2200,6.6802454,8.64,99.0,22.0,15.0,99.0,0.0
20240201T2300,6.5102453,8.64,98.0,5.0,17.0,98.0,0.0
20240202T0000,6.3202453,8.64,94.0,0.0,10.0,94.0,0.0
20240202T0100,6.380245,9.72,88.0,0.0,11.0,88.0,0.0
20240202T0200,6.1402454,10.08,86.0,0.0,4.0,86.0,0.0
20240202T0300,5.710245,10.08,71.0,1.0,2.0,71.0,0.0
20240202T0400,5.610245,10.799999,76.0,2.0,2.0,76.0,0.0
20240202T0500,5.860245,12.24,77.0,0.0,23.0,77.0,0.0
20240202T0600,6.0702453,14.4,92.0,0.0,92.0,84.0,0.0
20240202T0700,6.230245,13.32,94.0,0.0,94.0,76.0,0.0
20240202T0800,6.380245,14.759999,74.0,0.0,74.0,68.0,14.0
20240202T0900,6.7802453,15.4800005,70.0,0.0,31.0,70.0,79.0
20240202T1000,8.280246,20.519999,89.0,0.0,41.0,89.0,200.0
20240202T1100,9.3102455,24.48,66.0,0.0,31.0,66.0,250.0
20240202T1200,10.430245,25.919998,61.0,0.0,9.0,61.0,311.0
20240202T1300,11.070246,28.8,36.0,26.0,2.0,36.0,362.0
20240202T1400,11.200245,27.72,14.0,40.0,0.0,14.0,316.0
20240202T1500,10.930245,25.56,12.3,41.0,0.0,6.0,211.0
20240202T1600,9.650246,18.359999,12.3,41.0,0.0,3.0,93.0
20240202T1700,7.610245,15.84,8.1,27.0,0.0,3.0,7.0
20240202T1800,6.5502453,15.84,12.0,40.0,0.0,6.0,0.0
20240202T1900,5.6202455,18.72,3.0,4.0,0.0,3.0,0.0
20240202T2000,5.0902452,16.199999,4.8,16.0,0.0,2.0,0.0
20240202T2100,4.7602453,16.199999,6.6000004,22.0,0.0,1.0,0.0
20240202T2200,4.9302454,16.199999,8.700001,29.0,0.0,1.0,0.0
20240202T2300,4.7002454,16.56,6.9,23.0,0.0,1.0,0.0
20240203T0000,4.0402455,16.199999,8.400001,28.0,0.0,7.0,0.0
20240203T0100,3.9302454,14.759999,9.0,6.0,0.0,9.0,0.0
20240203T0200,3.9402456,14.759999,25.0,0.0,0.0,25.0,0.0
20240203T0300,3.9002452,15.4800005,34.0,0.0,0.0,34.0,0.0
20240203T0400,3.8402452,16.199999,38.0,0.0,0.0,38.0,0.0
20240203T0500,3.5402455,16.199999,67.0,0.0,0.0,67.0,0.0
20240203T0600,3.3002453,15.84,69.0,0.0,0.0,69.0,0.0
20240203T0700,3.3202453,17.28,82.0,0.0,0.0,82.0,0.0
20240203T0800,4.3902454,15.119999,86.0,0.0,0.0,86.0,32.0
20240203T0900,5.8102455,17.64,92.0,0.0,0.0,92.0,106.0
20240203T1000,6.9902453,20.880001,92.0,0.0,0.0,92.0,172.0
20240203T1100,8.330246,23.759998,86.0,0.0,0.0,86.0,285.0
20240203T1200,8.930245,24.119999,74.0,0.0,0.0,74.0,283.0
20240203T1300,9.460245,23.4,65.0,0.0,0.0,65.0,280.0
20240203T1400,9.630245,23.4,39.0,0.0,0.0,39.0,252.0
20240203T1500,9.150246,23.4,39.0,0.0,0.0,39.0,170.0
20240203T1600,7.9902453,20.880001,52.0,0.0,0.0,52.0,73.0
20240203T1700,6.8402452,15.119999,58.0,0.0,0.0,58.0,5.0
20240203T1800,6.0802455,15.4800005,71.0,9.0,0.0,71.0,0.0
20240203T1900,5.7802453,17.28,86.0,39.0,0.0,86.0,0.0
20240203T2000,5.670245,16.919998,95.0,63.0,0.0,95.0,0.0
20240203T2100,5.5602455,16.56,99.0,79.0,0.0,99.0,0.0
20240203T2200,5.4702454,17.64,93.0,72.0,0.0,93.0,0.0
20240203T2300,5.360245,17.64,93.0,8.0,0.0,93.0,0.0
20240204T0000,5.4902453,17.28,89.0,1.0,0.0,89.0,0.0
20240204T0100,5.4102454,17.64,91.0,0.0,0.0,91.0,0.0
20240204T0200,5.3902454,18.359999,96.0,0.0,0.0,96.0,0.0
20240204T0300,5.3502455,18.0,94.0,0.0,1.0,94.0,0.0
20240204T0400,5.4102454,17.28,100.0,23.0,0.0,100.0,0.0
20240204T0500,5.3302455,18.0,100.0,47.0,0.0,100.0,0.0
20240204T0600,5.2202454,18.0,100.0,54.0,0.0,100.0,0.0
20240204T0700,5.1602454,19.08,96.0,65.0,0.0,96.0,0.0
20240204T0800,5.6002455,20.519999,100.0,41.0,1.0,100.0,22.0
20240204T0900,6.480245,27.0,100.0,32.0,1.0,100.0,93.0
20240204T1000,7.250245,27.0,96.0,60.0,6.0,96.0,130.0
20240204T1100,8.080246,26.28,91.0,63.0,22.0,91.0,191.0
20240204T1200,8.830245,26.28,74.0,79.0,16.0,74.0,226.0
20240204T1300,9.330245,26.64,56.0,93.0,10.0,56.0,231.0
20240204T1400,9.390245,27.0,40.0,96.0,12.0,40.0,202.0
20240204T1500,9.180245,26.28,52.0,86.0,25.0,52.0,150.0
20240204T1600,8.420245,25.56,43.0,84.0,30.0,43.0,68.0
20240204T1700,7.130245,19.08,70.0,86.0,26.0,70.0,6.0
20240204T1800,6.670245,16.919998,76.0,80.0,32.0,76.0,0.0
20240204T1900,6.3502455,19.08,75.0,88.0,24.0,75.0,0.0
20240204T2000,6.1402454,20.880001,82.0,95.0,15.0,82.0,0.0
20240204T2100,5.7402453,21.24,81.0,83.0,3.0,81.0,0.0
20240204T2200,5.8002453,22.68,71.0,64.0,0.0,71.0,0.0
20240204T2300,5.7002454,23.039999,74.0,8.0,0.0,74.0,0.0
20240205T0000,5.6202455,22.68,71.0,1.0,0.0,71.0,0.0
20240205T0100,5.5302453,21.599998,74.0,0.0,0.0,74.0,0.0
20240205T0200,5.4702454,19.8,79.0,0.0,0.0,79.0,0.0
20240205T0300,5.2202454,19.08,80.0,0.0,0.0,80.0,0.0
20240205T0400,5.040245,18.0,76.0,0.0,0.0,76.0,0.0
20240205T0500,4.6402454,16.56,89.0,12.0,0.0,89.0,0.0
20240205T0600,4.5902452,15.4800005,95.0,19.0,0.0,95.0,0.0
20240205T0700,4.4102454,16.919998,94.0,0.0,0.0,94.0,0.0
20240205T0800,5.1002455,16.919998,92.0,0.0,0.0,92.0,33.0
20240205T0900,5.960245,20.880001,93.0,0.0,0.0,93.0,106.0
20240205T1000,7.040245,21.96,91.0,0.0,0.0,91.0,238.0
20240205T1100,8.170245,23.039999,87.0,9.0,0.0,87.0,304.0
20240205T1200,9.0602455,21.96,50.0,0.0,0.0,50.0,340.0
20240205T1300,9.970245,21.96,34.0,26.0,0.0,34.0,380.0
20240205T1400,10.450245,21.599998,14.0,46.0,0.0,14.0,342.0
20240205T1500,10.420245,20.880001,16.5,55.0,0.0,3.0,239.0
20240205T1600,8.5602455,18.0,7.5000005,25.0,0.0,4.0,109.0
20240205T1700,6.130245,15.4800005,3.0,0.0,0.0,3.0,11.0
20240205T1800,5.1402454,16.56,6.0,0.0,0.0,6.0,0.0
20240205T1900,4.690245,20.16,7.0,0.0,0.0,7.0,0.0
20240205T2000,4.0602455,19.08,3.0,0.0,0.0,3.0,0.0
20240205T2100,3.5902452,19.44,1.0,0.0,0.0,1.0,0.0
20240205T2200,3.2402453,19.44,3.0,4.0,0.0,3.0,0.0
20240205T2300,3.1602454,20.16,16.2,54.0,0.0,0.0,0.0
20240206T0000,3.0702453,20.16,11.1,37.0,0.0,0.0,0.0
20240206T0100,2.8602452,20.519999,3.0,1.0,0.0,3.0,0.0
20240206T0200,2.6302452,20.16,6.0,0.0,0.0,6.0,0.0
20240206T0300,2.4702454,20.519999,20.0,1.0,0.0,20.0,0.0
20240206T0400,2.5202456,20.519999,44.0,0.0,0.0,44.0,0.0
20240206T0500,2.7802453,20.519999,54.0,2.0,0.0,54.0,0.0
20240206T0600,2.7902455,20.16,65.0,24.0,0.0,65.0,0.0
20240206T0700,2.8202453,21.599998,70.0,28.0,0.0,70.0,0.0
20240206T0800,4.0602455,20.519999,75.0,62.0,0.0,75.0,40.0
20240206T0900,5.1602454,25.56,76.0,66.0,0.0,76.0,108.0
20240206T1000,6.2802453,28.8,100.0,58.0,0.0,100.0,147.0
20240206T1100,7.1402454,33.12,100.0,78.0,0.0,100.0,251.0
20240206T1200,7.860245,33.839996,84.0,20.0,0.0,84.0,294.0
20240206T1300,8.260245,33.48,79.0,32.0,0.0,79.0,301.0
20240206T1400,8.370246,35.28,46.0,15.0,0.0,46.0,288.0
20240206T1500,8.170245,33.839996,19.0,10.0,0.0,19.0,213.0
20240206T1600,7.690245,30.239998,9.0,0.0,0.0,9.0,104.0
20240206T1700,6.7602453,24.119999,19.0,0.0,0.0,19.0,11.0
20240206T1800,6.750245,25.199999,39.0,0.0,0.0,39.0,0.0
20240206T1900,6.7402453,25.919998,47.0,0.0,0.0,47.0,0.0
20240206T2000,6.8302455,25.199999,64.0,0.0,0.0,64.0,0.0
20240206T2100,6.8002453,25.199999,67.0,0.0,0.0,67.0,0.0
20240206T2200,6.630245,25.56,74.0,0.0,0.0,74.0,0.0
20240206T2300,6.8102455,27.359999,80.0,5.0,2.0,80.0,0.0
20240207T0000,6.8302455,28.08,85.0,20.0,3.0,85.0,0.0
20240207T0100,6.6002455,28.8,84.0,55.0,8.0,84.0,0.0
20240207T0200,6.7002454,30.599998,88.0,69.0,23.0,88.0,0.0
20240207T0300,6.7802453,32.399998,84.0,74.0,17.0,84.0,0.0
20240207T0400,6.9102454,33.48,94.0,80.0,12.0,94.0,0.0
20240207T0500,7.3502455,35.64,78.0,91.0,10.0,78.0,0.0
20240207T0600,7.7202454,37.8,80.0,92.0,26.0,80.0,0.0
20240207T0700,7.960245,41.039997,89.0,98.0,31.0,89.0,0.0
20240207T0800,8.290245,42.48,89.0,94.0,38.0,89.0,21.0
20240207T0900,8.740245,42.12,93.0,98.0,62.0,93.0,62.0
20240207T1000,9.460245,43.199997,99.0,98.0,74.0,99.0,108.0
20240207T1100,9.910245,38.519997,98.0,93.0,76.0,98.0,129.0
20240207T1200,10.420245,43.199997,97.0,82.0,70.0,97.0,156.0
20240207T1300,11.0602455,50.399998,88.0,14.0,52.0,88.0,188.0
20240207T1400,11.280245,52.199997,81.0,52.0,73.0,81.0,95.0
20240207T1500,11.470245,42.48,81.0,67.0,81.0,35.0,91.0
20240207T1600,10.990245,38.88,99.0,88.0,99.0,73.0,48.0
20240207T1700,10.290245,38.16,99.0,76.0,99.0,89.0,2.0
20240207T1800,9.720245,40.68,100.0,98.0,100.0,86.0,0.0
20240207T1900,9.170245,47.519997,100.0,98.0,100.0,76.0,0.0
20240207T2000,9.270246,49.32,100.0,99.0,100.0,92.0,0.0
20240207T2100,9.300245,49.68,99.0,100.0,99.0,99.0,0.0
20240207T2200,9.370245,51.48,98.0,99.0,91.0,98.0,0.0
20240207T2300,9.380245,46.44,98.0,100.0,80.0,98.0,0.0
20240208T0000,9.610246,47.16,100.0,97.0,98.0,100.0,0.0
20240208T0100,9.620245,46.8,100.0,94.0,98.0,100.0,0.0
20240208T0200,9.8102455,45.36,100.0,85.0,99.0,100.0,0.0
20240208T0300,9.910245,44.28,100.0,78.0,86.0,100.0,0.0
20240208T0400,10.050245,42.48,100.0,42.0,78.0,100.0,0.0
20240208T0500,10.130245,40.32,95.0,53.0,82.0,95.0,0.0
20240208T0600,10.220245,37.44,99.0,62.0,79.0,99.0,0.0
20240208T0700,10.320246,44.28,99.0,84.0,88.0,99.0,0.0
20240208T0800,10.620245,39.96,99.0,85.0,98.0,99.0,12.0
20240208T0900,10.910245,45.0,99.0,99.0,99.0,99.0,51.0
20240208T1000,11.210245,48.239998,86.0,93.0,77.0,86.0,71.0
20240208T1100,12.030245,45.719997,80.0,98.0,79.0,80.0,178.0
20240208T1200,12.650246,46.44,81.0,95.0,68.0,81.0,275.0
20240208T1300,13.210245,46.079998,85.0,98.0,85.0,65.0,245.0
20240208T1400,13.710245,39.6,88.0,100.0,88.0,29.0,257.0
20240208T1500,13.8102455,33.48,30.000002,100.0,27.0,10.0,225.0
20240208T1600,12.340245,23.4,30.000002,100.0,25.0,3.0,96.0
20240208T1700,10.870245,19.8,47.0,100.0,47.0,1.0,10.0
20240208T1800,10.030245,19.08,41.0,100.0,41.0,0.0,0.0
20240208T1900,10.000245,19.8,86.0,100.0,86.0,0.0,0.0
20240208T2000,9.850245,20.519999,99.0,100.0,99.0,0.0,0.0
20240208T2100,9.980246,20.519999,100.0,100.0,100.0,1.0,0.0
20240208T2200,10.280245,20.16,99.0,100.0,99.0,7.0,0.0
20240208T2300,10.080245,21.96,93.0,100.0,93.0,13.0,0.0
20240209T0000,9.900246,22.68,90.0,100.0,90.0,22.0,0.0
20240209T0100,9.740245,23.4,99.0,100.0,99.0,21.0,0.0
20240209T0200,10.050245,23.4,100.0,100.0,100.0,28.0,0.0
20240209T0300,10.400246,23.4,100.0,100.0,100.0,24.0,0.0
20240209T0400,10.510245,22.68,98.0,100.0,98.0,22.0,0.0
20240209T0500,10.510245,22.68,98.0,99.0,98.0,21.0,0.0
20240209T0600,10.450245,22.319998,100.0,100.0,100.0,33.0,0.0
20240209T0700,10.470245,28.8,94.0,98.0,94.0,35.0,0.0
20240209T0800,10.800245,28.44,87.0,95.0,87.0,32.0,25.0
20240209T0900,11.300245,26.64,77.0,97.0,77.0,24.0,81.0
20240209T1000,11.980246,26.28,96.0,100.0,96.0,15.0,108.0
20240209T1100,12.550245,25.199999,92.0,100.0,92.0,12.0,137.0
20240209T1200,13.070246,23.039999,85.0,100.0,85.0,15.0,146.0
20240209T1300,13.120245,20.519999,97.0,100.0,97.0,16.0,160.0
20240209T1400,12.330245,21.24,100.0,100.0,100.0,30.0,103.0
20240209T1500,11.530245,22.319998,97.0,100.0,97.0,28.0,66.0
20240209T1600,10.800245,19.8,100.0,100.0,100.0,15.0,31.0
20240209T1700,10.090245,15.84,100.0,100.0,100.0,5.0,4.0
20240209T1800,9.580245,12.959999,100.0,100.0,100.0,8.0,0.0
20240209T1900,9.230246,13.32,100.0,100.0,100.0,9.0,0.0
20240209T2000,8.950245,12.24,98.0,88.0,98.0,2.0,0.0
20240209T2100,8.680245,11.5199995,95.0,98.0,95.0,8.0,0.0
20240209T2200,8.700245,11.879999,99.0,89.0,99.0,32.0,0.0
20240209T2300,8.700245,12.959999,98.0,65.0,98.0,52.0,0.0
20240210T0000,8.790245,15.119999,96.0,79.0,96.0,59.0,0.0
20240210T0100,8.730246,14.759999,94.0,97.0,94.0,15.0,0.0
20240210T0200,8.290245,14.4,96.0,100.0,96.0,13.0,0.0
20240210T0300,8.250245,14.4,97.0,100.0,97.0,9.0,0.0
20240210T0400,8.050245,13.32,95.0,100.0,95.0,8.0,0.0
20240210T0500,7.8202453,11.159999,92.0,100.0,92.0,11.0,0.0
20240210T0600,7.7002454,10.440001,91.0,100.0,91.0,14.0,0.0
20240210T0700,7.710245,9.0,97.0,100.0,97.0,5.0,0.0
20240210T0800,7.940245,9.36,100.0,100.0,100.0,3.0,16.0
20240210T0900,8.400246,9.72,100.0,100.0,100.0,1.0,45.0
20240210T1000,9.450245,12.599999,100.0,100.0,100.0,11.0,90.0
20240210T1100,10.090245,14.4,100.0,100.0,100.0,1.0,115.0
20240210T1200,11.000245,15.119999,96.0,98.0,96.0,0.0,147.0
20240210T1300,11.720245,14.759999,36.0,94.0,36.0,1.0,204.0
20240210T1400,11.960245,14.759999,47.0,99.0,47.0,11.0,222.0
20240210T1500,11.760245,12.599999,93.0,98.0,93.0,4.0,121.0
20240210T1600,11.180245,7.2,95.0,99.0,95.0,5.0,38.0
20240210T1700,11.170245,6.4799995,97.0,100.0,97.0,7.0,4.0
20240210T1800,10.400246,7.5599995,100.0,95.0,100.0,9.0,0.0
20240210T1900,9.240245,9.72,100.0,98.0,100.0,13.0,0.0
20240210T2000,9.280245,12.24,100.0,100.0,100.0,38.0,0.0
20240210T2100,8.980246,19.8,100.0,100.0,100.0,37.0,0.0
20240210T2200,9.190246,32.760002,99.0,100.0,99.0,71.0,0.0
20240210T2300,7.9902453,37.8,98.0,100.0,98.0,84.0,0.0
20240211T0000,6.6602454,39.6,97.0,100.0,97.0,91.0,0.0
20240211T0100,6.040245,38.88,95.0,98.0,95.0,89.0,0.0
20240211T0200,6.020245,36.36,92.0,95.0,78.0,92.0,0.0
20240211T0300,6.190245,33.12,90.0,96.0,79.0,90.0,0.0
20240211T0400,6.4102454,32.039997,88.0,98.0,82.0,88.0,0.0
20240211T0500,6.4902453,31.68,87.0,100.0,65.0,87.0,0.0
20240211T0600,6.5902452,30.599998,94.0,99.0,69.0,94.0,0.0
20240211T0700,6.610245,29.88,97.0,99.0,79.0,97.0,0.0
20240211T0800,7.0602455,28.8,91.0,100.0,55.0,91.0,18.0
20240211T0900,7.750245,29.88,92.0,98.0,50.0,92.0,51.0
20240211T1000,8.400246,31.68,74.0,70.0,52.0,74.0,102.0
20240211T1100,9.020246,38.88,81.0,73.0,60.0,81.0,206.0
20240211T1200,9.490245,45.719997,43.0,73.0,32.0,43.0,276.0
20240211T1300,9.8102455,45.36,46.0,29.0,46.0,27.0,313.0
20240211T1400,9.870245,45.36,40.0,0.0,40.0,22.0,259.0
20240211T1500,9.660245,44.28,33.0,0.0,29.0,33.0,155.0
20240211T1600,9.100245,38.16,32.0,0.0,20.0,32.0,88.0
20240211T1700,8.520246,30.960001,48.0,0.0,16.0,48.0,16.0
20240211T1800,8.520246,27.72,52.0,0.0,23.0,52.0,0.0
20240211T1900,8.390245,30.239998,74.0,0.0,59.0,74.0,0.0
20240211T2000,8.420245,32.039997,46.0,0.0,46.0,45.0,0.0
20240211T2100,8.270246,33.839996,56.0,0.0,55.0,56.0,0.0
20240211T2200,7.9102454,33.839996,77.0,27.0,49.0,77.0,0.0
20240211T2300,7.7402453,32.760002,84.0,29.0,50.0,84.0,0.0
20240212T0000,7.6802454,32.039997,73.0,19.0,55.0,73.0,0.0
20240212T0100,7.5702453,30.599998,67.0,1.0,43.0,67.0,0.0
20240212T0200,7.540245,27.0,85.0,0.0,53.0,85.0,0.0
20240212T0300,7.440245,24.119999,85.0,0.0,23.0,85.0,0.0
20240212T0400,7.2602453,26.28,69.0,0.0,21.0,69.0,0.0
20240212T0500,7.110245,25.56,73.0,17.0,27.0,73.0,0.0
20240212T0600,6.8702455,22.68,70.0,57.0,25.0,70.0,0.0
20240212T0700,6.6402454,15.4800005,81.0,16.0,19.0,81.0,1.0
20240212T0800,7.0502453,17.64,89.0,9.0,11.0,89.0,39.0
20240212T0900,7.8302455,21.24,90.0,10.0,13.0,90.0,114.0
20240212T1000,8.570246,20.16,48.0,34.0,42.0,48.0,200.0
20240212T1100,9.110246,21.24,71.0,49.0,71.0,65.0,244.0
20240212T1200,9.470245,20.519999,70.0,77.0,70.0,44.0,287.0
20240212T1300,9.580245,19.08,77.0,90.0,77.0,28.0,258.0
20240212T1400,9.710245,18.359999,86.0,88.0,86.0,33.0,219.0
20240212T1500,9.570246,16.56,72.0,63.0,72.0,27.0,131.0
20240212T1600,8.970245,13.679999,56.0,36.0,56.0,24.0,55.0
20240212T1700,7.670245,10.08,38.0,54.0,38.0,19.0,13.0
20240212T1800,7.1202455,10.440001,64.0,80.0,64.0,18.0,0.0
20240212T1900,6.5702453,11.5199995,78.0,94.0,78.0,12.0,0.0
20240212T2000,6.3002453,11.159999,34.0,61.0,34.0,12.0,0.0
20240212T2100,5.750245,11.5199995,31.0,4.0,31.0,5.0,0.0
20240212T2200,5.3402452,12.959999,39.0,0.0,39.0,18.0,0.0
20240212T2300,4.9502454,12.599999,41.0,0.0,41.0,27.0,0.0
20240213T0000,4.690245,12.599999,62.0,0.0,62.0,36.0,0.0
20240213T0100,4.3702455,12.959999,59.0,0.0,59.0,42.0,0.0
20240213T0200,4.0202456,12.959999,41.0,0.0,41.0,40.0,0.0
20240213T0300,3.5502453,12.599999,29.0,0.0,26.0,29.0,0.0
20240213T0400,2.9202452,12.24,19.0,2.0,19.0,19.0,0.0
20240213T0500,2.9702454,11.879999,17.0,0.0,8.0,17.0,0.0
20240213T0600,2.8502455,11.159999,12.0,0.0,0.0,12.0,0.0
20240213T0700,2.3402452,13.32,17.0,2.0,2.0,17.0,2.0
20240213T0800,4.6002455,14.04,28.0,8.0,1.0,28.0,75.0
20240213T0900,6.790245,14.759999,25.0,9.0,0.0,25.0,216.0
20240213T1000,8.650246,15.119999,17.0,18.0,0.0,17.0,334.0
20240213T1100,9.820246,16.56,15.0,11.0,0.0,15.0,429.0
20240213T1200,10.770246,17.64,45.0,13.0,0.0,45.0,470.0
20240213T1300,11.300245,18.72,61.0,21.0,0.0,61.0,452.0
20240213T1400,11.480246,18.72,13.200001,44.0,0.0,0.0,373.0
20240213T1500,11.430245,15.4800005,21.300001,71.0,0.0,1.0,256.0
20240213T1600,10.760245,12.24,23.1,77.0,0.0,0.0,142.0
20240213T1700,8.710245,8.64,16.5,55.0,5.0,0.0,23.0
20240213T1800,6.9302454,9.0,24.0,29.0,24.0,0.0,0.0
20240213T1900,4.110245,11.5199995,35.0,19.0,35.0,0.0,0.0
20240213T2000,3.0802455,13.32,75.0,35.0,75.0,0.0,0.0
20240213T2100,3.3302455,14.04,56.0,29.0,56.0,0.0,0.0
20240213T2200,3.4002452,15.119999,67.0,75.0,67.0,0.0,0.0
20240213T2300,3.6802454,16.199999,38.0,46.0,38.0,0.0,0.0
20240214T0000,3.7902455,16.199999,8.0,10.0,8.0,3.0,0.0
20240214T0100,3.9602456,16.919998,25.0,1.0,15.0,25.0,0.0
20240214T0200,4.110245,17.28,40.0,0.0,5.0,40.0,0.0
20240214T0300,4.630245,17.64,62.0,2.0,6.0,62.0,0.0
20240214T0400,5.7202454,18.359999,76.0,34.0,8.0,76.0,0.0
20240214T0500,6.1202455,17.64,91.0,5.0,37.0,91.0,0.0
20240214T0600,6.4702454,19.08,97.0,4.0,71.0,97.0,0.0
20240214T0700,6.9102454,21.599998,98.0,58.0,68.0,98.0,1.0
20240214T0800,7.460245,20.16,99.0,99.0,35.0,99.0,32.0
20240214T0900,8.690246,20.16,82.0,100.0,13.0,82.0,63.0
20240214T1000,10.340245,20.16,69.0,99.0,37.0,69.0,157.0
20240214T1100,11.660245,20.519999,83.0,97.0,20.0,83.0,232.0
20240214T1200,12.710245,25.56,73.0,83.0,50.0,73.0,300.0
20240214T1300,13.170245,27.0,65.0,62.0,65.0,53.0,251.0
20240214T1400,13.410245,27.359999,66.0,69.0,66.0,58.0,215.0
20240214T1500,13.520246,25.56,77.0,86.0,77.0,60.0,159.0
20240214T1600,12.920245,21.599998,99.0,95.0,99.0,56.0,90.0
20240214T1700,13.410245,16.56,93.0,88.0,93.0,42.0,17.0
20240214T1800,11.250245,12.599999,79.0,77.0,79.0,18.0,0.0
20240214T1900,10.490245,14.04,90.0,74.0,90.0,10.0,0.0
20240214T2000,9.8102455,14.4,69.0,82.0,69.0,9.0,0.0
20240214T2100,8.710245,14.04,27.900002,93.0,16.0,4.0,0.0
20240214T2200,7.790245,13.32,24.300001,81.0,4.0,0.0,0.0
20240214T2300,6.5102453,12.599999,25.800001,86.0,4.0,1.0,0.0
20240215T0000,5.4102454,12.24,21.300001,71.0,0.0,1.0,0.0
20240215T0100,4.7202454,11.879999,24.6,82.0,0.0,0.0,0.0
20240215T0200,4.7402453,12.959999,27.300001,91.0,0.0,0.0,0.0
20240215T0300,4.7602453,14.04,27.300001,91.0,0.0,0.0,0.0
20240215T0400,4.8702455,14.04,28.2,94.0,0.0,25.0,0.0
20240215T0500,5.1202455,13.679999,28.500002,95.0,6.0,25.0,0.0
20240215T0600,5.0902452,13.679999,29.1,97.0,22.0,25.0,0.0
20240215T0700,5.3702455,16.919998,37.0,96.0,37.0,0.0,3.0
20240215T0800,6.3102455,18.0,42.0,96.0,42.0,0.0,63.0
20240215T0900,8.250245,19.08,45.0,98.0,45.0,0.0,143.0
20240215T1000,10.320246,18.72,29.400002,98.0,9.0,0.0,229.0
20240215T1100,12.740245,19.08,29.7,99.0,3.0,0.0,389.0
20240215T1200,13.940246,18.359999,29.7,99.0,5.0,0.0,400.0
20240215T1300,14.400246,16.56,28.800001,96.0,3.0,0.0,397.0
20240215T1400,14.670245,14.04,40.0,98.0,40.0,0.0,339.0
20240215T1500,14.400246,10.799999,80.0,99.0,80.0,0.0,233.0
20240215T1600,13.280245,9.0,79.0,90.0,79.0,0.0,109.0
20240215T1700,12.220245,10.440001,65.0,69.0,65.0,0.0,18.0
20240215T1800,10.640245,11.159999,66.0,72.0,66.0,0.0,0.0
20240215T1900,9.660245,15.84,49.0,89.0,49.0,0.0,0.0
20240215T2000,8.890245,15.4800005,27.300001,91.0,2.0,0.0,0.0
20240215T2100,8.300245,15.84,29.400002,98.0,1.0,0.0,0.0
20240215T2200,9.030245,16.56,52.0,97.0,52.0,0.0,0.0
20240215T2300,8.750245,16.919998,56.0,94.0,56.0,0.0,0.0
20240216T0000,8.770246,17.28,40.0,86.0,40.0,0.0,0.0
20240216T0100,8.880245,17.64,51.0,84.0,51.0,0.0,0.0
20240216T0200,9.000245,18.0,33.0,61.0,33.0,0.0,0.0
20240216T0300,8.930245,17.64,9.6,32.0,5.0,0.0,0.0
20240216T0400,8.790245,17.64,7.8,26.0,0.0,0.0,0.0
20240216T0500,8.600245,17.64,14.1,47.0,0.0,0.0,0.0
20240216T0600,8.430245,17.28,21.300001,71.0,4.0,0.0,0.0
20240216T0700,8.8102455,21.599998,25.500002,85.0,5.0,0.0,3.0
20240216T0800,9.970245,20.16,28.2,94.0,4.0,0.0,50.0
20240216T0900,11.700245,20.519999,29.400002,98.0,19.0,0.0,142.0
20240216T1000,13.090245,19.08,82.0,95.0,82.0,1.0,214.0
20240216T1100,13.530245,20.519999,79.0,98.0,79.0,21.0,235.0
20240216T1200,13.620245,23.759998,91.0,97.0,91.0,74.0,290.0
20240216T1300,13.870245,25.199999,78.0,97.0,78.0,72.0,342.0
20240216T1400,13.940246,24.48,71.0,97.0,71.0,54.0,198.0
20240216T1500,13.920245,21.599998,59.0,91.0,54.0,59.0,138.0
20240216T1600,13.260245,17.64,91.0,97.0,64.0,91.0,87.0
20240216T1700,12.050245,13.32,80.0,95.0,64.0,80.0,17.0
20240216T1800,11.320246,12.24,76.0,96.0,71.0,76.0,0.0
20240216T1900,10.660245,10.799999,60.0,90.0,54.0,60.0,0.0
20240216T2000,10.410245,10.440001,58.0,94.0,58.0,48.0,0.0
20240216T2100,9.930245,10.799999,48.0,92.0,48.0,48.0,0.0
20240216T2200,10.590245,10.799999,89.0,95.0,89.0,81.0,0.0
20240216T2300,10.440246,10.799999,93.0,89.0,93.0,69.0,0.0
20240217T0000,10.530245,11.5199995,87.0,71.0,87.0,70.0,0.0
20240217T0100,10.410245,11.879999,90.0,49.0,88.0,90.0,0.0
20240217T0200,10.350245,11.5199995,96.0,21.0,90.0,96.0,0.0
20240217T0300,10.290245,11.159999,100.0,8.0,93.0,100.0,0.0
20240217T0400,10.350245,11.159999,100.0,4.0,96.0,100.0,0.0
20240217T0500,10.160245,9.72,100.0,0.0,94.0,100.0,0.0
20240217T0600,10.170245,8.64,100.0,0.0,97.0,100.0,0.0
20240217T0700,9.860246,10.799999,100.0,0.0,97.0,100.0,1.0
20240217T0800,10.230246,12.24,100.0,0.0,96.0,100.0,12.0
20240217T0900,10.600245,17.64,99.0,0.0,93.0,99.0,41.0
20240217T1000,10.670245,18.359999,96.0,0.0,88.0,96.0,55.0
20240217T1100,11.020246,19.08,83.0,0.0,76.0,83.0,128.0
20240217T1200,11.250245,18.0,82.0,0.0,65.0,82.0,149.0
20240217T1300,11.570246,16.919998,83.0,0.0,52.0,83.0,173.0
20240217T1400,11.600245,16.919998,74.0,0.0,45.0,74.0,156.0
20240217T1500,11.520246,16.919998,66.0,0.0,42.0,66.0,124.0
20240217T1600,11.190246,15.84,68.0,0.0,42.0,68.0,67.0
20240217T1700,10.300245,11.5199995,57.0,0.0,35.0,57.0,16.0
20240217T1800,9.580245,8.64,44.0,0.0,27.0,44.0,0.0
20240217T1900,9.370245,11.879999,48.0,0.0,27.0,48.0,0.0
20240217T2000,9.070246,10.440001,36.0,0.0,20.0,36.0,0.0
20240217T2100,8.420245,9.0,40.0,0.0,15.0,40.0,0.0
20240217T2200,8.930245,6.8399997,34.0,0.0,11.0,34.0,0.0
20240217T2300,8.480246,6.8399997,28.0,8.0,8.0,28.0,0.0
20240218T0000,7.8202453,8.28,22.0,37.0,2.0,22.0,0.0
20240218T0100,7.0102453,8.64,23.0,47.0,1.0,23.0,0.0
20240218T0200,7.020245,8.28,15.6,52.0,0.0,15.0,0.0
20240218T0300,6.900245,7.2,72.0,58.0,0.0,72.0,0.0
20240218T0400,6.270245,6.12,78.0,27.0,1.0,78.0,0.0
20240218T0500,5.5702453,6.4799995,78.0,75.0,4.0,78.0,0.0
20240218T0600,5.7002454,8.28,77.0,99.0,3.0,77.0,0.0
20240218T0700,5.6202455,13.679999,99.0,98.0,2.0,99.0,4.0
20240218T0800,6.5802455,14.759999,100.0,98.0,1.0,100.0,56.0
20240218T0900,7.9302454,15.4800005,79.0,97.0,1.0,79.0,140.0
20240218T1000,9.100245,15.4800005,83.0,100.0,0.0,83.0,197.0
20240218T1100,10.400246,16.56,98.0,100.0,5.0,98.0,264.0
20240218T1200,11.030245,18.359999,86.0,100.0,36.0,86.0,298.0
20240218T1300,11.550245,24.119999,88.0,98.0,88.0,78.0,315.0
20240218T1400,11.990245,27.359999,64.0,99.0,64.0,59.0,251.0
20240218T1500,11.570246,26.28,40.0,99.0,40.0,39.0,157.0
20240218T1600,10.940246,23.039999,69.0,98.0,69.0,14.0,79.0
20240218T1700,10.3102455,25.56,63.0,98.0,63.0,25.0,16.0
20240218T1800,9.790245,29.519999,84.0,99.0,84.0,45.0,0.0
20240218T1900,9.050245,25.199999,100.0,99.0,100.0,100.0,0.0
20240218T2000,8.960245,27.0,100.0,45.0,100.0,98.0,0.0
20240218T2100,8.940246,30.599998,98.0,0.0,98.0,90.0,0.0
20240218T2200,8.830245,34.92,100.0,25.0,92.0,100.0,0.0
20240218T2300,8.840245,36.719997,100.0,37.0,90.0,100.0,0.0
20240219T0000,8.850245,32.760002,99.0,10.0,85.0,99.0,0.0
20240219T0100,8.830245,30.239998,99.0,0.0,86.0,99.0,0.0
20240219T0200,8.910245,28.8,90.0,0.0,77.0,90.0,0.0
20240219T0300,8.950245,26.64,85.0,0.0,64.0,85.0,0.0
20240219T0400,8.980246,24.119999,84.0,0.0,61.0,84.0,0.0
20240219T0500,8.900246,22.68,94.0,0.0,41.0,94.0,0.0
20240219T0600,8.890245,20.880001,98.0,0.0,29.0,98.0,0.0
20240219T0700,8.870245,18.0,95.0,0.0,13.0,95.0,2.0
20240219T0800,9.190246,20.880001,81.0,0.0,3.0,81.0,34.0
20240219T0900,9.670245,21.599998,71.0,0.0,5.0,71.0,100.0
20240219T1000,10.670245,23.4,53.0,0.0,46.0,53.0,196.0
20240219T1100,11.040245,23.759998,33.0,18.0,32.0,33.0,236.0
20240219T1200,11.440246,23.039999,62.0,44.0,29.0,62.0,310.0
20240219T1300,11.530245,24.119999,70.0,45.0,24.0,70.0,236.0
20240219T1400,11.860246,26.64,64.0,74.0,21.0,64.0,207.0
20240219T1500,11.840245,25.56,60.0,87.0,31.0,60.0,169.0
20240219T1600,11.260245,23.039999,78.0,73.0,78.0,51.0,83.0
20240219T1700,10.3102455,18.359999,93.0,99.0,93.0,25.0,21.0
20240219T1800,10.120245,17.28,94.0,99.0,94.0,23.0,0.0
20240219T1900,9.940246,17.28,85.0,89.0,85.0,30.0,0.0
20240219T2000,9.610246,19.8,93.0,48.0,93.0,63.0,0.0
20240219T2100,9.280245,21.599998,79.0,9.0,69.0,79.0,0.0
20240219T2200,9.120245,21.24,50.0,35.0,50.0,39.0,0.0
20240219T2300,8.960245,22.319998,80.0,21.0,80.0,37.0,0.0
20240220T0000,8.690246,21.599998,90.0,20.0,90.0,54.0,0.0
20240220T0100,8.190246,19.44,81.0,3.0,81.0,71.0,0.0
20240220T0200,7.940245,18.0,90.0,22.0,70.0,90.0,0.0
20240220T0300,7.670245,16.56,68.0,66.0,37.0,68.0,0.0
20240220T0400,7.2002454,15.84,74.0,76.0,28.0,74.0,0.0
20240220T0500,6.8002453,18.359999,54.0,30.0,19.0,54.0,0.0
20240220T0600,6.540245,17.28,29.0,0.0,29.0,27.0,0.0
20240220T0700,6.420245,12.959999,36.0,21.0,27.0,36.0,5.0
20240220T0800,7.230245,9.36,42.0,37.0,42.0,29.0,71.0
20240220T0900,8.400246,12.599999,57.0,36.0,10.0,57.0,218.0
20240220T1000,9.680245,14.4,49.0,12.0,49.0,37.0,293.0
20240220T1100,10.480246,16.919998,64.0,28.0,64.0,39.0,413.0
20240220T1200,10.870245,17.28,62.0,62.0,37.0,62.0,455.0
20240220T1300,11.070246,17.28,83.0,69.0,20.0,83.0,374.0
20240220T1400,11.230246,16.56,95.0,99.0,24.0,95.0,317.0
20240220T1500,11.260245,14.759999,81.0,98.0,15.0,81.0,226.0
20240220T1600,10.720245,11.879999,29.0,44.0,11.0,29.0,104.0
20240220T1700,9.330245,7.5599995,17.1,57.0,6.0,1.0,30.0
20240220T1800,8.050245,6.8399997,22.2,74.0,12.0,2.0,0.0
20240220T1900,7.210245,10.440001,17.0,21.0,17.0,4.0,0.0
20240220T2000,6.110245,9.72,33.0,47.0,33.0,7.0,0.0
20240220T2100,5.230245,10.799999,10.200001,34.0,4.0,4.0,0.0
20240220T2200,3.6502452,11.879999,10.200001,34.0,4.0,6.0,0.0
20240220T2300,3.4602456,12.24,27.000002,90.0,3.0,1.0,0.0
20240221T0000,3.1802454,12.24,30.000002,100.0,25.0,4.0,0.0
20240221T0100,3.8202453,11.5199995,34.0,100.0,34.0,2.0,0.0
20240221T0200,4.0602455,12.24,52.0,97.0,52.0,1.0,0.0
20240221T0300,3.8302455,12.599999,44.0,87.0,44.0,1.0,0.0
20240221T0400,3.1702452,12.599999,30.000002,100.0,14.0,0.0,0.0
20240221T0500,2.5702453,12.24,30.000002,100.0,1.0,0.0,0.0
20240221T0600,2.0802455,12.599999,30.000002,100.0,0.0,0.0,0.0
20240221T0700,2.6002455,16.199999,30.000002,100.0,3.0,0.0,7.0
20240221T0800,3.9902453,19.44,30.000002,100.0,22.0,0.0,79.0
20240221T0900,6.0602455,20.16,52.0,100.0,52.0,0.0,161.0
20240221T1000,8.350245,20.16,78.0,100.0,78.0,0.0,246.0
20240221T1100,10.160245,21.24,90.0,100.0,90.0,0.0,307.0
20240221T1200,11.420245,22.68,95.0,100.0,95.0,0.0,299.0
20240221T1300,11.850245,23.039999,97.0,100.0,97.0,0.0,276.0
20240221T1400,12.140245,21.96,99.0,100.0,99.0,0.0,199.0
20240221T1500,12.220245,19.08,99.0,99.0,99.0,0.0,148.0
20240221T1600,11.610246,18.359999,95.0,99.0,95.0,0.0,70.0
20240221T1700,10.900246,19.08,97.0,100.0,97.0,0.0,13.0
20240221T1800,10.800245,21.96,100.0,100.0,100.0,0.0,0.0
20240221T1900,10.850245,23.759998,99.0,100.0,99.0,0.0,0.0
20240221T2000,11.200245,29.88,99.0,100.0,99.0,1.0,0.0
20240221T2100,11.430245,31.68,62.0,100.0,62.0,3.0,0.0
20240221T2200,11.420245,46.8,99.0,100.0,99.0,25.0,0.0
20240221T2300,10.990245,40.68,98.0,100.0,98.0,54.0,0.0
20240222T0000,10.790245,43.56,90.0,98.0,90.0,69.0,0.0
20240222T0100,10.680245,43.92,100.0,99.0,100.0,97.0,0.0
20240222T0200,10.300245,47.16,99.0,100.0,99.0,97.0,0.0
20240222T0300,10.070246,48.6,100.0,100.0,99.0,100.0,0.0
20240222T0400,10.010245,49.32,100.0,100.0,100.0,100.0,0.0
20240222T0500,10.070246,49.68,99.0,98.0,99.0,94.0,0.0
20240222T0600,10.180245,50.399998,100.0,81.0,100.0,99.0,0.0
20240222T0700,10.260245,52.56,100.0,85.0,100.0,100.0,1.0
20240222T0800,10.520246,51.12,100.0,97.0,99.0,100.0,10.0
20240222T0900,10.850245,51.48,99.0,97.0,99.0,95.0,23.0
20240222T1000,10.970245,50.76,94.0,94.0,91.0,94.0,48.0
20240222T1100,11.210245,50.76,94.0,87.0,89.0,94.0,59.0
20240222T1200,11.880245,50.399998,100.0,98.0,97.0,100.0,57.0
20240222T1300,11.980246,49.68,100.0,98.0,100.0,96.0,171.0
20240222T1400,12.240245,50.039997,100.0,98.0,100.0,89.0,94.0
20240222T1500,12.150246,49.32,89.0,83.0,89.0,45.0,34.0
20240222T1600,11.950245,48.96,99.0,93.0,99.0,26.0,22.0
20240222T1700,12.180245,46.8,99.0,95.0,99.0,9.0,5.0
20240222T1800,12.930245,50.399998,97.0,84.0,97.0,14.0,0.0
20240222T1900,12.650246,45.0,99.0,95.0,99.0,40.0,0.0
20240222T2000,10.280245,78.84,100.0,100.0,100.0,69.0,0.0
20240222T2100,8.8102455,70.92,100.0,95.0,100.0,39.0,0.0
20240222T2200,8.580245,65.159996,97.0,93.0,97.0,63.0,0.0
20240222T2300,7.4702454,56.88,99.0,94.0,99.0,58.0,0.0
20240223T0000,6.650245,50.399998,100.0,100.0,100.0,88.0,0.0
20240223T0100,6.0802455,48.239998,89.0,94.0,89.0,76.0,0.0
20240223T0200,5.8202453,45.0,41.0,95.0,37.0,41.0,0.0
20240223T0300,5.5102453,41.760002,51.0,95.0,51.0,35.0,0.0
20240223T0400,5.270245,38.88,45.0,98.0,45.0,25.0,0.0
20240223T0500,4.7602453,34.56,23.0,52.0,23.0,17.0,0.0
20240223T0600,4.0802455,30.960001,10.0,1.0,0.0,10.0,0.0
20240223T0700,3.6102452,23.039999,8.0,1.0,0.0,8.0,12.0
20240223T0800,5.210245,21.599998,3.0,0.0,0.0,3.0,124.0
20240223T0900,6.710245,27.0,4.0,1.0,0.0,4.0,276.0
20240223T1000,7.8302455,31.68,31.0,2.0,31.0,30.0,406.0
20240223T1100,9.030245,38.519997,36.0,0.0,36.0,30.0,442.0
20240223T1200,9.540245,39.6,39.0,1.0,39.0,18.0,445.0
20240223T1300,9.830245,39.96,19.0,1.0,19.0,17.0,431.0
20240223T1400,10.040245,38.16,18.0,5.0,18.0,11.0,330.0
20240223T1500,9.780245,35.64,33.0,15.0,33.0,5.0,288.0
20240223T1600,9.370245,27.0,71.0,72.0,71.0,14.0,184.0
20240223T1700,7.480245,15.84,55.0,80.0,55.0,15.0,46.0
20240223T1800,6.1602454,15.4800005,38.0,74.0,38.0,18.0,0.0
20240223T1900,6.0302453,18.359999,28.0,59.0,28.0,15.0,0.0
20240223T2000,5.790245,15.84,26.0,43.0,26.0,21.0,0.0
20240223T2100,5.480245,25.56,42.0,61.0,42.0,18.0,0.0
20240223T2200,4.650245,30.239998,30.0,84.0,30.0,12.0,0.0
20240223T2300,4.2902455,27.72,43.0,84.0,43.0,25.0,0.0
20240224T0000,4.0502453,20.16,46.0,80.0,46.0,22.0,0.0
20240224T0100,4.2302456,20.519999,50.0,95.0,50.0,18.0,0.0
20240224T0200,3.9902453,21.24,33.0,96.0,33.0,21.0,0.0
20240224T0300,3.9002452,21.599998,70.0,98.0,70.0,23.0,0.0
20240224T0400,4.2902455,21.24,65.0,80.0,65.0,40.0,0.0
20240224T0500,4.5602455,24.119999,56.0,11.0,45.0,56.0,0.0
20240224T0600,4.4702454,24.84,41.0,66.0,41.0,25.0,0.0
20240224T0700,3.9502454,24.119999,34.0,55.0,20.0,34.0,9.0
20240224T0800,5.5102453,23.759998,22.2,74.0,8.0,20.0,107.0
20240224T0900,6.5902452,25.919998,31.0,99.0,31.0,14.0,259.0
20240224T1000,7.500245,31.68,84.0,100.0,84.0,32.0,339.0
20240224T1100,8.180245,47.519997,55.0,98.0,55.0,34.0,375.0
20240224T1200,8.390245,46.44,40.0,98.0,40.0,27.0,345.0
20240224T1300,8.680245,43.92,28.500002,95.0,25.0,17.0,385.0
20240224T1400,9.000245,41.760002,31.0,93.0,31.0,18.0,347.0
20240224T1500,8.500245,36.36,56.0,66.0,56.0,24.0,192.0
20240224T1600,7.770245,28.8,48.0,75.0,48.0,5.0,84.0
20240224T1700,6.5902452,20.880001,25.2,84.0,18.0,12.0,25.0
20240224T1800,4.940245,14.759999,24.0,80.0,20.0,6.0,0.0
20240224T1900,3.4602456,16.919998,11.1,37.0,9.0,1.0,0.0
20240224T2000,2.6102452,15.119999,1.0,3.0,0.0,1.0,0.0
20240224T2100,2.0502453,15.84,1.0,3.0,0.0,1.0,0.0
20240224T2200,1.7202454,16.919998,17.1,57.0,11.0,3.0,0.0
20240224T2300,1.5902454,18.72,29.1,97.0,4.0,1.0,0.0
20240225T0000,1.3102454,19.8,28.2,94.0,13.0,0.0,0.0
20240225T0100,1.1002455,20.16,26.7,89.0,17.0,16.0,0.0
20240225T0200,1.3202454,20.519999,24.900002,83.0,16.0,6.0,0.0
20240225T0300,1.5802454,20.16,24.6,82.0,20.0,12.0,0.0
20240225T0400,1.6702454,20.16,22.0,46.0,19.0,22.0,0.0
20240225T0500,1.7402455,20.16,29.0,16.0,29.0,17.0,0.0
20240225T0600,1.8502454,18.72,21.0,2.0,21.0,18.0,0.0
20240225T0700,2.1502454,21.96,20.0,8.0,16.0,20.0,15.0
20240225T0800,3.8102455,20.519999,9.0,21.0,5.0,9.0,122.0
20240225T0900,6.3502455,20.16,7.5000005,25.0,0.0,1.0,263.0
20240225T1000,8.670245,21.96,3.0,2.0,3.0,2.0,416.0
20240225T1100,10.0602455,31.68,7.0,2.0,2.0,7.0,510.0
20240225T1200,11.230246,32.399998,13.0,1.0,7.0,13.0,536.0
20240225T1300,11.680245,32.039997,15.0,5.0,12.0,15.0,518.0
20240225T1400,11.960245,28.08,28.0,50.0,28.0,23.0,419.0
20240225T1500,11.950245,25.199999,37.0,98.0,37.0,22.0,281.0
20240225T1600,10.850245,20.880001,71.0,99.0,71.0,10.0,168.0
20240225T1700,8.920245,18.0,71.0,98.0,71.0,0.0,39.0
20240225T1800,7.8002453,16.56,93.0,93.0,93.0,0.0,0.0
20240225T1900,7.150245,17.64,97.0,100.0,97.0,0.0,0.0
20240225T2000,7.3402452,16.199999,98.0,100.0,98.0,0.0,0.0
20240225T2100,7.4702454,14.759999,99.0,100.0,99.0,2.0,0.0
20240225T2200,7.190245,14.759999,100.0,100.0,100.0,18.0,0.0
20240225T2300,7.190245,14.759999,95.0,100.0,95.0,12.0,0.0
20240226T0000,7.0602455,16.56,100.0,100.0,100.0,25.0,0.0
20240226T0100,6.900245,17.64,100.0,100.0,100.0,25.0,0.0
20240226T0200,6.5502453,17.64,100.0,100.0,100.0,35.0,0.0
20240226T0300,6.360245,16.56,100.0,98.0,100.0,28.0,0.0
20240226T0400,6.3702455,16.199999,100.0,92.0,100.0,58.0,0.0
20240226T0500,6.460245,17.28,89.0,72.0,89.0,46.0,0.0
20240226T0600,6.6602454,18.359999,90.0,71.0,90.0,39.0,0.0
20240226T0700,6.630245,16.919998,95.0,93.0,95.0,37.0,10.0
20240226T0800,7.3902454,16.919998,94.0,96.0,94.0,28.0,78.0
20240226T0900,8.450246,15.84,88.0,93.0,88.0,16.0,189.0
20240226T1000,9.540245,15.4800005,94.0,99.0,94.0,7.0,276.0
20240226T1100,10.600245,15.119999,94.0,94.0,94.0,1.0,352.0
20240226T1200,11.410245,15.4800005,80.0,87.0,80.0,1.0,350.0
20240226T1300,12.510245,14.4,97.0,92.0,97.0,4.0,301.0
20240226T1400,12.960245,13.679999,95.0,93.0,95.0,2.0,265.0
20240226T1500,13.030245,12.24,93.0,87.0,93.0,0.0,180.0
20240226T1600,12.200245,10.440001,92.0,80.0,92.0,1.0,106.0
20240226T1700,10.420245,10.440001,70.0,59.0,70.0,0.0,30.0
20240226T1800,8.700245,12.599999,33.0,24.0,33.0,0.0,0.0
20240226T1900,7.6802454,13.679999,30.0,14.0,30.0,0.0,0.0
20240226T2000,6.9902453,12.599999,27.0,50.0,27.0,0.0,0.0
20240226T2100,6.650245,13.32,22.0,70.0,22.0,0.0,0.0
20240226T2200,5.7602453,13.32,71.0,39.0,71.0,0.0,0.0
20240226T2300,5.6002455,13.679999,21.300001,71.0,0.0,0.0,0.0
20240227T0000,5.3102455,15.119999,26.400002,88.0,0.0,0.0,0.0
20240227T0100,4.940245,15.119999,28.800001,96.0,3.0,3.0,0.0
20240227T0200,4.6402454,16.919998,29.7,99.0,26.0,10.0,0.0
20240227T0300,4.920245,17.28,53.0,100.0,53.0,20.0,0.0
20240227T0400,5.3702455,18.359999,85.0,100.0,85.0,9.0,0.0
20240227T0500,6.020245,19.44,95.0,100.0,95.0,24.0,0.0
20240227T0600,6.650245,19.08,97.0,83.0,97.0,37.0,0.0
20240227T0700,6.7402453,18.72,98.0,95.0,98.0,41.0,8.0
20240227T0800,7.2602453,19.44,94.0,92.0,94.0,20.0,54.0
20240227T0900,7.900245,25.199999,53.0,77.0,53.0,9.0,157.0
20240227T1000,8.730246,30.599998,44.0,100.0,44.0,14.0,356.0
20240227T1100,9.580245,32.760002,30.000002,100.0,5.0,11.0,416.0
20240227T1200,10.430245,32.760002,52.0,100.0,25.0,52.0,378.0
20240227T1300,10.800245,33.839996,90.0,100.0,48.0,90.0,235.0
20240227T1400,10.820246,35.28,92.0,91.0,70.0,92.0,182.0
20240227T1500,10.650246,35.64,95.0,73.0,81.0,95.0,198.0
20240227T1600,10.220245,31.68,96.0,41.0,76.0,96.0,105.0
20240227T1700,9.590245,23.759998,90.0,55.0,69.0,90.0,27.0
20240227T1800,9.180245,20.880001,86.0,54.0,70.0,86.0,0.0
20240227T1900,8.800245,24.48,76.0,85.0,58.0,76.0,0.0
20240227T2000,8.400246,24.119999,74.0,92.0,49.0,74.0,0.0
20240227T2100,7.520245,23.759998,77.0,99.0,55.0,77.0,0.0
20240227T2200,8.030246,23.039999,78.0,86.0,36.0,78.0,0.0
20240227T2300,8.000245,21.599998,78.0,63.0,27.0,78.0,0.0
20240228T0000,7.920245,19.8,84.0,55.0,17.0,84.0,0.0
20240228T0100,7.420245,18.0,80.0,80.0,17.0,80.0,0.0
20240228T0200,6.8102455,15.119999,35.0,87.0,7.0,35.0,0.0
20240228T0300,6.440245,14.4,22.800001,76.0,5.0,20.0,0.0
20240228T0400,6.1402454,15.84,37.0,61.0,5.0,37.0,0.0
20240228T0500,6.0102453,16.56,43.0,70.0,5.0,43.0,0.0
20240228T0600,5.8202453,16.199999,55.0,79.0,5.0,55.0,0.0
20240228T0700,5.3502455,15.84,47.0,75.0,1.0,47.0,14.0
20240228T0800,5.710245,15.84,51.0,63.0,0.0,51.0,80.0
20240228T0900,6.710245,18.72,59.0,41.0,0.0,59.0,195.0
20240228T1000,8.070246,20.519999,94.0,12.0,0.0,94.0,274.0
20240228T1100,8.970245,22.68,93.0,0.0,0.0,93.0,303.0
20240228T1200,9.930245,25.56,88.0,0.0,0.0,88.0,335.0
20240228T1300,10.290245,26.28,86.0,3.0,0.0,86.0,280.0
20240228T1400,10.710245,25.919998,84.0,25.0,0.0,84.0,245.0
20240228T1500,10.710245,22.68,83.0,78.0,0.0,83.0,192.0
20240228T1600,10.330245,18.0,83.0,98.0,0.0,83.0,103.0
20240228T1700,9.200245,11.879999,79.0,35.0,0.0,79.0,37.0
20240228T1800,7.8902454,10.440001,74.0,68.0,0.0,74.0,0.0
20240228T1900,6.8902454,14.04,70.0,92.0,0.0,70.0,0.0
20240228T2000,6.8202453,10.799999,74.0,95.0,0.0,74.0,0.0
20240228T2100,6.2802453,8.28,55.0,82.0,0.0,55.0,0.0
20240228T2200,6.1402454,8.28,24.0,52.0,0.0,24.0,0.0
20240228T2300,5.730245,7.2,21.900002,73.0,3.0,20.0,0.0
20240229T0000,5.040245,5.3999996,17.400002,58.0,13.0,10.0,0.0
20240229T0100,3.9002452,7.2,34.0,30.0,34.0,10.0,0.0
20240229T0200,3.3002453,8.28,23.0,9.0,23.0,8.0,0.0
20240229T0300,3.0502453,8.28,8.0,23.0,0.0,8.0,0.0
20240229T0400,3.5402455,7.5599995,9.900001,33.0,0.0,2.0,0.0
20240229T0500,3.4202452,7.2,25.0,22.0,0.0,25.0,0.0
20240229T0600,3.2002454,7.5599995,75.0,16.0,1.0,75.0,0.0
20240229T0700,3.5502453,11.5199995,75.0,4.0,1.0,75.0,18.0
20240229T0800,4.400245,12.959999,75.0,5.0,0.0,75.0,110.0
20240229T0900,6.0602455,12.959999,57.0,3.0,1.0,57.0,265.0
20240229T1000,7.6402454,12.24,37.0,2.0,4.0,37.0,415.0
20240229T1100,8.990245,12.959999,23.0,1.0,5.0,23.0,522.0
20240229T1200,10.020246,13.32,54.0,0.0,3.0,54.0,535.0
20240229T1300,10.850245,12.959999,56.0,0.0,1.0,56.0,524.0
20240229T1400,11.460245,13.32,22.0,0.0,0.0,22.0,478.0
20240229T1500,11.520246,12.599999,19.0,0.0,0.0,19.0,366.0
20240229T1600,11.140245,10.440001,8.0,0.0,0.0,8.0,219.0
20240229T1700,8.5602455,9.36,7.0,0.0,0.0,7.0,71.0
20240229T1800,6.5802455,9.72,2.0,0.0,0.0,2.0,1.0
20240229T1900,5.5802455,10.440001,7.0,0.0,7.0,1.0,0.0
20240229T2000,4.400245,10.440001,20.0,0.0,20.0,0.0,0.0
20240229T2100,4.1802454,11.159999,29.0,0.0,29.0,1.0,0.0
20240229T2200,3.7802453,11.879999,26.0,16.0,26.0,0.0,0.0
20240229T2300,3.8102455,12.959999,48.0,32.0,48.0,0.0,0.0
20240301T0000,3.9402456,13.32,73.0,18.0,73.0,0.0,0.0
20240301T0100,4.380245,12.959999,87.0,26.0,87.0,4.0,0.0
20240301T0200,4.8002453,12.24,95.0,47.0,95.0,15.0,0.0
20240301T0300,5.540245,12.599999,92.0,55.0,92.0,9.0,0.0
20240301T0400,5.960245,12.959999,98.0,63.0,98.0,32.0,0.0
20240301T0500,6.230245,13.679999,100.0,88.0,100.0,63.0,0.0
20240301T0600,6.380245,14.04,100.0,85.0,100.0,71.0,0.0
20240301T0700,6.750245,15.84,100.0,100.0,100.0,85.0,11.0
20240301T0800,7.3002453,19.44,100.0,100.0,100.0,91.0,54.0
20240301T0900,7.860245,22.319998,99.0,99.0,99.0,82.0,109.0
20240301T1000,8.260245,28.8,99.0,99.0,99.0,93.0,193.0
20240301T1100,8.470245,29.16,100.0,100.0,100.0,100.0,202.0
20240301T1200,8.690246,29.16,98.0,98.0,98.0,88.0,224.0
20240301T1300,9.210245,27.359999,99.0,99.0,99.0,81.0,238.0
20240301T1400,9.680245,24.48,99.0,100.0,99.0,82.0,212.0
20240301T1500,9.8102455,21.599998,98.0,99.0,98.0,1.0,137.0
20240301T1600,9.620245,13.32,90.0,91.0,90.0,0.0,120.0
20240301T1700,8.090245,12.599999,76.0,89.0,76.0,0.0,55.0
20240301T1800,6.270245,15.119999,47.0,87.0,47.0,0.0,1.0
20240301T1900,5.630245,19.44,36.0,93.0,36.0,0.0,0.0
20240301T2000,5.380245,18.72,47.0,94.0,47.0,0.0,0.0
20240301T2100,5.0302453,18.72,45.0,96.0,45.0,0.0,0.0
20240301T2200,4.5702453,18.359999,27.900002,93.0,3.0,0.0,0.0
20240301T2300,3.8802452,16.56,16.0,0.0,2.0,16.0,0.0
20240302T0000,3.2702456,16.199999,70.0,0.0,11.0,70.0,0.0
20240302T0100,3.1602454,17.28,74.0,0.0,14.0,74.0,0.0
20240302T0200,3.0002456,18.359999,71.0,0.0,13.0,71.0,0.0
20240302T0300,2.9002452,18.72,74.0,0.0,17.0,74.0,0.0
20240302T0400,3.1502452,19.8,76.0,0.0,22.0,76.0,0.0
20240302T0500,3.5702453,20.16,80.0,0.0,36.0,80.0,0.0
20240302T0600,3.6002455,19.8,79.0,3.0,48.0,79.0,0.0
20240302T0700,3.9802456,21.96,22.0,2.0,14.0,22.0,22.0
20240302T0800,6.3402452,22.319998,15.0,41.0,7.0,15.0,136.0
20240302T0900,8.960245,21.24,17.400002,58.0,7.0,10.0,266.0
20240302T1000,10.510245,20.519999,35.0,50.0,35.0,8.0,385.0
20240302T1100,12.360246,20.519999,32.0,9.0,32.0,0.0,517.0
20240302T1200,13.320246,21.24,47.0,74.0,47.0,0.0,556.0
20240302T1300,13.970245,20.880001,75.0,97.0,75.0,1.0,547.0
20240302T1400,13.860246,20.16,91.0,96.0,91.0,0.0,455.0
20240302T1500,14.030245,17.64,97.0,97.0,97.0,0.0,302.0
20240302T1600,13.410245,15.84,94.0,93.0,94.0,0.0,162.0
20240302T1700,11.300245,15.119999,87.0,79.0,87.0,0.0,51.0
20240302T1800,10.860246,11.5199995,31.0,91.0,31.0,0.0,1.0
20240302T1900,9.960245,16.199999,46.0,92.0,46.0,0.0,0.0
20240302T2000,7.1002455,13.32,62.0,64.0,62.0,0.0,0.0
20240302T2100,6.4902453,13.32,86.0,87.0,86.0,0.0,0.0
20240302T2200,6.770245,10.799999,34.0,97.0,34.0,0.0,0.0
20240302T2300,5.6402454,8.64,89.0,94.0,89.0,0.0,0.0
20240303T0000,5.750245,8.28,98.0,99.0,98.0,0.0,0.0
20240303T0100,5.9102454,9.36,97.0,98.0,97.0,0.0,0.0
20240303T0200,6.3502455,9.72,96.0,100.0,96.0,0.0,0.0
20240303T0300,6.1802454,10.08,100.0,100.0,100.0,0.0,0.0
20240303T0400,5.8002453,10.440001,99.0,99.0,99.0,0.0,0.0
20240303T0500,5.7202454,10.08,99.0,100.0,99.0,0.0,0.0
20240303T0600,5.3002453,10.08,100.0,100.0,100.0,0.0,0.0
20240303T0700,5.650245,13.32,99.0,100.0,99.0,0.0,12.0
20240303T0800,7.3502455,13.32,98.0,98.0,98.0,0.0,78.0
20240303T0900,9.700245,13.32,89.0,99.0,89.0,0.0,196.0
20240303T1000,11.280245,14.04,84.0,98.0,84.0,0.0,326.0
20240303T1100,11.730246,13.679999,34.0,97.0,34.0,0.0,325.0
20240303T1200,12.140245,14.04,36.0,98.0,36.0,0.0,339.0
20240303T1300,12.850245,15.84,53.0,99.0,53.0,0.0,366.0
20240303T1400,13.3102455,16.919998,35.0,100.0,35.0,0.0,357.0
20240303T1500,13.030245,18.359999,29.7,99.0,19.0,0.0,291.0
20240303T1600,12.130245,19.8,29.7,99.0,7.0,13.0,180.0
20240303T1700,10.650246,19.8,28.800001,96.0,17.0,22.0,69.0
20240303T1800,9.190246,18.72,43.0,92.0,24.0,43.0,1.0
20240303T1900,8.050245,25.199999,54.0,52.0,29.0,54.0,0.0
20240303T2000,8.250245,21.96,70.0,57.0,26.0,70.0,0.0
20240303T2100,7.940245,21.96,89.0,79.0,19.0,89.0,0.0
20240303T2200,8.410246,21.599998,93.0,98.0,11.0,93.0,0.0
20240303T2300,7.900245,21.96,90.0,98.0,19.0,90.0,0.0
20240304T0000,7.5302453,23.4,89.0,96.0,39.0,89.0,0.0
20240304T0100,7.1202455,24.119999,89.0,89.0,46.0,89.0,0.0
20240304T0200,6.7602453,23.759998,93.0,94.0,37.0,93.0,0.0
20240304T0300,6.5702453,23.4,93.0,93.0,46.0,93.0,0.0
20240304T0400,6.420245,21.96,99.0,83.0,67.0,99.0,0.0
20240304T0500,6.380245,19.44,91.0,13.0,84.0,91.0,0.0
20240304T0600,6.3402452,18.0,92.0,0.0,90.0,92.0,0.0
20240304T0700,6.3102455,10.440001,100.0,0.0,97.0,100.0,6.0
20240304T0800,6.420245,11.5199995,100.0,0.0,99.0,100.0,21.0
20240304T0900,6.8302455,11.159999,100.0,0.0,96.0,100.0,49.0
20240304T1000,7.4302454,11.879999,100.0,17.0,85.0,100.0,65.0
20240304T1100,7.8702455,12.24,100.0,8.0,79.0,100.0,81.0
20240304T1200,8.460245,13.32,100.0,0.0,75.0,100.0,105.0
20240304T1300,8.930245,14.4,100.0,0.0,56.0,100.0,129.0
20240304T1400,9.230246,14.4,100.0,0.0,24.0,100.0,99.0
20240304T1500,9.230246,13.32,100.0,0.0,23.0,100.0,86.0
20240304T1600,9.080245,11.159999,100.0,0.0,17.0,100.0,63.0
20240304T1700,8.670245,9.36,100.0,3.0,20.0,100.0,22.0
20240304T1800,7.9902453,7.5599995,98.0,1.0,9.0,98.0,1.0
20240304T1900,7.690245,8.28,96.0,4.0,16.0,96.0,0.0
20240304T2000,7.4102454,7.2,98.0,10.0,17.0,98.0,0.0
20240304T2100,7.540245,6.4799995,100.0,11.0,21.0,100.0,0.0
20240304T2200,7.3002453,5.7599998,92.0,7.0,26.0,92.0,0.0
20240304T2300,7.400245,5.3999996,85.0,25.0,28.0,85.0,0.0
20240305T0000,7.520245,5.04,85.0,24.0,30.0,85.0,0.0
20240305T0100,7.2602453,6.12,88.0,33.0,16.0,88.0,0.0
20240305T0200,7.1602454,7.2,84.0,15.0,19.0,84.0,0.0
20240305T0300,6.880245,8.28,78.0,10.0,35.0,78.0,0.0
20240305T0400,6.8502455,9.72,77.0,39.0,48.0,77.0,0.0
20240305T0500,7.0102453,12.959999,82.0,92.0,58.0,82.0,0.0
20240305T0600,6.790245,16.919998,66.0,100.0,66.0,50.0,0.0
20240305T0700,6.630245,15.119999,78.0,98.0,78.0,42.0,16.0
20240305T0800,6.730245,17.64,76.0,37.0,76.0,38.0,84.0
20240305T0900,7.2002454,22.319998,75.0,53.0,75.0,58.0,145.0
20240305T1000,8.000245,29.16,69.0,76.0,69.0,30.0,213.0
20240305T1100,8.720245,29.88,51.0,60.0,51.0,41.0,264.0
20240305T1200,9.500245,30.960001,51.0,4.0,51.0,35.0,382.0
20240305T1300,9.780245,34.92,56.0,12.0,56.0,53.0,440.0
20240305T1400,10.090245,31.319998,79.0,36.0,79.0,24.0,347.0
20240305T1500,10.030245,28.8,97.0,90.0,97.0,9.0,291.0
20240305T1600,9.590245,21.599998,100.0,100.0,100.0,18.0,158.0
20240305T1700,8.610246,18.359999,100.0,99.0,100.0,19.0,67.0
20240305T1800,7.3202453,13.32,99.0,99.0,99.0,6.0,2.0
20240305T1900,7.170245,12.24,100.0,100.0,100.0,14.0,0.0
20240305T2000,6.7802453,12.24,100.0,100.0,100.0,37.0,0.0
20240305T2100,6.7202454,13.679999,100.0,100.0,100.0,46.0,0.0
20240305T2200,6.4902453,13.679999,100.0,100.0,100.0,19.0,0.0
20240305T2300,6.4302454,13.32,98.0,100.0,98.0,20.0,0.0
20240306T0000,6.190245,12.24,99.0,100.0,99.0,22.0,0.0
20240306T0100,6.130245,11.5199995,100.0,98.0,100.0,24.0,0.0
20240306T0200,5.9702454,11.5199995,100.0,100.0,100.0,28.0,0.0
20240306T0300,5.710245,12.599999,100.0,100.0,100.0,35.0,0.0
20240306T0400,5.6202455,13.32,83.0,94.0,83.0,40.0,0.0
20240306T0500,5.6402454,13.32,82.0,88.0,82.0,47.0,0.0
20240306T0600,5.5302453,13.32,91.0,91.0,91.0,56.0,0.0
20240306T0700,5.500245,11.879999,96.0,91.0,96.0,57.0,19.0
20240306T0800,5.8502455,14.759999,99.0,96.0,99.0,56.0,97.0
20240306T0900,6.400245,18.0,99.0,76.0,99.0,50.0,199.0
20240306T1000,7.0302453,20.519999,41.0,13.0,29.0,41.0,339.0
20240306T1100,7.460245,21.599998,50.0,8.0,42.0,50.0,374.0
20240306T1200,8.040245,20.880001,79.0,11.0,79.0,53.0,326.0
20240306T1300,8.610246,19.8,98.0,9.0,98.0,57.0,317.0
20240306T1400,8.470245,20.16,100.0,32.0,100.0,49.0,208.0
20240306T1500,8.040245,19.44,97.0,91.0,97.0,38.0,156.0
20240306T1600,7.5302453,18.72,95.0,100.0,95.0,43.0,120.0
20240306T1700,6.790245,16.199999,99.0,99.0,99.0,21.0,39.0
20240306T1800,6.020245,10.799999,99.0,96.0,99.0,34.0,2.0
20240306T1900,5.7202454,9.0,100.0,74.0,100.0,81.0,0.0
20240306T2000,5.4702454,7.92,99.0,7.0,99.0,97.0,0.0
20240306T2100,5.380245,7.5599995,97.0,0.0,97.0,96.0,0.0
20240306T2200,5.630245,7.92,99.0,0.0,99.0,79.0,0.0
20240306T2300,5.6002455,7.92,96.0,0.0,96.0,83.0,0.0
20240307T0000,5.8002453,7.92,53.0,0.0,42.0,53.0,0.0
20240307T0100,5.8902454,6.4799995,85.0,4.0,14.0,85.0,0.0
20240307T0200,6.150245,6.8399997,93.0,27.0,28.0,93.0,0.0
20240307T0300,6.460245,6.8399997,94.0,16.0,23.0,94.0,0.0
20240307T0400,6.5302453,7.2,98.0,3.0,17.0,98.0,0.0
20240307T0500,6.4902453,7.92,96.0,2.0,20.0,96.0,0.0
20240307T0600,5.8902454,9.36,85.0,0.0,14.0,85.0,0.0
20240307T0700,6.0802455,12.599999,86.0,0.0,6.0,86.0,23.0
20240307T0800,6.3202453,15.4800005,89.0,0.0,0.0,89.0,150.0
20240307T0900,6.630245,19.44,100.0,0.0,0.0,100.0,226.0
20240307T1000,7.170245,21.96,92.0,0.0,0.0,92.0,281.0
20240307T1100,7.5802455,23.4,100.0,0.0,0.0,100.0,318.0
20240307T1200,8.170245,24.119999,92.0,0.0,22.0,92.0,396.0
20240307T1300,8.610246,22.68,83.0,0.0,47.0,83.0,392.0
20240307T1400,8.670245,22.319998,91.0,0.0,43.0,91.0,331.0
20240307T1500,8.510245,21.96,87.0,0.0,41.0,87.0,262.0
20240307T1600,8.100245,21.24,81.0,0.0,21.0,81.0,138.0
20240307T1700,7.110245,18.0,65.0,0.0,6.0,65.0,69.0
20240307T1800,5.460245,14.4,48.0,0.0,3.0,48.0,4.0
20240307T1900,4.4802456,14.04,16.0,0.0,1.0,16.0,0.0
20240307T2000,3.8402452,14.04,6.0,0.0,0.0,6.0,0.0
20240307T2100,3.0802455,14.4,2.0,0.0,0.0,2.0,0.0
20240307T2200,2.1302454,14.4,6.0,0.0,0.0,6.0,0.0
20240307T2300,1.3002454,13.679999,18.0,0.0,0.0,18.0,0.0
20240308T0000,0.8302454,13.32,20.0,0.0,0.0,20.0,0.0
20240308T0100,0.5602454,12.959999,20.0,0.0,0.0,20.0,0.0
20240308T0200,0.3902454,12.24,22.0,0.0,0.0,22.0,0.0
20240308T0300,0.19024539,12.24,21.0,0.0,0.0,21.0,0.0
20240308T0400,0.11024541,12.24,24.0,0.0,0.0,24.0,0.0
20240308T0500,0.1502454,12.24,28.0,0.0,0.0,28.0,0.0
20240308T0600,0.17024541,11.879999,27.0,0.0,0.0,27.0,0.0
20240308T0700,1.2802454,15.119999,16.0,0.0,0.0,16.0,40.0
20240308T0800,3.4802456,16.919998,6.0,0.0,0.0,6.0,155.0
20240308T0900,5.4702454,18.359999,0.0,0.0,0.0,0.0,290.0
20240308T1000,6.9302454,18.72,15.0,0.0,0.0,15.0,472.0
20240308T1100,8.5602455,19.44,0.0,0.0,0.0,0.0,589.0
20240308T1200,9.920245,21.599998,0.3,1.0,0.0,0.0,627.0
20240308T1300,10.980246,24.119999,10.0,30.0,10.0,0.0,607.0
20240308T1400,11.390245,25.919998,21.6,72.0,16.0,0.0,524.0
20240308T1500,11.350245,27.0,24.0,67.0,24.0,0.0,396.0
20240308T1600,10.600245,27.0,70.0,18.0,70.0,0.0,257.0
20240308T1700,8.790245,23.039999,88.0,59.0,88.0,0.0,95.0
20240308T1800,7.1802454,17.28,98.0,85.0,98.0,0.0,4.0
20240308T1900,6.360245,15.4800005,99.0,57.0,99.0,0.0,0.0
20240308T2000,6.0802455,12.599999,97.0,72.0,97.0,0.0,0.0
20240308T2100,5.650245,10.08,99.0,68.0,99.0,0.0,0.0
20240308T2200,5.9702454,9.0,92.0,96.0,92.0,0.0,0.0
20240308T2300,5.9102454,8.28,100.0,99.0,100.0,0.0,0.0
20240309T0000,6.3402452,7.92,100.0,100.0,100.0,0.0,0.0
20240309T0100,6.2002454,11.879999,92.0,100.0,92.0,0.0,0.0
20240309T0200,5.6802454,14.04,29.1,97.0,29.0,0.0,0.0
20240309T0300,4.670245,14.04,19.5,65.0,2.0,0.0,0.0
20240309T0400,3.5202456,11.879999,16.800001,56.0,5.0,0.0,0.0
20240309T0500,2.9802456,12.24,43.0,64.0,43.0,0.0,0.0
20240309T0600,2.5702453,12.959999,87.0,49.0,87.0,0.0,0.0
20240309T0700,3.8302455,15.119999,91.0,66.0,91.0,0.0,42.0
20240309T0800,6.4702454,17.28,29.1,97.0,1.0,0.0,196.0
20240309T0900,8.940246,18.359999,29.400002,98.0,1.0,0.0,348.0
20240309T1000,10.830245,22.68,29.1,97.0,3.0,0.0,451.0
20240309T1100,12.220245,23.759998,29.400002,98.0,1.0,0.0,546.0
20240309T1200,13.300245,23.039999,30.000002,100.0,2.0,0.0,594.0
20240309T1300,14.120245,24.84,30.000002,100.0,27.0,0.0,557.0
20240309T1400,14.500245,24.84,46.0,100.0,46.0,0.0,471.0
20240309T1500,14.510245,23.759998,96.0,100.0,96.0,0.0,302.0
20240309T1600,13.760245,20.16,89.0,99.0,89.0,0.0,188.0
20240309T1700,11.880245,16.919998,72.0,98.0,72.0,0.0,74.0
20240309T1800,10.240245,15.84,65.0,100.0,65.0,0.0,4.0
20240309T1900,10.120245,19.44,81.0,100.0,81.0,0.0,0.0
20240309T2000,9.990245,18.72,36.0,100.0,36.0,0.0,0.0
20240309T2100,9.530245,18.72,30.000002,100.0,20.0,0.0,0.0
20240309T2200,9.110246,16.199999,35.0,100.0,35.0,0.0,0.0
20240309T2300,8.770246,15.119999,97.0,100.0,97.0,0.0,0.0
20240310T0000,8.620245,12.959999,98.0,100.0,98.0,0.0,0.0
20240310T0100,8.470245,10.799999,32.0,100.0,32.0,0.0,0.0
20240310T0200,8.010245,12.24,30.000002,100.0,0.0,0.0,0.0
20240310T0300,7.8402452,13.679999,30.000002,100.0,21.0,0.0,0.0
20240310T0400,7.3502455,14.04,63.0,100.0,63.0,0.0,0.0
20240310T0500,6.730245,12.959999,95.0,100.0,95.0,0.0,0.0
20240310T0600,6.650245,12.24,61.0,100.0,61.0,0.0,0.0
20240310T0700,7.210245,11.879999,100.0,100.0,100.0,0.0,20.0
20240310T0800,7.920245,11.879999,94.0,100.0,94.0,0.0,40.0
20240310T0900,8.530246,15.4800005,80.0,100.0,80.0,0.0,187.0
20240310T1000,9.500245,19.44,51.0,99.0,51.0,0.0,230.0
20240310T1100,9.8102455,22.319998,58.0,100.0,58.0,2.0,160.0
20240310T1200,9.990245,27.0,100.0,100.0,100.0,14.0,176.0
20240310T1300,10.320246,29.16,96.0,100.0,96.0,44.0,231.0
20240310T1400,9.390245,29.88,96.0,100.0,96.0,69.0,54.0
20240310T1500,8.840245,19.08,100.0,100.0,100.0,87.0,54.0
20240310T1600,8.360246,15.4800005,100.0,100.0,100.0,70.0,23.0
20240310T1700,7.900245,15.84,100.0,99.0,100.0,72.0,12.0
20240310T1800,7.5602455,17.64,100.0,87.0,100.0,64.0,1.0
20240310T1900,7.3002453,20.880001,99.0,75.0,99.0,35.0,0.0
20240310T2000,6.9902453,20.519999,91.0,73.0,91.0,24.0,0.0
20240310T2100,6.6602454,20.16,57.0,75.0,57.0,21.0,0.0
20240310T2200,6.0802455,18.359999,51.0,84.0,51.0,51.0,0.0
20240310T2300,5.3902454,16.919998,27.0,71.0,0.0,27.0,0.0
20240311T0000,4.6202455,15.84,31.0,21.0,0.0,31.0,0.0
20240311T0100,3.8802452,14.4,25.0,37.0,14.0,25.0,0.0
20240311T0200,3.0802455,14.4,18.0,59.0,17.0,18.0,0.0
20240311T0300,2.7002454,14.759999,36.0,74.0,36.0,17.0,0.0
20240311T0400,2.8102455,14.4,39.0,80.0,39.0,14.0,0.0
20240311T0500,2.7102456,14.04,24.900002,83.0,24.0,8.0,0.0
20240311T0600,2.7102456,13.32,19.800001,66.0,3.0,8.0,0.0
20240311T0700,3.8702455,16.919998,5.7000003,19.0,0.0,4.0,62.0
20240311T0800,6.1402454,18.0,4.5,15.0,0.0,3.0,211.0
20240311T0900,8.210245,20.16,12.0,32.0,0.0,12.0,372.0
20240311T1000,9.820246,23.4,32.0,35.0,0.0,32.0,504.0
20240311T1100,10.990245,24.119999,24.0,65.0,7.0,24.0,578.0
20240311T1200,11.720245,23.4,24.300001,81.0,16.0,19.0,602.0
20240311T1300,12.270246,24.119999,31.0,92.0,14.0,31.0,547.0
20240311T1400,12.8102455,24.119999,43.0,97.0,18.0,43.0,471.0
20240311T1500,12.5602455,22.68,29.1,97.0,20.0,10.0,391.0
20240311T1600,11.970245,21.24,20.1,67.0,10.0,5.0,232.0
20240311T1700,10.160245,14.4,18.0,38.0,18.0,3.0,106.0
20240311T1800,8.3102455,14.04,17.0,0.0,17.0,10.0,7.0
20240311T1900,6.920245,19.44,11.0,0.0,9.0,11.0,0.0
20240311T2000,6.5102453,16.919998,10.0,0.0,6.0,10.0,0.0
20240311T2100,6.2402453,16.199999,7.0,0.0,4.0,7.0,0.0
20240311T2200,6.110245,16.199999,4.0,0.0,4.0,3.0,0.0
20240311T2300,5.4502454,16.56,3.0,4.0,3.0,1.0,0.0
20240312T0000,5.130245,16.199999,8.0,11.0,8.0,4.0,0.0
20240312T0100,5.1002455,16.199999,15.0,22.0,12.0,15.0,0.0
20240312T0200,5.3102455,16.919998,34.0,13.0,25.0,34.0,0.0
20240312T0300,5.8102455,18.72,65.0,8.0,65.0,54.0,0.0
20240312T0400,6.130245,19.8,88.0,0.0,88.0,68.0,0.0
20240312T0500,6.440245,20.519999,95.0,0.0,95.0,86.0,0.0
20240312T0600,6.8502455,22.319998,95.0,3.0,95.0,81.0,0.0
20240312T0700,7.0302453,23.039999,98.0,6.0,93.0,98.0,24.0
20240312T0800,7.480245,24.84,98.0,13.0,89.0,98.0,73.0
20240312T0900,8.160246,30.239998,81.0,72.0,67.0,81.0,125.0
20240312T1000,8.460245,32.399998,66.0,75.0,51.0,66.0,200.0
20240312T1100,9.030245,30.239998,61.0,32.0,58.0,61.0,287.0
20240312T1200,9.260245,33.12,73.0,3.0,73.0,61.0,400.0
20240312T1300,9.490245,37.44,85.0,22.0,85.0,57.0,454.0
20240312T1400,9.640245,34.56,94.0,96.0,94.0,61.0,329.0
20240312T1500,9.730246,34.56,95.0,100.0,95.0,79.0,236.0
20240312T1600,9.590245,33.839996,100.0,100.0,100.0,90.0,146.0
20240312T1700,9.090245,28.08,100.0,100.0,100.0,41.0,48.0
20240312T1800,8.470245,23.4,100.0,100.0,100.0,13.0,3.0
20240312T1900,8.170245,19.44,100.0,100.0,100.0,23.0,0.0
20240312T2000,7.8202453,21.96,100.0,100.0,100.0,43.0,0.0
20240312T2100,7.5602455,25.56,100.0,98.0,100.0,71.0,0.0
20240312T2200,7.4902453,27.72,76.0,95.0,76.0,67.0,0.0
20240312T2300,7.5102453,28.44,100.0,99.0,99.0,100.0,0.0
20240313T0000,7.630245,28.8,100.0,94.0,100.0,100.0,0.0
20240313T0100,7.7802453,29.16,99.0,42.0,99.0,99.0,0.0
20240313T0200,7.9302454,30.960001,100.0,15.0,99.0,100.0,0.0
20240313T0300,8.020246,30.960001,100.0,24.0,84.0,100.0,0.0
20240313T0400,8.200246,29.88,100.0,19.0,82.0,100.0,0.0
20240313T0500,8.350245,27.72,100.0,0.0,91.0,100.0,0.0
20240313T0600,8.540245,25.199999,100.0,5.0,92.0,100.0,0.0
20240313T0700,8.860246,25.919998,100.0,44.0,88.0,100.0,5.0
20240313T0800,9.450245,23.759998,100.0,67.0,93.0,100.0,12.0
20240313T0900,10.010245,20.880001,100.0,41.0,97.0,100.0,33.0
20240313T1000,10.540245,21.24,97.0,10.0,92.0,97.0,48.0
20240313T1100,11.370245,23.4,100.0,0.0,93.0,100.0,73.0
20240313T1200,12.170245,24.84,100.0,0.0,94.0,100.0,98.0
20240313T1300,12.910245,24.48,100.0,0.0,79.0,100.0,117.0
20240313T1400,12.940246,23.4,100.0,6.0,46.0,100.0,119.0
20240313T1500,13.050245,21.24,99.0,54.0,36.0,99.0,128.0
20240313T1600,12.670245,18.72,96.0,83.0,42.0,96.0,56.0
20240313T1700,11.910245,12.24,64.0,77.0,28.0,64.0,37.0
20240313T1800,10.820246,8.28,60.0,94.0,26.0,60.0,4.0
20240313T1900,9.110246,9.0,49.0,97.0,22.0,49.0,0.0
20240313T2000,7.9902453,8.64,40.0,94.0,15.0,40.0,0.0
20240313T2100,7.6802454,9.36,33.0,98.0,11.0,33.0,0.0
20240313T2200,7.1402454,9.72,28.800001,96.0,13.0,10.0,0.0
20240313T2300,6.8502455,10.08,49.0,96.0,20.0,49.0,0.0
20240314T0000,6.5102453,10.440001,96.0,99.0,46.0,96.0,0.0
20240314T0100,5.8302455,11.5199995,96.0,100.0,74.0,96.0,0.0
20240314T0200,5.770245,11.879999,96.0,98.0,94.0,96.0,0.0
20240314T0300,5.690245,11.5199995,97.0,88.0,90.0,97.0,0.0
20240314T0400,5.5102453,12.24,95.0,99.0,81.0,95.0,0.0
20240314T0500,5.2002454,13.32,93.0,100.0,82.0,93.0,0.0
20240314T0600,4.940245,15.119999,94.0,99.0,81.0,94.0,1.0
20240314T0700,5.8202453,17.28,92.0,97.0,87.0,92.0,42.0
20240314T0800,7.6802454,18.72,90.0,90.0,76.0,90.0,141.0
20240314T0900,9.650246,19.08,63.0,94.0,63.0,21.0,238.0
20240314T1000,12.240245,19.8,71.0,99.0,71.0,38.0,373.0
20240314T1100,13.850245,19.08,80.0,98.0,80.0,11.0,516.0
20240314T1200,15.430245,18.0,74.0,91.0,74.0,8.0,573.0
20240314T1300,16.800245,16.56,64.0,76.0,64.0,2.0,527.0
20240314T1400,17.700245,15.4800005,38.0,54.0,38.0,0.0,461.0
20240314T1500,17.930244,15.4800005,21.0,57.0,21.0,5.0,325.0
20240314T1600,17.340246,14.4,23.400002,78.0,5.0,0.0,187.0
20240314T1700,15.300245,11.879999,27.6,92.0,0.0,0.0,98.0
20240314T1800,12.090245,13.32,28.2,94.0,0.0,0.0,9.0
20240314T1900,10.720245,15.4800005,28.500002,95.0,0.0,0.0,0.0
20240314T2000,9.440246,13.679999,28.800001,96.0,0.0,0.0,0.0
20240314T2100,8.900246,14.4,29.400002,98.0,0.0,0.0,0.0
20240314T2200,9.110246,15.119999,29.7,99.0,0.0,0.0,0.0
20240314T2300,8.770246,15.4800005,29.400002,98.0,2.0,0.0,0.0
20240315T0000,8.650246,15.84,30.000002,100.0,4.0,1.0,0.0
20240315T0100,8.930245,16.919998,28.500002,95.0,20.0,2.0,0.0
20240315T0200,9.300245,19.08,44.0,93.0,44.0,0.0,0.0
20240315T0300,9.460245,19.8,61.0,78.0,61.0,7.0,0.0
20240315T0400,9.350245,20.880001,38.0,42.0,38.0,8.0,0.0
20240315T0500,8.930245,20.880001,30.0,11.0,30.0,2.0,0.0
20240315T0600,8.930245,19.44,40.0,0.0,40.0,10.0,1.0
20240315T0700,10.850245,20.519999,35.0,0.0,35.0,21.0,58.0
20240315T0800,12.750245,23.4,32.0,0.0,32.0,15.0,200.0
20240315T0900,13.840245,31.319998,52.0,0.0,52.0,37.0,302.0
20240315T1000,14.580245,41.399998,64.0,4.0,64.0,52.0,281.0
20240315T1100,15.190246,46.44,50.0,28.0,50.0,34.0,385.0
20240315T1200,15.750245,47.88,47.0,78.0,47.0,33.0,500.0
20240315T1300,15.970245,50.76,38.0,88.0,38.0,26.0,510.0
20240315T1400,16.220245,50.039997,30.0,77.0,26.0,30.0,449.0
20240315T1500,16.410246,42.48,25.0,50.0,25.0,15.0,331.0
20240315T1600,16.090246,34.92,22.0,16.0,22.0,3.0,216.0
20240315T1700,14.720245,32.760002,14.0,38.0,14.0,3.0,70.0
20240315T1800,13.050245,27.359999,21.0,45.0,21.0,10.0,8.0
20240315T1900,12.080245,25.919998,64.0,94.0,64.0,30.0,0.0
20240315T2000,10.890245,28.44,84.0,98.0,84.0,32.0,0.0
20240315T2100,9.950245,25.56,42.0,92.0,39.0,42.0,0.0
20240315T2200,9.750245,27.72,65.0,95.0,65.0,19.0,0.0
20240315T2300,9.930245,29.88,46.0,83.0,28.0,46.0,0.0
20240316T0000,10.210245,30.599998,65.0,24.0,21.0,65.0,0.0
20240316T0100,10.3102455,30.239998,57.0,18.0,39.0,57.0,0.0
20240316T0200,10.3102455,30.239998,61.0,42.0,31.0,61.0,0.0
20240316T0300,10.300245,31.319998,51.0,66.0,20.0,51.0,0.0
20240316T0400,10.300245,30.960001,62.0,29.0,50.0,62.0,0.0
20240316T0500,10.220245,30.960001,84.0,8.0,53.0,84.0,0.0
20240316T0600,10.220245,32.039997,76.0,0.0,70.0,76.0,1.0
20240316T0700,10.610246,36.719997,74.0,0.0,72.0,74.0,28.0
20240316T0800,11.110246,37.44,81.0,0.0,81.0,80.0,98.0
20240316T0900,11.770246,37.079998,78.0,5.0,62.0,78.0,198.0
20240316T1000,12.260245,39.6,70.0,22.0,66.0,70.0,250.0
20240316T1100,12.650246,41.399998,51.0,41.0,51.0,40.0,226.0
20240316T1200,13.340245,42.839996,46.0,6.0,46.0,27.0,379.0
20240316T1300,13.740245,42.48,45.0,0.0,45.0,26.0,333.0
20240316T1400,13.780245,38.519997,41.0,0.0,41.0,23.0,340.0
20240316T1500,14.040245,36.0,37.0,0.0,37.0,25.0,381.0
20240316T1600,13.330245,34.92,37.0,0.0,37.0,26.0,229.0
20240316T1700,12.670245,29.88,33.0,23.0,33.0,24.0,84.0
20240316T1800,11.200245,19.44,40.0,93.0,40.0,31.0,8.0
20240316T1900,10.080245,15.84,40.0,96.0,32.0,40.0,0.0
20240316T2000,9.030245,11.5199995,48.0,98.0,24.0,48.0,0.0
20240316T2100,8.400246,9.36,49.0,100.0,23.0,49.0,0.0
20240316T2200,8.280246,8.64,43.0,96.0,17.0,43.0,0.0
20240316T2300,7.460245,8.28,29.7,99.0,12.0,16.0,0.0
20240317T0000,7.5602455,8.28,29.7,99.0,22.0,24.0,0.0
20240317T0100,7.150245,9.0,52.0,99.0,52.0,26.0,0.0
20240317T0200,7.1002455,9.0,41.0,99.0,41.0,37.0,0.0
20240317T0300,6.6402454,8.64,38.0,56.0,5.0,38.0,0.0
20240317T0400,6.3402452,8.28,48.0,98.0,2.0,48.0,0.0
20240317T0500,5.6802454,7.92,49.0,100.0,2.0,49.0,0.0
20240317T0600,5.8202453,8.64,42.0,100.0,0.0,42.0,2.0
20240317T0700,6.5502453,12.599999,36.0,99.0,3.0,36.0,52.0
20240317T0800,8.170245,13.32,59.0,99.0,59.0,32.0,124.0
20240317T0900,9.330245,14.04,96.0,99.0,96.0,6.0,224.0
20240317T1000,10.620245,15.84,100.0,99.0,100.0,24.0,298.0
20240317T1100,11.550245,17.64,100.0,96.0,100.0,66.0,355.0
20240317T1200,12.300245,18.72,86.0,98.0,86.0,79.0,351.0
20240317T1300,12.780245,18.359999,63.0,96.0,63.0,42.0,367.0
20240317T1400,13.070246,15.84,70.0,99.0,70.0,38.0,293.0
20240317T1500,13.160245,11.159999,81.0,100.0,81.0,23.0,288.0
20240317T1600,13.040245,10.799999,93.0,100.0,93.0,27.0,231.0
20240317T1700,12.040245,9.36,91.0,100.0,91.0,16.0,91.0
20240317T1800,11.080245,10.440001,82.0,82.0,82.0,5.0,8.0
20240317T1900,11.090245,11.5199995,77.0,92.0,77.0,0.0,0.0
20240317T2000,10.700245,12.959999,68.0,97.0,68.0,15.0,0.0
20240317T2100,10.100245,13.32,74.0,92.0,74.0,29.0,0.0
20240317T2200,9.920245,12.959999,81.0,98.0,81.0,8.0,0.0
20240317T2300,9.360246,12.959999,81.0,75.0,81.0,7.0,0.0
20240318T0000,9.300245,12.959999,94.0,90.0,94.0,20.0,0.0
20240318T0100,9.170245,12.599999,97.0,98.0,97.0,23.0,0.0
20240318T0200,9.010245,12.24,100.0,99.0,100.0,46.0,0.0
20240318T0300,9.270246,11.879999,100.0,100.0,100.0,100.0,0.0
20240318T0400,9.220245,11.159999,100.0,100.0,100.0,100.0,0.0
20240318T0500,9.290245,10.440001,100.0,100.0,100.0,100.0,0.0
20240318T0600,9.360246,10.799999,100.0,100.0,92.0,100.0,1.0
20240318T0700,9.470245,13.679999,100.0,100.0,98.0,100.0,10.0
20240318T0800,9.700245,10.08,100.0,100.0,100.0,100.0,14.0
20240318T0900,10.090245,7.92,100.0,100.0,100.0,100.0,32.0
20240318T1000,10.990245,7.92,100.0,100.0,98.0,100.0,42.0
20240318T1100,12.070246,11.5199995,82.0,90.0,82.0,82.0,74.0
20240318T1200,12.950245,17.28,86.0,16.0,74.0,86.0,210.0
20240318T1300,13.960245,23.759998,78.0,0.0,52.0,78.0,455.0
20240318T1400,14.290245,23.759998,50.0,3.0,44.0,50.0,410.0
20240318T1500,14.390245,23.4,48.0,15.0,48.0,41.0,285.0
20240318T1600,14.220245,20.16,38.0,5.0,38.0,16.0,187.0
20240318T1700,12.890245,11.159999,33.0,2.0,33.0,16.0,91.0
20240318T1800,11.120245,12.599999,35.0,0.0,35.0,13.0,14.0
20240318T1900,10.510245,12.599999,32.0,0.0,32.0,17.0,0.0
20240318T2000,9.940246,11.159999,25.0,0.0,25.0,10.0,0.0
20240318T2100,9.670245,9.36,34.0,0.0,34.0,14.0,0.0
20240318T2200,9.100245,7.92,24.0,0.0,24.0,1.0,0.0
20240318T2300,8.780245,8.28,21.0,0.0,21.0,4.0,0.0
20240319T0000,8.400246,8.64,25.0,0.0,25.0,19.0,0.0
20240319T0100,8.210245,9.0,43.0,0.0,33.0,43.0,0.0
20240319T0200,7.8302455,9.36,100.0,2.0,34.0,100.0,0.0
20240319T0300,7.290245,10.440001,100.0,10.0,34.0,100.0,0.0
20240319T0400,7.0502453,11.879999,100.0,13.0,28.0,100.0,0.0
20240319T0500,6.8302455,13.679999,100.0,16.0,17.0,100.0,0.0
20240319T0600,6.960245,15.119999,100.0,9.0,8.0,100.0,3.0
20240319T0700,7.710245,16.199999,100.0,46.0,4.0,100.0,51.0
20240319T0800,8.800245,15.119999,100.0,73.0,2.0,100.0,146.0
20240319T0900,9.980246,14.759999,95.0,78.0,6.0,95.0,287.0
20240319T1000,11.960245,14.4,66.0,71.0,4.0,66.0,407.0
20240319T1100,13.430245,14.759999,48.0,69.0,15.0,48.0,562.0
20240319T1200,14.590245,16.919998,52.0,69.0,20.0,52.0,532.0
20240319T1300,15.700245,16.919998,68.0,88.0,18.0,68.0,422.0
20240319T1400,16.300245,16.56,67.0,90.0,11.0,67.0,361.0
20240319T1500,16.570246,15.84,54.0,85.0,18.0,54.0,281.0
20240319T1600,16.340246,14.04,21.0,62.0,11.0,21.0,183.0
20240319T1700,15.180245,12.599999,8.0,2.0,1.0,8.0,96.0
20240319T1800,13.160245,9.72,10.0,0.0,2.0,10.0,15.0
20240319T1900,12.250245,7.2,3.0,0.0,0.0,3.0,0.0
20240319T2000,9.730246,8.28,3.0,0.0,0.0,3.0,0.0
20240319T2100,7.8902454,10.08,3.0,0.0,3.0,2.0,0.0
20240319T2200,6.8702455,11.159999,0.0,0.0,0.0,0.0,0.0
20240319T2300,6.360245,11.159999,0.0,0.0,0.0,0.0,0.0
20240320T0000,5.3402452,11.159999,0.90000004,3.0,0.0,0.0,0.0
20240320T0100,4.670245,10.440001,3.6000001,12.0,0.0,0.0,0.0
20240320T0200,4.150245,9.72,7.2000003,24.0,1.0,1.0,0.0
20240320T0300,3.9702454,9.72,4.2000003,14.0,0.0,0.0,0.0
20240320T0400,4.400245,9.36,2.4,8.0,0.0,0.0,0.0
20240320T0500,4.380245,9.0,7.8,26.0,0.0,0.0,0.0
20240320T0600,4.690245,10.08,23.7,79.0,0.0,0.0,6.0
20240320T0700,6.920245,14.759999,28.500002,95.0,0.0,0.0,102.0
20240320T0800,9.980246,15.4800005,29.1,97.0,0.0,0.0,261.0
20240320T0900,12.520246,15.119999,29.400002,98.0,0.0,0.0,395.0
20240320T1000,14.590245,15.119999,28.800001,96.0,0.0,0.0,528.0
20240320T1100,16.290245,14.759999,29.400002,98.0,0.0,0.0,592.0
20240320T1200,17.610245,13.32,29.400002,98.0,0.0,0.0,611.0
20240320T1300,18.600245,14.04,29.7,99.0,0.0,0.0,594.0
20240320T1400,19.170246,14.759999,29.400002,98.0,0.0,0.0,483.0
20240320T1500,19.460245,14.759999,19.800001,66.0,0.0,1.0,338.0
20240320T1600,19.050245,14.04,15.900001,53.0,0.0,0.0,261.0
20240320T1700,17.030245,9.72,24.300001,81.0,0.0,0.0,129.0
20240320T1800,14.140245,9.72,28.2,94.0,1.0,0.0,18.0
20240320T1900,11.600245,10.799999,28.2,94.0,0.0,0.0,0.0
20240320T2000,9.900246,10.799999,28.500002,95.0,0.0,0.0,0.0
20240320T2100,9.110246,11.5199995,26.400002,88.0,0.0,0.0,0.0
20240320T2200,8.880245,11.879999,26.7,89.0,0.0,0.0,0.0
20240320T2300,8.600245,12.599999,23.400002,78.0,2.0,0.0,0.0
20240321T0000,8.600245,13.32,35.0,90.0,35.0,5.0,0.0
20240321T0100,9.270246,14.759999,80.0,90.0,80.0,13.0,0.0
20240321T0200,10.040245,15.4800005,53.0,74.0,53.0,17.0,0.0
20240321T0300,10.990245,16.919998,76.0,52.0,76.0,0.0,0.0
20240321T0400,11.430245,17.64,89.0,67.0,89.0,0.0,0.0
20240321T0500,11.470245,19.44,57.0,35.0,57.0,1.0,0.0
20240321T0600,10.990245,19.44,36.0,5.0,36.0,1.0,5.0
20240321T0700,11.5602455,18.359999,88.0,2.0,88.0,7.0,76.0
20240321T0800,12.690246,19.44,95.0,16.0,95.0,11.0,66.0
20240321T0900,14.100245,21.24,65.0,17.0,65.0,5.0,213.0
20240321T1000,16.060246,29.519999,30.0,4.0,30.0,29.0,487.0
20240321T1100,17.340246,33.12,18.0,0.0,18.0,18.0,524.0
20240321T1200,18.110245,33.48,10.0,0.0,1.0,10.0,513.0
20240321T1300,18.880245,31.68,15.0,8.0,3.0,15.0,598.0
20240321T1400,19.200245,30.239998,17.0,34.0,14.0,17.0,532.0
20240321T1500,19.170246,30.599998,38.0,52.0,38.0,24.0,391.0
20240321T1600,18.550245,28.8,21.300001,71.0,14.0,17.0,259.0
20240321T1700,16.710245,20.880001,29.7,99.0,4.0,7.0,97.0
20240321T1800,15.870245,14.04,30.000002,100.0,21.0,2.0,15.0
20240321T1900,14.270246,12.959999,94.0,98.0,94.0,4.0,0.0
20240321T2000,12.820246,10.08,98.0,99.0,98.0,6.0,0.0
20240321T2100,11.160245,7.2,96.0,93.0,96.0,4.0,0.0
20240321T2200,10.390245,7.2,85.0,52.0,85.0,5.0,0.0
20240321T2300,9.170245,9.36,24.0,22.0,24.0,3.0,0.0
20240322T0000,8.520246,9.72,66.0,24.0,66.0,1.0,0.0
20240322T0100,7.920245,9.0,83.0,49.0,83.0,0.0,0.0
20240322T0200,7.6402454,9.0,82.0,91.0,82.0,0.0,0.0
20240322T0300,7.7602453,9.72,77.0,82.0,77.0,0.0,0.0
20240322T0400,8.090245,10.440001,56.0,77.0,56.0,0.0,0.0
20240322T0500,8.290245,10.440001,29.0,64.0,29.0,0.0,0.0
20240322T0600,8.350245,11.159999,30.0,81.0,30.0,0.0,7.0
20240322T0700,9.930245,14.04,23.0,73.0,23.0,0.0,98.0
20240322T0800,12.670245,14.04,39.0,41.0,39.0,0.0,238.0
20240322T0900,15.220245,13.32,62.0,12.0,62.0,0.0,347.0
20240322T1000,17.220245,14.4,59.0,0.0,59.0,0.0,413.0
20240322T1100,18.220245,16.56,53.0,7.0,53.0,0.0,420.0
20240322T1200,19.040245,19.8,41.0,42.0,41.0,0.0,473.0
20240322T1300,19.670246,22.68,18.0,16.0,18.0,0.0,562.0
20240322T1400,20.220245,23.4,11.0,1.0,11.0,0.0,545.0
20240322T1500,20.280245,22.68,3.0,0.0,3.0,0.0,432.0
20240322T1600,20.030245,20.880001,0.0,0.0,0.0,0.0,298.0
20240322T1700,18.480246,15.119999,0.3,1.0,0.0,0.0,138.0
20240322T1800,17.100245,13.32,3.6000001,12.0,0.0,1.0,21.0
20240322T1900,12.950245,16.56,3.0,0.0,2.0,3.0,0.0
20240322T2000,11.890245,15.84,9.0,0.0,7.0,9.0,0.0
20240322T2100,11.270246,16.56,13.0,0.0,13.0,10.0,0.0
20240322T2200,10.500245,16.919998,16.0,0.0,8.0,16.0,0.0
20240322T2300,10.580245,18.72,18.0,0.0,17.0,18.0,0.0
20240323T0000,11.140245,20.880001,46.0,0.0,46.0,28.0,0.0
20240323T0100,11.790245,23.039999,20.0,0.0,20.0,9.0,0.0
20240323T0200,12.420245,24.48,13.0,0.0,13.0,6.0,0.0
20240323T0300,12.450245,27.0,25.0,0.0,6.0,25.0,0.0
20240323T0400,12.230246,41.399998,90.0,0.0,90.0,31.0,0.0
20240323T0500,11.880245,43.199997,98.0,0.0,98.0,74.0,0.0
20240323T0600,10.890245,50.399998,91.0,0.0,72.0,91.0,2.0
20240323T0700,9.420245,41.399998,83.0,0.0,73.0,83.0,26.0
20240323T0800,8.8102455,48.6,80.0,0.0,80.0,78.0,103.0
20240323T0900,9.160245,42.48,83.0,0.0,83.0,62.0,112.0
20240323T1000,9.140245,51.12,75.0,0.0,75.0,18.0,288.0
20240323T1100,9.040245,51.48,68.0,0.0,68.0,17.0,456.0
20240323T1200,9.120245,54.719997,34.0,0.0,34.0,14.0,541.0
20240323T1300,9.970245,58.679996,35.0,0.0,35.0,28.0,558.0
20240323T1400,10.270246,58.679996,37.0,0.0,36.0,37.0,458.0
20240323T1500,9.3102455,58.32,53.0,7.0,53.0,29.0,385.0
20240323T1600,8.320246,50.399998,51.0,13.0,51.0,16.0,260.0
20240323T1700,7.380245,45.36,93.0,37.0,93.0,28.0,128.0
20240323T1800,6.4902453,33.839996,94.0,32.0,94.0,10.0,16.0
20240323T1900,5.690245,36.0,93.0,30.0,93.0,11.0,0.0
20240323T2000,5.190245,38.88,93.0,17.0,93.0,50.0,0.0
20240323T2100,5.110245,43.199997,93.0,16.0,93.0,60.0,0.0
20240323T2200,5.4702454,39.96,80.0,43.0,80.0,57.0,0.0
20240323T2300,5.3702455,38.16,77.0,18.0,77.0,72.0,0.0
20240324T0000,5.0302453,35.28,72.0,1.0,72.0,63.0,0.0
20240324T0100,5.040245,33.839996,87.0,0.0,87.0,50.0,0.0
20240324T0200,4.9302454,34.92,96.0,0.0,96.0,85.0,0.0
20240324T0300,4.860245,37.44,97.0,0.0,94.0,97.0,0.0
20240324T0400,4.690245,36.719997,89.0,0.0,77.0,89.0,0.0
20240324T0500,4.610245,34.2,82.0,0.0,33.0,82.0,0.0
20240324T0600,4.5902452,33.48,62.0,0.0,20.0,62.0,7.0
20240324T0700,4.9702454,39.239998,51.0,0.0,11.0,51.0,72.0
20240324T0800,5.4902453,42.48,66.0,0.0,9.0,66.0,208.0
20240324T0900,6.170245,43.56,75.0,0.0,14.0,75.0,329.0
20240324T1000,7.1602454,43.56,46.0,5.0,46.0,41.0,425.0
20240324T1100,7.4702454,47.88,45.0,10.0,45.0,32.0,499.0
20240324T1200,8.080246,54.0,41.0,16.0,41.0,26.0,518.0
20240324T1300,8.830245,58.32,32.0,22.0,17.0,32.0,639.0
20240324T1400,8.930245,59.399998,36.0,21.0,15.0,36.0,561.0
20240324T1500,8.940246,59.039997,35.0,22.0,35.0,31.0,356.0
20240324T1600,8.820246,58.32,49.0,15.0,49.0,20.0,236.0
20240324T1700,8.010245,42.839996,24.0,5.0,24.0,18.0,136.0
20240324T1800,7.3702455,37.44,29.0,1.0,24.0,29.0,18.0
20240324T1900,6.710245,31.319998,23.0,0.0,22.0,23.0,0.0
20240324T2000,6.170245,25.919998,34.0,0.0,34.0,31.0,0.0
20240324T2100,5.5802455,24.48,52.0,0.0,35.0,52.0,0.0
20240324T2200,5.520245,23.4,34.0,0.0,33.0,34.0,0.0
20240324T2300,5.1002455,21.24,35.0,0.0,27.0,35.0,0.0
20240325T0000,4.6602454,18.0,26.0,0.0,12.0,26.0,0.0
20240325T0100,3.9402456,15.84,23.0,0.0,1.0,23.0,0.0
20240325T0200,3.6602454,13.679999,26.0,0.0,0.0,26.0,0.0
20240325T0300,2.9502454,13.32,13.0,0.0,0.0,13.0,0.0
20240325T0400,2.3102455,12.24,9.0,0.0,1.0,9.0,0.0
20240325T0500,1.5102453,11.159999,8.0,13.0,1.0,8.0,0.0
20240325T0600,2.3202453,10.799999,9.0,1.0,1.0,9.0,14.0
20240325T0700,4.6802454,13.679999,11.400001,38.0,1.0,2.0,137.0
20240325T0800,6.860245,14.4,29.400002,98.0,0.0,2.0,297.0
20240325T0900,8.490246,19.44,12.900001,43.0,0.0,2.0,453.0
20240325T1000,9.740245,23.4,44.0,3.0,0.0,44.0,610.0
20240325T1100,10.680245,25.56,16.0,51.0,0.0,16.0,699.0
20240325T1200,11.530245,25.919998,4.2000003,14.0,0.0,2.0,728.0
20240325T1300,12.290245,26.64,18.900002,63.0,0.0,1.0,707.0
20240325T1400,12.910245,27.0,28.500002,95.0,9.0,0.0,630.0
20240325T1500,13.120245,26.64,29.1,97.0,27.0,0.0,500.0
20240325T1600,12.640245,24.119999,35.0,98.0,35.0,0.0,311.0
20240325T1700,11.130245,18.72,33.0,98.0,33.0,0.0,134.0
20240325T1800,8.710245,12.959999,29.7,99.0,19.0,0.0,20.0
20240325T1900,7.9302454,17.64,29.7,99.0,12.0,0.0,0.0
20240325T2000,7.210245,14.04,30.000002,100.0,1.0,0.0,0.0
20240325T2100,6.2802453,13.32,29.400002,98.0,0.0,0.0,0.0
20240325T2200,5.710245,12.599999,29.400002,98.0,0.0,0.0,0.0
20240325T2300,6.270245,11.159999,31.0,96.0,31.0,0.0,0.0
20240326T0000,6.250245,10.440001,81.0,97.0,81.0,0.0,0.0
20240326T0100,6.0902452,9.72,91.0,100.0,91.0,0.0,0.0
20240326T0200,5.8502455,9.0,92.0,45.0,92.0,0.0,0.0
20240326T0300,5.5102453,9.72,98.0,57.0,98.0,3.0,0.0
20240326T0400,5.440245,9.0,93.0,79.0,93.0,4.0,0.0
20240326T0500,5.2402453,9.0,58.0,73.0,58.0,1.0,0.0
20240326T0600,5.5902452,9.0,36.0,28.0,36.0,0.0,13.0
20240326T0700,6.920245,12.24,34.0,27.0,34.0,0.0,98.0
20240326T0800,9.190246,12.599999,34.0,55.0,34.0,0.0,255.0
20240326T0900,11.270246,13.32,24.0,34.0,24.0,0.0,429.0
20240326T1000,13.090245,16.919998,30.0,0.0,30.0,0.0,577.0
20240326T1100,14.140245,21.599998,27.0,0.0,27.0,0.0,696.0
20240326T1200,15.360246,24.48,18.0,0.0,18.0,0.0,735.0
20240326T1300,16.340246,25.56,47.0,0.0,47.0,0.0,707.0
20240326T1400,17.140245,25.56,70.0,0.0,70.0,0.0,627.0
20240326T1500,17.270245,24.48,41.0,0.0,41.0,0.0,501.0
20240326T1600,16.870245,21.96,16.0,3.0,16.0,0.0,313.0
20240326T1700,15.390245,16.199999,59.0,99.0,59.0,0.0,118.0
20240326T1800,13.520246,10.08,91.0,100.0,91.0,0.0,18.0
20240326T1900,13.910245,12.959999,95.0,99.0,95.0,0.0,0.0
20240326T2000,13.470245,7.92,98.0,99.0,98.0,0.0,0.0
20240326T2100,11.850245,10.08,97.0,100.0,97.0,0.0,0.0
20240326T2200,10.900246,11.5199995,99.0,100.0,99.0,1.0,0.0
20240326T2300,10.240245,10.799999,100.0,100.0,100.0,0.0,0.0
20240327T0000,9.5602455,10.799999,30.000002,100.0,16.0,0.0,0.0
20240327T0100,8.140245,10.799999,20.1,67.0,0.0,0.0,0.0
20240327T0200,7.0602455,10.08,25.0,11.0,22.0,25.0,0.0
20240327T0300,6.7202454,11.159999,30.000002,100.0,9.0,1.0,0.0
20240327T0400,7.5102453,10.440001,43.0,100.0,43.0,5.0,0.0
20240327T0500,7.2602453,11.879999,39.0,100.0,39.0,10.0,0.0
20240327T0600,7.9302454,15.84,30.000002,100.0,20.0,24.0,9.0
20240327T0700,8.350245,21.599998,87.0,98.0,29.0,87.0,61.0
20240327T0800,7.9102454,32.399998,100.0,100.0,72.0,100.0,80.0
20240327T0900,6.630245,37.8,100.0,100.0,98.0,100.0,46.0
20240327T1000,5.790245,36.719997,100.0,99.0,100.0,80.0,73.0
20240327T1100,5.540245,31.68,100.0,100.0,100.0,100.0,118.0
20240327T1200,5.8902454,28.8,100.0,100.0,100.0,95.0,205.0
20240327T1300,6.5802455,31.68,100.0,100.0,100.0,95.0,230.0
20240327T1400,6.920245,33.12,100.0,100.0,100.0,96.0,250.0
20240327T1500,6.980245,29.88,100.0,100.0,100.0,95.0,165.0
20240327T1600,7.2002454,25.199999,98.0,92.0,98.0,84.0,89.0
20240327T1700,7.1802454,17.28,89.0,48.0,89.0,64.0,81.0
20240327T1800,6.520245,15.119999,48.0,30.0,48.0,12.0,19.0
20240327T1900,5.4102454,15.84,24.0,29.0,24.0,11.0,0.0
20240327T2000,4.8302455,16.56,11.0,25.0,11.0,5.0,0.0
20240327T2100,4.150245,18.359999,9.0,10.0,9.0,0.0,0.0
20240327T2200,3.4002452,19.08,14.0,2.0,14.0,2.0,0.0
20240327T2300,2.7902455,19.08,37.0,19.0,8.0,37.0,0.0
20240328T0000,2.5702453,19.8,49.0,28.0,28.0,49.0,0.0
20240328T0100,2.2802453,19.8,17.0,47.0,0.0,17.0,0.0
20240328T0200,2.1102452,19.08,30.0,0.0,0.0,30.0,0.0
20240328T0300,2.0402455,19.44,58.0,96.0,58.0,8.0,0.0
20240328T0400,2.6402454,20.16,89.0,98.0,89.0,6.0,0.0
20240328T0500,3.6702452,43.56,95.0,99.0,95.0,3.0,0.0
20240328T0600,4.0902452,21.24,100.0,99.0,100.0,45.0,5.0
20240328T0700,4.8102455,35.28,99.0,98.0,99.0,46.0,12.0
20240328T0800,5.9302454,29.88,100.0,98.0,100.0,18.0,98.0
20240328T0900,7.270245,35.64,100.0,60.0,100.0,12.0,161.0
20240328T1000,8.760245,42.12,73.0,0.0,73.0,24.0,264.0
20240328T1100,9.720245,49.32,65.0,1.0,65.0,27.0,373.0
20240328T1200,10.930245,66.96,24.0,3.0,24.0,23.0,613.0
20240328T1300,11.630245,64.439995,26.0,1.0,26.0,16.0,656.0
20240328T1400,11.940246,58.679996,30.0,1.0,30.0,12.0,632.0
20240328T1500,12.340245,56.519997,33.0,8.0,33.0,6.0,484.0
20240328T1600,12.710245,53.639996,22.0,0.0,22.0,1.0,344.0
20240328T1700,12.010245,45.719997,13.0,0.0,13.0,3.0,174.0
20240328T1800,9.5602455,29.88,1.0,0.0,1.0,0.0,35.0
20240328T1900,7.520245,25.56,1.0,0.0,1.0,0.0,0.0
20240328T2000,6.8002453,19.44,5.0,0.0,5.0,0.0,0.0
20240328T2100,7.0702453,20.519999,6.0,0.0,6.0,0.0,0.0
20240328T2200,6.670245,22.319998,46.0,0.0,46.0,2.0,0.0
20240328T2300,5.940245,22.68,68.0,68.0,68.0,0.0,0.0
20240329T0000,5.6602454,22.319998,49.0,0.0,49.0,0.0,0.0
20240329T0100,6.150245,22.68,19.0,18.0,19.0,0.0,0.0
20240329T0200,6.6402454,22.68,49.0,61.0,49.0,0.0,0.0
20240329T0300,7.1602454,23.039999,71.0,83.0,71.0,0.0,0.0
20240329T0400,8.040245,23.039999,93.0,67.0,93.0,0.0,0.0
20240329T0500,8.010245,23.4,100.0,100.0,100.0,0.0,0.0
20240329T0600,7.980245,23.039999,93.0,98.0,93.0,0.0,5.0
20240329T0700,8.490246,49.32,76.0,81.0,76.0,1.0,73.0
20240329T0800,9.410245,34.92,91.0,56.0,91.0,0.0,157.0
20240329T0900,10.790245,20.519999,72.0,93.0,72.0,2.0,279.0
20240329T1000,13.090245,22.319998,29.1,97.0,16.0,0.0,396.0
20240329T1100,13.970245,16.199999,30.000002,100.0,16.0,2.0,388.0
20240329T1200,15.530245,17.64,29.7,99.0,7.0,2.0,486.0
20240329T1300,17.260244,17.64,28.2,94.0,1.0,1.0,511.0
20240329T1400,18.200245,18.72,30.000002,100.0,2.0,2.0,510.0
20240329T1500,18.210245,19.08,30.000002,100.0,13.0,4.0,473.0
20240329T1600,17.370245,18.0,29.1,97.0,17.0,8.0,337.0
20240329T1700,15.400246,12.599999,18.900002,63.0,10.0,6.0,156.0
20240329T1800,13.090245,13.679999,13.500001,45.0,10.0,3.0,32.0
20240329T1900,11.840245,14.4,22.5,75.0,12.0,0.0,0.0
20240329T2000,10.540245,12.959999,21.300001,71.0,4.0,0.0,0.0
20240329T2100,10.080245,14.759999,12.6,42.0,1.0,0.0,0.0
20240329T2200,9.090245,16.56,11.700001,39.0,0.0,0.0,0.0
20240329T2300,8.700245,18.0,9.6,32.0,0.0,0.0,0.0
20240330T0000,9.200245,19.8,8.700001,29.0,0.0,0.0,0.0
20240330T0100,9.400246,23.039999,17.1,57.0,0.0,0.0,0.0
20240330T0200,9.340245,25.199999,25.2,84.0,0.0,0.0,0.0
20240330T0300,9.340245,26.28,24.0,80.0,0.0,0.0,0.0
20240330T0400,9.290245,26.28,27.0,79.0,27.0,0.0,0.0
20240330T0500,9.650246,23.4,26.0,64.0,26.0,0.0,0.0
20240330T0600,10.150246,20.519999,25.800001,86.0,1.0,0.0,17.0
20240330T0700,10.330245,18.0,27.900002,93.0,5.0,0.0,135.0
20240330T0800,11.410245,17.64,28.500002,95.0,28.0,0.0,264.0
20240330T0900,12.200245,15.84,82.0,97.0,82.0,0.0,400.0
20240330T1000,13.140245,15.84,44.0,99.0,44.0,0.0,367.0
20240330T1100,14.330245,17.28,30.000002,100.0,7.0,0.0,255.0
20240330T1200,14.930245,20.880001,35.0,98.0,35.0,0.0,252.0
20240330T1300,15.070246,28.44,31.0,94.0,31.0,14.0,325.0
20240330T1400,14.990245,33.48,63.0,98.0,63.0,49.0,329.0
20240330T1500,14.740245,36.719997,96.0,98.0,96.0,62.0,338.0
20240330T1600,13.330245,36.719997,61.0,99.0,61.0,32.0,159.0
20240330T1700,12.540245,28.8,39.0,100.0,39.0,12.0,81.0
20240330T1800,11.370245,17.64,79.0,100.0,79.0,3.0,22.0
20240330T1900,11.300245,15.119999,62.0,100.0,62.0,1.0,0.0
20240330T2000,10.170245,13.679999,100.0,100.0,100.0,6.0,0.0
20240330T2100,9.800245,14.04,97.0,100.0,97.0,24.0,0.0
20240330T2200,9.570246,14.04,97.0,99.0,97.0,3.0,0.0
20240330T2300,9.900246,18.359999,91.0,100.0,91.0,0.0,0.0
20240331T0000,9.360246,14.4,38.0,96.0,38.0,0.0,0.0
20240331T0100,8.740245,14.759999,19.0,51.0,19.0,1.0,0.0
20240331T0200,7.770245,10.08,15.6,52.0,0.0,1.0,0.0
20240331T0300,7.210245,9.36,20.400002,68.0,6.0,12.0,0.0
20240331T0400,6.770245,10.08,75.0,95.0,75.0,17.0,0.0
20240331T0500,6.750245,12.599999,99.0,99.0,99.0,18.0,0.0
20240331T0600,7.0602455,14.759999,44.0,100.0,44.0,15.0,24.0
20240331T0700,8.140245,18.359999,29.7,99.0,29.0,17.0,100.0
20240331T0800,9.350245,17.28,46.0,98.0,46.0,0.0,146.0
20240331T0900,11.020246,18.359999,83.0,98.0,83.0,0.0,224.0
20240331T1000,11.880245,19.44,43.0,98.0,43.0,40.0,391.0
20240331T1100,13.070246,17.64,55.0,98.0,55.0,2.0,386.0
20240331T1200,14.370245,17.64,21.0,58.0,21.0,0.0,406.0
20240331T1300,15.670245,20.16,43.0,79.0,43.0,32.0,480.0
20240331T1400,16.510246,20.16,36.0,100.0,36.0,36.0,463.0
20240331T1500,16.770245,14.759999,76.0,96.0,76.0,17.0,496.0
20240331T1600,16.380245,12.959999,82.0,65.0,82.0,0.0,315.0
20240331T1700,15.540245,11.5199995,54.0,73.0,54.0,0.0,136.0
20240331T1800,14.210245,7.92,58.0,96.0,58.0,12.0,22.0
20240331T1900,12.090245,14.04,64.0,99.0,64.0,12.0,0.0
20240331T2000,11.780245,11.159999,93.0,100.0,93.0,2.0,0.0
20240331T2100,10.850245,11.879999,99.0,100.0,99.0,12.0,0.0
20240331T2200,11.120245,11.879999,99.0,100.0,99.0,0.0,0.0
20240331T2300,10.450245,12.24,100.0,100.0,100.0,0.0,0.0
20240401T0000,10.430245,15.4800005,78.0,100.0,78.0,0.0,0.0
20240401T0100,10.210245,17.64,68.0,99.0,68.0,2.0,0.0
20240401T0200,10.100245,15.84,97.0,100.0,97.0,3.0,0.0
20240401T0300,9.750245,23.039999,97.0,100.0,97.0,45.0,0.0
20240401T0400,9.540245,26.64,99.0,97.0,99.0,94.0,0.0
20240401T0500,9.880245,25.919998,100.0,100.0,99.0,100.0,0.0
20240401T0600,10.370245,42.48,99.0,100.0,99.0,90.0,7.0
20240401T0700,9.680245,37.079998,100.0,89.0,100.0,96.0,26.0
20240401T0800,9.290245,50.039997,99.0,75.0,97.0,99.0,59.0
20240401T0900,8.800245,50.039997,98.0,87.0,94.0,98.0,91.0
20240401T1000,8.790245,42.12,97.0,89.0,97.0,63.0,124.0
20240401T1100,9.450245,38.519997,88.0,90.0,88.0,58.0,165.0
20240401T1200,9.660245,39.96,78.0,94.0,78.0,75.0,86.0
20240401T1300,10.150246,35.64,77.0,81.0,77.0,67.0,123.0
20240401T1400,10.8102455,37.44,36.0,59.0,36.0,26.0,163.0
20240401T1500,11.490245,36.36,36.0,72.0,36.0,26.0,284.0
20240401T1600,12.070246,42.48,24.6,82.0,22.0,17.0,236.0
20240401T1700,11.360246,39.239998,26.400002,88.0,17.0,24.0,140.0
20240401T1800,9.640245,25.199999,26.7,89.0,11.0,19.0,36.0
20240401T1900,8.400246,21.24,25.800001,86.0,21.0,18.0,0.0
20240401T2000,7.8402452,21.24,20.0,56.0,14.0,20.0,0.0
20240401T2100,7.7402453,21.599998,25.0,44.0,22.0,25.0,0.0
20240401T2200,8.170245,24.119999,29.0,47.0,29.0,24.0,0.0
20240401T2300,8.080246,25.199999,77.0,67.0,77.0,63.0,0.0
20240402T0000,8.350245,27.0,79.0,66.0,79.0,63.0,0.0
20240402T0100,8.580245,32.039997,85.0,74.0,52.0,85.0,0.0
20240402T0200,8.400246,35.28,80.0,13.0,20.0,80.0,0.0
20240402T0300,8.230246,35.64,74.0,3.0,24.0,74.0,0.0
20240402T0400,8.120246,34.56,61.0,4.0,43.0,61.0,0.0
20240402T0500,8.190246,32.760002,59.0,3.0,48.0,59.0,0.0
20240402T0600,8.450246,32.039997,62.0,0.0,23.0,62.0,23.0
20240402T0700,9.180245,37.44,64.0,7.0,22.0,64.0,127.0
20240402T0800,9.460245,50.399998,39.0,0.0,22.0,39.0,250.0
20240402T0900,9.740245,56.16,33.0,0.0,6.0,33.0,422.0
20240402T1000,10.520246,56.16,57.0,6.0,18.0,57.0,524.0
20240402T1100,11.430245,51.12,49.0,6.0,14.0,49.0,620.0
20240402T1200,11.910245,51.48,46.0,5.0,28.0,46.0,657.0
20240402T1300,12.710245,50.76,40.0,2.0,4.0,40.0,615.0
20240402T1400,13.580245,49.68,20.0,1.0,20.0,4.0,466.0
20240402T1500,13.840245,47.16,18.0,2.0,18.0,17.0,373.0
20240402T1600,13.790245,42.839996,20.0,5.0,3.0,20.0,231.0
20240402T1700,13.200245,30.239998,16.0,0.0,1.0,16.0,151.0
20240402T1800,12.250245,21.24,12.0,0.0,3.0,12.0,44.0
20240402T1900,8.980246,17.28,11.0,2.0,1.0,11.0,0.0
20240402T2000,6.270245,11.879999,3.0,2.0,3.0,3.0,0.0
20240402T2100,5.5602455,14.4,6.6000004,22.0,0.0,0.0,0.0
20240402T2200,5.020245,15.119999,30.000002,100.0,11.0,0.0,0.0
20240402T2300,5.130245,16.199999,30.000002,100.0,9.0,0.0,0.0
20240403T0000,4.9102454,16.56,30.000002,100.0,15.0,1.0,0.0
20240403T0100,5.0102453,16.56,58.0,100.0,58.0,6.0,0.0
20240403T0200,5.3002453,16.56,97.0,100.0,97.0,8.0,0.0
20240403T0300,5.860245,17.64,97.0,100.0,97.0,6.0,0.0
20240403T0400,6.2002454,18.359999,99.0,100.0,99.0,6.0,0.0
20240403T0500,6.710245,18.0,100.0,100.0,100.0,0.0,0.0
20240403T0600,7.5802455,17.64,99.0,100.0,99.0,0.0,15.0
20240403T0700,9.210245,21.96,100.0,100.0,100.0,0.0,60.0
20240403T0800,10.050245,22.319998,98.0,100.0,98.0,16.0,137.0
20240403T0900,10.080245,24.48,98.0,100.0,98.0,56.0,161.0
20240403T1000,10.690246,30.599998,98.0,100.0,98.0,69.0,207.0
20240403T1100,11.3102455,36.0,95.0,100.0,95.0,92.0,209.0
20240403T1200,11.680245,41.039997,99.0,100.0,96.0,99.0,156.0
20240403T1300,11.790245,44.639996,99.0,100.0,96.0,99.0,165.0
20240403T1400,11.760245,52.92,92.0,100.0,91.0,92.0,82.0
20240403T1500,12.640245,51.48,79.0,99.0,72.0,79.0,92.0
20240403T1600,13.090245,40.32,56.0,82.0,45.0,56.0,142.0
20240403T1700,12.670245,40.68,57.0,22.0,44.0,57.0,111.0
20240403T1800,12.480246,40.68,65.0,13.0,65.0,51.0,29.0
20240403T1900,12.570246,39.239998,62.0,6.0,62.0,10.0,0.0
20240403T2000,12.640245,39.6,71.0,18.0,71.0,70.0,0.0
20240403T2100,12.910245,38.16,52.0,31.0,52.0,46.0,0.0
20240403T2200,12.650246,36.719997,50.0,52.0,37.0,50.0,0.0
20240403T2300,12.5602455,34.56,51.0,89.0,51.0,47.0,0.0
20240404T0000,12.410245,32.760002,52.0,16.0,52.0,48.0,0.0
20240404T0100,12.070246,32.039997,63.0,21.0,60.0,63.0,0.0
20240404T0200,11.980246,32.760002,66.0,64.0,58.0,66.0,0.0
20240404T0300,11.820246,32.399998,58.0,96.0,49.0,58.0,0.0
20240404T0400,11.760245,30.599998,48.0,100.0,35.0,48.0,0.0
20240404T0500,11.710245,29.16,61.0,100.0,61.0,34.0,0.0
20240404T0600,11.880245,29.16,84.0,99.0,84.0,50.0,14.0
20240404T0700,13.080245,32.399998,66.0,100.0,66.0,57.0,64.0
20240404T0800,14.200245,34.2,77.0,100.0,77.0,29.0,135.0
20240404T0900,15.210245,34.2,92.0,99.0,92.0,28.0,186.0
20240404T1000,15.460245,34.56,89.0,99.0,89.0,2.0,196.0
20240404T1100,15.520246,39.96,90.0,78.0,90.0,9.0,292.0
20240404T1200,15.110246,57.96,94.0,46.0,94.0,75.0,301.0
20240404T1300,14.850245,60.839996,69.0,40.0,69.0,35.0,358.0
20240404T1400,15.920245,51.12,25.0,26.0,25.0,18.0,319.0
20240404T1500,17.130245,63.0,11.0,33.0,11.0,3.0,360.0
20240404T1600,16.710245,59.76,27.0,75.0,27.0,5.0,273.0
20240404T1700,16.140245,43.56,20.0,51.0,20.0,6.0,128.0
20240404T1800,15.460245,36.36,24.0,63.0,24.0,2.0,36.0
20240404T1900,14.320246,27.0,27.6,92.0,27.0,11.0,0.0
20240404T2000,13.200245,20.880001,45.0,83.0,45.0,11.0,0.0
20240404T2100,12.920245,17.64,50.0,49.0,50.0,18.0,0.0
20240404T2200,12.470245,15.4800005,26.0,62.0,26.0,5.0,0.0
20240404T2300,11.750245,14.04,37.0,96.0,37.0,18.0,0.0
20240405T0000,11.030245,13.679999,76.0,99.0,76.0,12.0,0.0
20240405T0100,11.210245,15.4800005,94.0,100.0,94.0,15.0,0.0
20240405T0200,11.130245,15.4800005,84.0,98.0,84.0,5.0,0.0
20240405T0300,10.700245,15.4800005,85.0,97.0,85.0,0.0,0.0
20240405T0400,10.290245,15.119999,58.0,87.0,58.0,0.0,0.0
20240405T0500,9.550245,16.56,17.7,59.0,11.0,0.0,0.0
20240405T0600,10.080245,19.08,29.1,97.0,0.0,0.0,41.0
20240405T0700,12.400246,22.319998,30.000002,100.0,0.0,0.0,168.0
20240405T0800,15.790245,22.68,30.000002,100.0,0.0,0.0,321.0
20240405T0900,18.660246,23.4,58.0,93.0,58.0,0.0,475.0
20240405T1000,20.660246,25.56,48.0,90.0,48.0,0.0,607.0
20240405T1100,22.050245,32.039997,51.0,99.0,51.0,0.0,672.0
20240405T1200,22.950245,34.92,27.900002,93.0,25.0,0.0,551.0
20240405T1300,22.790245,34.56,29.400002,98.0,10.0,0.0,364.0
20240405T1400,22.880245,29.519999,21.6,72.0,18.0,0.0,462.0
20240405T1500,22.220245,28.8,43.0,83.0,43.0,0.0,347.0
20240405T1600,21.850245,24.48,38.0,94.0,38.0,0.0,343.0
20240405T1700,20.200245,21.24,29.7,99.0,18.0,0.0,153.0
20240405T1800,20.510244,17.64,27.6,92.0,3.0,0.0,46.0
20240405T1900,18.940245,14.759999,25.2,84.0,19.0,0.0,0.0
20240405T2000,15.140245,14.04,27.300001,91.0,26.0,0.0,0.0
20240405T2100,13.510245,13.679999,22.2,74.0,1.0,0.0,0.0
20240405T2200,11.850245,13.679999,23.400002,78.0,0.0,0.0,0.0
20240405T2300,11.100245,14.759999,26.400002,88.0,0.0,0.0,0.0
20240406T0000,11.190246,14.759999,7.2000003,24.0,0.0,0.0,0.0
20240406T0100,10.710245,15.84,12.6,42.0,0.0,0.0,0.0
20240406T0200,10.490245,16.56,10.200001,34.0,0.0,0.0,0.0
20240406T0300,10.280245,16.919998,0.0,0.0,0.0,0.0,0.0
20240406T0400,9.930245,17.28,12.6,42.0,0.0,0.0,0.0
20240406T0500,9.480246,17.64,25.800001,86.0,0.0,0.0,0.0
20240406T0600,10.410245,18.72,29.400002,98.0,0.0,1.0,47.0
20240406T0700,13.610246,23.039999,29.7,99.0,0.0,0.0,196.0
20240406T0800,16.940245,22.319998,29.400002,98.0,0.0,0.0,337.0
20240406T0900,20.340246,22.68,26.400002,88.0,0.0,0.0,494.0
20240406T1000,22.950245,24.119999,20.1,67.0,0.0,0.0,668.0
20240406T1100,24.670246,24.84,6.9,23.0,0.0,0.0,764.0
20240406T1200,25.980246,28.08,5.1000004,17.0,0.0,0.0,789.0
20240406T1300,26.990246,30.960001,6.3,21.0,0.0,0.0,763.0
20240406T1400,27.600245,30.960001,8.700001,29.0,0.0,0.0,684.0
20240406T1500,27.490246,28.08,16.800001,56.0,0.0,0.0,556.0
20240406T1600,26.390245,21.599998,25.500002,85.0,0.0,0.0,395.0
20240406T1700,23.590246,16.199999,21.300001,71.0,0.0,0.0,219.0
20240406T1800,18.960245,15.84,27.000002,90.0,0.0,0.0,60.0
20240406T1900,16.590246,19.8,28.2,94.0,0.0,0.0,0.0
20240406T2000,15.160245,18.72,27.6,92.0,0.0,0.0,0.0
20240406T2100,14.520246,20.519999,28.500002,95.0,0.0,0.0,0.0
20240406T2200,14.450245,20.880001,30.000002,100.0,0.0,0.0,0.0
20240406T2300,13.850245,21.24,30.000002,100.0,0.0,0.0,0.0
20240407T0000,13.490245,21.24,28.2,94.0,0.0,0.0,0.0
20240407T0100,13.240245,20.519999,27.000002,90.0,0.0,0.0,0.0
20240407T0200,13.080245,19.44,23.400002,78.0,0.0,0.0,0.0
20240407T0300,12.800245,18.359999,23.1,77.0,0.0,0.0,0.0
20240407T0400,12.880245,21.599998,23.1,77.0,0.0,0.0,0.0
20240407T0500,15.210245,21.24,19.800001,66.0,0.0,0.0,0.0
20240407T0600,13.670245,16.919998,19.5,65.0,0.0,0.0,48.0
20240407T0700,15.670245,15.84,10.200001,34.0,0.0,0.0,203.0
20240407T0800,17.620245,14.04,14.700001,49.0,2.0,0.0,371.0
20240407T0900,19.660246,15.4800005,12.6,42.0,2.0,0.0,528.0
20240407T1000,21.180244,17.64,21.6,72.0,4.0,0.0,649.0
20240407T1100,22.340246,19.08,26.7,89.0,8.0,0.0,726.0
20240407T1200,23.200245,19.08,22.2,74.0,7.0,0.0,746.0
20240407T1300,23.920246,18.359999,27.6,92.0,20.0,0.0,720.0
20240407T1400,24.370245,18.0,27.900002,93.0,24.0,0.0,631.0
20240407T1500,24.130245,17.28,39.0,98.0,39.0,0.0,512.0
20240407T1600,23.070246,16.56,51.0,100.0,51.0,0.0,367.0
20240407T1700,21.310246,13.32,29.400002,98.0,5.0,0.0,197.0
20240407T1800,20.020245,12.959999,27.300001,91.0,2.0,0.0,50.0
20240407T1900,18.360245,16.199999,28.500002,95.0,0.0,0.0,0.0
20240407T2000,17.430244,14.759999,28.800001,96.0,13.0,0.0,0.0
20240407T2100,16.060246,16.199999,29.7,99.0,27.0,0.0,0.0
20240407T2200,14.980246,16.199999,30.000002,100.0,26.0,0.0,0.0
20240407T2300,13.840245,14.04,29.400002,98.0,1.0,0.0,0.0
20240408T0000,13.540245,12.599999,20.7,69.0,0.0,0.0,0.0
20240408T0100,14.150246,14.4,6.6000004,22.0,0.0,0.0,0.0
20240408T0200,14.700245,15.119999,14.0,0.0,14.0,0.0,0.0
20240408T0300,13.240245,14.759999,14.0,0.0,14.0,0.0,0.0
20240408T0400,13.020246,14.4,8.0,0.0,8.0,0.0,0.0
20240408T0500,11.720245,14.4,7.0,0.0,7.0,0.0,0.0
20240408T0600,12.500245,15.4800005,10.0,0.0,10.0,0.0,54.0
20240408T0700,15.440246,15.84,23.0,35.0,23.0,0.0,201.0
20240408T0800,18.430244,15.119999,25.0,29.0,25.0,0.0,372.0
20240408T0900,20.550245,14.759999,17.0,53.0,17.0,0.0,467.0
20240408T1000,21.690245,18.359999,86.0,67.0,86.0,0.0,621.0
20240408T1100,22.950245,19.08,82.0,30.0,82.0,0.0,686.0
20240408T1200,23.990246,22.68,35.0,31.0,35.0,0.0,672.0
20240408T1300,24.690245,23.4,37.0,25.0,37.0,0.0,646.0
20240408T1400,25.410246,17.64,32.0,79.0,32.0,0.0,574.0
20240408T1500,25.740246,16.919998,59.0,90.0,59.0,0.0,481.0
20240408T1600,24.830246,18.359999,18.0,4.0,18.0,0.0,306.0
20240408T1700,23.220245,15.119999,37.0,73.0,37.0,0.0,163.0
20240408T1800,20.620245,13.32,44.0,83.0,44.0,0.0,44.0
20240408T1900,19.000246,15.4800005,44.0,96.0,44.0,0.0,0.0
20240408T2000,18.980246,13.32,90.0,99.0,90.0,0.0,0.0
20240408T2100,18.210245,16.919998,71.0,97.0,71.0,0.0,0.0
20240408T2200,17.750246,17.64,25.2,84.0,25.0,0.0,0.0
20240408T2300,17.150246,17.28,69.0,76.0,69.0,0.0,0.0
20240409T0000,17.140245,17.28,63.0,56.0,63.0,0.0,0.0
20240409T0100,18.450245,22.68,90.0,94.0,90.0,0.0,0.0
20240409T0200,18.280245,33.839996,44.0,75.0,44.0,0.0,0.0
20240409T0300,17.220245,34.56,33.0,93.0,33.0,1.0,0.0
20240409T0400,16.630245,34.56,51.0,85.0,51.0,49.0,0.0
20240409T0500,14.960245,37.079998,93.0,80.0,54.0,93.0,0.0
20240409T0600,12.430245,38.519997,100.0,34.0,84.0,100.0,10.0
20240409T0700,10.3102455,42.48,96.0,16.0,96.0,93.0,28.0
20240409T0800,9.210245,42.839996,94.0,100.0,94.0,82.0,47.0
20240409T0900,8.580245,42.48,92.0,100.0,92.0,83.0,59.0
20240409T1000,8.520246,39.96,100.0,98.0,100.0,92.0,128.0
20240409T1100,8.870245,35.64,100.0,99.0,100.0,89.0,213.0
20240409T1200,9.240245,34.56,100.0,100.0,100.0,68.0,256.0
20240409T1300,9.150246,34.2,100.0,100.0,100.0,72.0,174.0
20240409T1400,9.160245,31.319998,99.0,96.0,99.0,59.0,193.0
20240409T1500,9.610246,30.960001,96.0,76.0,96.0,68.0,213.0
20240409T1600,9.760245,27.72,97.0,51.0,97.0,60.0,125.0
20240409T1700,9.540245,24.48,99.0,23.0,99.0,47.0,90.0
20240409T1800,8.970245,22.68,95.0,19.0,95.0,25.0,33.0
20240409T1900,8.450246,19.8,93.0,26.0,93.0,26.0,0.0
20240409T2000,8.150246,18.0,71.0,26.0,71.0,15.0,0.0
20240409T2100,7.8702455,16.919998,73.0,45.0,73.0,16.0,0.0
20240409T2200,6.9502454,16.56,76.0,46.0,76.0,8.0,0.0
20240409T2300,6.440245,14.04,9.0,14.0,7.0,9.0,0.0
20240410T0000,5.9902453,13.32,18.0,22.0,18.0,0.0,0.0
20240410T0100,5.8002453,13.32,16.0,16.0,16.0,0.0,0.0
20240410T0200,5.2002454,13.32,20.0,30.0,20.0,4.0,0.0
20240410T0300,5.0102453,13.32,47.0,56.0,47.0,25.0,0.0
20240410T0400,4.6402454,13.32,61.0,0.0,61.0,34.0,0.0
20240410T0500,4.4502454,13.32,22.0,0.0,14.0,22.0,0.0
20240410T0600,5.8002453,12.959999,26.0,0.0,2.0,26.0,57.0
20240410T0700,7.3202453,12.24,11.0,0.0,0.0,11.0,180.0
20240410T0800,8.870245,19.8,25.0,0.0,16.0,25.0,347.0
20240410T0900,10.070246,22.68,43.0,1.0,18.0,43.0,406.0
20240410T1000,10.670245,24.119999,58.0,3.0,58.0,34.0,562.0
20240410T1100,10.980246,24.84,72.0,8.0,72.0,43.0,592.0
20240410T1200,11.720245,24.119999,73.0,3.0,65.0,73.0,504.0
20240410T1300,12.290245,26.28,86.0,0.0,86.0,84.0,473.0
20240410T1400,12.460245,28.44,84.0,0.0,84.0,62.0,382.0
20240410T1500,12.610246,29.16,91.0,0.0,91.0,38.0,271.0
20240410T1600,12.630245,29.519999,87.0,0.0,87.0,36.0,265.0
20240410T1700,12.190246,27.72,81.0,0.0,81.0,25.0,170.0
20240410T1800,10.580245,22.68,62.0,0.0,62.0,19.0,54.0
20240410T1900,8.250245,17.28,47.0,0.0,47.0,29.0,1.0
20240410T2000,6.5802455,14.759999,12.0,0.0,7.0,12.0,0.0
20240410T2100,5.8302455,15.4800005,16.0,0.0,5.0,16.0,0.0
20240410T2200,6.4502454,15.84,13.0,0.0,5.0,13.0,0.0
20240410T2300,5.8302455,13.32,6.0,0.0,3.0,6.0,0.0
20240411T0000,5.230245,10.440001,3.0,0.0,2.0,3.0,0.0
20240411T0100,5.1602454,10.440001,1.0,0.0,0.0,1.0,0.0
20240411T0200,4.860245,9.72,2.0,0.0,2.0,0.0,0.0
20240411T0300,3.9802456,10.440001,0.0,0.0,0.0,0.0,0.0
20240411T0400,3.5602455,10.440001,0.0,0.0,0.0,0.0,0.0
20240411T0500,3.7102456,9.72,0.0,0.0,0.0,0.0,0.0
20240411T0600,4.400245,9.0,0.0,0.0,0.0,0.0,68.0
20240411T0700,7.440245,9.36,0.0,0.0,0.0,0.0,231.0
20240411T0800,10.480246,12.24,0.0,0.0,0.0,0.0,410.0
20240411T0900,12.740245,15.84,0.0,0.0,0.0,0.0,569.0
20240411T1000,14.590245,18.359999,2.0,3.0,0.0,2.0,699.0
20240411T1100,15.770246,19.8,5.1000004,17.0,0.0,4.0,782.0
20240411T1200,16.470245,20.519999,12.0,40.0,0.0,5.0,807.0
20240411T1300,17.080246,20.16,23.1,77.0,0.0,1.0,765.0
20240411T1400,17.580246,18.0,28.500002,95.0,0.0,0.0,666.0
20240411T1500,17.810246,16.919998,29.400002,98.0,0.0,0.0,480.0
20240411T1600,17.580246,16.199999,27.000002,90.0,0.0,0.0,355.0
20240411T1700,16.720245,15.4800005,3.9,13.0,0.0,0.0,197.0
20240411T1800,13.450245,13.32,3.3000002,11.0,0.0,0.0,65.0
20240411T1900,11.290245,13.32,1.5,5.0,0.0,0.0,1.0
20240411T2000,10.510245,12.24,0.0,0.0,0.0,0.0,0.0
20240411T2100,9.900246,10.799999,0.0,0.0,0.0,0.0,0.0
20240411T2200,8.960245,10.799999,6.6000004,22.0,0.0,0.0,0.0
20240411T2300,7.940245,10.08,10.5,35.0,0.0,0.0,0.0
20240412T0000,6.4302454,9.72,10.200001,34.0,0.0,0.0,0.0
20240412T0100,7.270245,9.36,25.2,84.0,0.0,0.0,0.0
20240412T0200,6.690245,7.5599995,28.2,94.0,0.0,0.0,0.0
20240412T0300,5.420245,7.2,26.400002,88.0,0.0,0.0,0.0
20240412T0400,4.0702453,8.28,27.300001,91.0,0.0,0.0,0.0
20240412T0500,4.8002453,9.36,26.1,87.0,0.0,0.0,1.0
20240412T0600,6.710245,9.72,2.7,9.0,0.0,0.0,69.0
20240412T0700,10.470245,11.879999,0.0,0.0,0.0,0.0,233.0
20240412T0800,13.730246,11.159999,0.0,0.0,0.0,0.0,394.0
20240412T0900,15.980246,11.879999,0.0,0.0,0.0,0.0,571.0
20240412T1000,17.920246,12.24,2.4,8.0,0.0,0.0,697.0
20240412T1100,19.410246,14.759999,15.3,51.0,0.0,0.0,779.0
20240412T1200,20.520245,15.4800005,29.1,97.0,0.0,0.0,792.0
20240412T1300,21.370245,15.84,29.1,97.0,0.0,0.0,748.0
20240412T1400,21.720245,16.56,25.500002,85.0,0.0,0.0,643.0
20240412T1500,21.860245,16.56,22.2,74.0,0.0,0.0,530.0
20240412T1600,21.690245,16.199999,22.800001,76.0,0.0,0.0,406.0
20240412T1700,20.720245,14.04,22.5,75.0,0.0,0.0,237.0
20240412T1800,19.200245,9.36,1.8000001,6.0,0.0,0.0,75.0
20240412T1900,15.820246,11.879999,2.4,8.0,0.0,0.0,1.0
20240412T2000,13.8102455,10.08,12.6,42.0,0.0,0.0,0.0
20240412T2100,12.570246,7.2,22.2,74.0,0.0,0.0,0.0
20240412T2200,9.890245,8.64,19.800001,66.0,0.0,0.0,0.0
20240412T2300,8.820246,9.0,3.0,10.0,0.0,0.0,0.0
20240413T0000,8.290245,9.72,15.000001,50.0,0.0,0.0,0.0
20240413T0100,8.280246,9.36,9.900001,33.0,0.0,0.0,0.0
20240413T0200,8.090245,9.0,24.6,82.0,0.0,0.0,0.0
20240413T0300,7.8102455,9.0,28.500002,95.0,0.0,0.0,0.0
20240413T0400,7.4502454,9.36,27.6,92.0,0.0,0.0,0.0
20240413T0500,6.960245,10.08,27.900002,93.0,0.0,0.0,1.0
20240413T0600,9.8102455,9.72,27.900002,93.0,0.0,0.0,63.0
20240413T0700,13.370245,14.04,24.900002,83.0,0.0,0.0,210.0
20240413T0800,16.330246,14.04,29.7,99.0,0.0,0.0,408.0
20240413T0900,18.860245,13.679999,29.7,99.0,0.0,0.0,562.0
20240413T1000,21.000246,14.04,30.000002,100.0,0.0,0.0,667.0
20240413T1100,22.670246,14.4,29.400002,98.0,0.0,0.0,740.0
20240413T1200,23.980246,14.759999,28.800001,96.0,0.0,0.0,752.0
20240413T1300,25.120245,14.759999,27.6,92.0,0.0,0.0,747.0
20240413T1400,25.970245,14.759999,25.500002,85.0,0.0,0.0,677.0
20240413T1500,26.440245,14.4,24.300001,81.0,0.0,0.0,562.0
20240413T1600,26.310246,13.32,26.400002,88.0,0.0,0.0,413.0
20240413T1700,24.880245,11.159999,17.7,59.0,0.0,0.0,241.0
20240413T1800,22.190245,10.440001,18.0,60.0,0.0,0.0,79.0
20240413T1900,18.150246,10.08,20.1,67.0,0.0,0.0,2.0
20240413T2000,15.300245,12.959999,25.500002,85.0,0.0,0.0,0.0
20240413T2100,14.410245,14.04,29.1,97.0,0.0,0.0,0.0
20240413T2200,13.590245,15.84,27.300001,91.0,0.0,0.0,0.0
20240413T2300,13.070246,15.84,28.2,94.0,0.0,0.0,0.0
20240414T0000,12.360246,15.4800005,25.500002,85.0,0.0,0.0,0.0
20240414T0100,11.940246,15.4800005,23.400002,78.0,0.0,0.0,0.0
20240414T0200,11.480246,15.119999,12.900001,43.0,0.0,0.0,0.0
20240414T0300,11.210245,14.759999,15.6,52.0,0.0,0.0,0.0
20240414T0400,11.080245,14.759999,11.700001,39.0,0.0,0.0,0.0
20240414T0500,10.800245,15.119999,8.700001,29.0,0.0,0.0,2.0
20240414T0600,12.880245,17.28,4.5,15.0,0.0,0.0,79.0
20240414T0700,16.700245,18.359999,12.0,40.0,0.0,0.0,241.0
20240414T0800,19.820246,17.64,19.800001,66.0,0.0,0.0,412.0
20240414T0900,21.920246,18.72,19.2,64.0,0.0,0.0,570.0
20240414T1000,23.500246,21.24,15.6,52.0,0.0,0.0,697.0
20240414T1100,24.730246,23.759998,13.8,46.0,0.0,0.0,772.0
20240414T1200,25.630245,25.199999,17.1,57.0,0.0,0.0,804.0
20240414T1300,26.240246,25.56,15.6,52.0,0.0,0.0,774.0
20240414T1400,26.510244,25.56,10.5,35.0,0.0,0.0,691.0
20240414T1500,26.380245,24.84,10.5,35.0,0.0,0.0,572.0
20240414T1600,25.630245,22.68,14.700001,49.0,0.0,0.0,414.0
20240414T1700,24.210245,18.0,16.800001,56.0,0.0,0.0,232.0
20240414T1800,22.590246,12.599999,16.800001,56.0,0.0,0.0,71.0
20240414T1900,20.150246,12.599999,23.400002,78.0,0.0,0.0,2.0
20240414T2000,16.250246,11.159999,24.300001,81.0,0.0,0.0,0.0
20240414T2100,15.270246,12.24,27.000002,90.0,0.0,0.0,0.0
20240414T2200,14.180245,12.959999,26.400002,88.0,15.0,0.0,0.0
20240414T2300,13.950245,14.4,27.300001,91.0,7.0,7.0,0.0
20240415T0000,15.100245,16.199999,28.2,94.0,17.0,3.0,0.0
20240415T0100,15.510245,22.319998,30.0,96.0,30.0,3.0,0.0
20240415T0200,14.940246,21.24,30.000002,100.0,19.0,0.0,0.0
20240415T0300,14.450245,15.84,35.0,100.0,35.0,0.0,0.0
20240415T0400,14.400246,14.4,51.0,100.0,51.0,3.0,0.0
20240415T0500,14.340245,23.759998,83.0,99.0,83.0,1.0,1.0
20240415T0600,14.910245,23.4,89.0,98.0,89.0,0.0,30.0
20240415T0700,15.610246,19.08,91.0,96.0,91.0,4.0,77.0
20240415T0800,15.750245,21.599998,92.0,90.0,92.0,20.0,115.0
20240415T0900,16.710245,23.4,95.0,53.0,95.0,49.0,92.0
20240415T1000,17.440245,42.839996,55.0,13.0,55.0,26.0,274.0
20240415T1100,17.070246,47.16,90.0,0.0,90.0,49.0,232.0
20240415T1200,17.530245,54.0,47.0,14.0,47.0,38.0,290.0
20240415T1300,18.340246,59.039997,46.0,66.0,46.0,11.0,323.0
20240415T1400,18.750246,52.199997,23.0,0.0,19.0,23.0,410.0
20240415T1500,18.920246,56.88,20.0,1.0,17.0,20.0,387.0
20240415T1600,18.400246,59.039997,11.0,2.0,11.0,9.0,330.0
20240415T1700,17.190245,57.239998,17.0,20.0,16.0,17.0,204.0
20240415T1800,15.930245,55.44,42.0,44.0,42.0,28.0,66.0
20240415T1900,14.210245,64.439995,61.0,68.0,61.0,46.0,2.0
20240415T2000,12.680245,61.56,80.0,45.0,80.0,61.0,0.0
20240415T2100,11.160245,55.44,86.0,23.0,86.0,75.0,0.0
20240415T2200,9.470245,47.88,98.0,0.0,98.0,86.0,0.0
20240415T2300,7.860245,46.44,98.0,26.0,98.0,92.0,0.0
20240416T0000,7.0502453,46.079998,99.0,29.0,99.0,62.0,0.0
20240416T0100,6.460245,44.28,91.0,11.0,91.0,37.0,0.0
20240416T0200,6.2002454,41.760002,78.0,9.0,78.0,18.0,0.0
20240416T0300,6.250245,43.199997,59.0,9.0,59.0,22.0,0.0
20240416T0400,6.000245,42.839996,44.0,41.0,18.0,44.0,0.0
20240416T0500,5.940245,41.399998,34.0,16.0,8.0,34.0,1.0
20240416T0600,6.3102455,39.6,35.0,0.0,21.0,35.0,51.0
20240416T0700,6.8702455,54.0,55.0,0.0,20.0,55.0,221.0
20240416T0800,7.6602454,57.6,37.0,0.0,24.0,37.0,351.0
20240416T0900,8.460245,57.96,29.0,0.0,18.0,29.0,506.0
20240416T1000,9.110246,63.72,60.0,5.0,60.0,21.0,614.0
20240416T1100,9.590245,64.439995,65.0,16.0,65.0,37.0,553.0
20240416T1200,9.850245,63.72,49.0,10.0,49.0,36.0,553.0
20240416T1300,10.550245,60.839996,39.0,17.0,35.0,39.0,542.0
20240416T1400,10.500245,57.6,37.0,28.0,28.0,37.0,506.0
20240416T1500,9.970245,55.079998,40.0,47.0,40.0,22.0,360.0
20240416T1600,9.020246,52.92,71.0,77.0,71.0,32.0,297.0
20240416T1700,7.920245,45.0,83.0,88.0,83.0,34.0,164.0
20240416T1800,7.3302455,40.32,96.0,99.0,96.0,30.0,45.0
20240416T1900,7.2602453,38.519997,100.0,100.0,100.0,64.0,1.0
20240416T2000,7.0102453,33.12,99.0,99.0,99.0,48.0,0.0
20240416T2100,6.9102454,28.44,98.0,95.0,98.0,67.0,0.0
20240416T2200,6.3202453,27.0,75.0,77.0,75.0,17.0,0.0
20240416T2300,6.4102454,27.359999,82.0,69.0,82.0,22.0,0.0
20240417T0000,6.3502455,28.08,84.0,74.0,84.0,52.0,0.0
20240417T0100,6.3102455,30.239998,81.0,68.0,81.0,57.0,0.0
20240417T0200,6.2002454,29.88,57.0,59.0,57.0,54.0,0.0
20240417T0300,6.170245,29.16,63.0,43.0,57.0,63.0,0.0
20240417T0400,5.880245,29.88,90.0,33.0,70.0,90.0,0.0
20240417T0500,5.770245,29.16,86.0,21.0,81.0,86.0,1.0
20240417T0600,5.6202455,26.28,98.0,15.0,98.0,88.0,22.0
20240417T0700,5.5502453,29.88,96.0,6.0,96.0,94.0,46.0
20240417T0800,5.750245,29.88,98.0,1.0,98.0,88.0,73.0
20240417T0900,6.460245,29.519999,81.0,1.0,81.0,67.0,139.0
20240417T1000,7.2402453,28.08,87.0,23.0,87.0,46.0,221.0
20240417T1100,8.340245,28.44,72.0,15.0,72.0,33.0,443.0
20240417T1200,9.3102455,29.88,63.0,20.0,63.0,31.0,583.0
20240417T1300,9.500245,31.319998,40.0,21.0,38.0,40.0,646.0
20240417T1400,8.800245,31.319998,45.0,33.0,45.0,26.0,592.0
20240417T1500,8.430245,29.88,53.0,57.0,53.0,20.0,458.0
20240417T1600,6.8902454,28.8,77.0,51.0,77.0,39.0,289.0
20240417T1700,6.4902453,32.399998,72.0,44.0,72.0,29.0,149.0
20240417T1800,6.2402453,25.56,48.0,37.0,48.0,11.0,41.0
20240417T1900,5.2002454,15.4800005,41.0,24.0,41.0,17.0,3.0
20240417T2000,4.650245,13.679999,45.0,23.0,45.0,37.0,0.0
20240417T2100,4.5402455,13.679999,66.0,22.0,66.0,53.0,0.0
20240417T2200,4.2902455,12.959999,87.0,43.0,87.0,38.0,0.0
20240417T2300,4.2502456,12.24,81.0,37.0,81.0,65.0,0.0
20240418T0000,4.5902452,11.879999,98.0,58.0,98.0,61.0,0.0
20240418T0100,4.5802455,13.679999,98.0,38.0,98.0,83.0,0.0
20240418T0200,4.0002456,12.599999,95.0,29.0,95.0,44.0,0.0
20240418T0300,3.3802452,12.959999,81.0,13.0,81.0,73.0,0.0
20240418T0400,3.1702452,12.24,77.0,12.0,77.0,77.0,0.0
20240418T0500,3.1102452,11.879999,82.0,17.0,82.0,79.0,2.0
20240418T0600,3.5502453,16.56,87.0,39.0,87.0,85.0,42.0
20240418T0700,4.3702455,19.44,90.0,51.0,90.0,83.0,97.0
20240418T0800,5.290245,20.519999,87.0,61.0,87.0,56.0,167.0
20240418T0900,5.980245,22.319998,90.0,67.0,90.0,66.0,369.0
20240418T1000,6.540245,23.759998,61.0,60.0,61.0,39.0,478.0
20240418T1100,6.6002455,25.199999,63.0,56.0,63.0,34.0,557.0
20240418T1200,7.710245,25.919998,47.0,48.0,47.0,25.0,646.0
20240418T1300,8.160246,26.64,39.0,39.0,22.0,39.0,662.0
20240418T1400,9.010245,29.16,41.0,34.0,16.0,41.0,594.0
20240418T1500,8.920245,29.88,52.0,32.0,10.0,52.0,431.0
20240418T1600,8.890245,30.239998,39.0,33.0,25.0,39.0,308.0
20240418T1700,8.490246,26.64,50.0,31.0,28.0,50.0,232.0
20240418T1800,7.400245,23.039999,29.0,29.0,29.0,15.0,73.0
20240418T1900,5.7002454,13.679999,32.0,0.0,32.0,24.0,3.0
20240418T2000,5.7602453,12.24,31.0,0.0,22.0,31.0,0.0
20240418T2100,5.500245,10.08,29.0,0.0,15.0,29.0,0.0
20240418T2200,4.0202456,8.64,29.0,0.0,20.0,29.0,0.0
20240418T2300,3.3002453,11.159999,47.0,81.0,17.0,47.0,0.0
20240419T0000,3.0902452,12.599999,43.0,100.0,35.0,43.0,0.0
20240419T0100,3.2402453,13.32,81.0,100.0,81.0,39.0,0.0
20240419T0200,3.2802453,14.759999,100.0,100.0,100.0,50.0,0.0
20240419T0300,3.2002454,15.4800005,100.0,100.0,100.0,47.0,0.0
20240419T0400,3.5202456,17.28,99.0,99.0,99.0,31.0,0.0
20240419T0500,4.0802455,19.44,100.0,99.0,100.0,25.0,4.0
20240419T0600,4.9302454,22.68,100.0,99.0,100.0,16.0,43.0
20240419T0700,5.480245,30.599998,100.0,98.0,100.0,25.0,111.0
20240419T0800,6.000245,38.88,100.0,95.0,100.0,59.0,151.0
20240419T0900,6.5102453,43.92,99.0,94.0,99.0,51.0,148.0
20240419T1000,6.8402452,46.079998,98.0,95.0,98.0,84.0,175.0
20240419T1100,7.3902454,52.56,97.0,92.0,97.0,86.0,176.0
20240419T1200,7.400245,50.399998,96.0,41.0,96.0,69.0,139.0
20240419T1300,7.3502455,48.6,97.0,0.0,97.0,81.0,144.0
20240419T1400,7.3702455,49.68,100.0,15.0,100.0,89.0,110.0
20240419T1500,7.6402454,48.96,100.0,0.0,100.0,84.0,95.0
20240419T1600,7.8402452,48.96,99.0,1.0,99.0,95.0,59.0
20240419T1700,7.690245,50.039997,98.0,8.0,91.0,98.0,48.0
20240419T1800,7.5902452,56.88,99.0,32.0,97.0,99.0,19.0
20240419T1900,7.250245,45.719997,99.0,24.0,99.0,90.0,1.0
20240419T2000,7.150245,32.760002,98.0,2.0,98.0,70.0,0.0
20240419T2100,7.190245,30.599998,76.0,0.0,76.0,62.0,0.0
20240419T2200,7.3702455,28.44,52.0,0.0,52.0,14.0,0.0
20240419T2300,7.150245,27.72,30.0,0.0,30.0,21.0,0.0
20240420T0000,6.4302454,29.519999,27.0,0.0,27.0,26.0,0.0
20240420T0100,5.6802454,28.08,27.0,0.0,19.0,27.0,0.0
20240420T0200,5.270245,25.919998,32.0,0.0,18.0,32.0,0.0
20240420T0300,5.0902452,23.039999,60.0,0.0,27.0,60.0,0.0
20240420T0400,4.8002453,20.519999,80.0,0.0,43.0,80.0,0.0
20240420T0500,4.8702455,19.44,84.0,0.0,77.0,84.0,3.0
20240420T0600,5.000245,20.880001,96.0,0.0,96.0,80.0,56.0
20240420T0700,5.500245,23.039999,88.0,0.0,88.0,74.0,114.0
20240420T0800,5.7002454,24.48,91.0,0.0,91.0,53.0,233.0
20240420T0900,6.0702453,25.56,95.0,0.0,95.0,78.0,375.0
20240420T1000,7.130245,26.28,68.0,0.0,68.0,58.0,416.0
20240420T1100,7.8002453,28.08,89.0,0.0,89.0,81.0,578.0
20240420T1200,8.370246,29.519999,93.0,0.0,93.0,75.0,623.0
20240420T1300,8.540245,29.88,94.0,2.0,94.0,81.0,604.0
20240420T1400,8.990245,29.519999,54.0,6.0,54.0,51.0,502.0
20240420T1500,8.830245,28.8,25.0,18.0,25.0,19.0,419.0
20240420T1600,8.280246,27.359999,41.0,7.0,41.0,28.0,307.0
20240420T1700,7.5502453,27.359999,35.0,0.0,35.0,17.0,213.0
20240420T1800,6.8402452,22.68,55.0,2.0,55.0,14.0,79.0
20240420T1900,5.710245,16.199999,25.0,0.0,22.0,25.0,4.0
20240420T2000,5.0902452,12.24,25.0,32.0,22.0,25.0,0.0
20240420T2100,4.5902452,11.159999,48.0,76.0,48.0,39.0,0.0
20240420T2200,4.2102456,10.440001,48.0,0.0,48.0,43.0,0.0
20240420T2300,4.3302455,10.799999,68.0,46.0,68.0,20.0,0.0
20240421T0000,3.7802453,12.24,9.0,24.0,3.0,9.0,0.0
20240421T0100,3.6202455,12.599999,13.0,21.0,4.0,13.0,0.0
20240421T0200,3.8102455,12.24,57.0,50.0,57.0,35.0,0.0
20240421T0300,4.0402455,11.879999,79.0,12.0,79.0,46.0,0.0
20240421T0400,4.3702455,12.959999,65.0,4.0,65.0,40.0,0.0
20240421T0500,4.690245,15.119999,72.0,0.0,72.0,53.0,4.0
20240421T0600,4.880245,20.519999,69.0,0.0,69.0,42.0,46.0
20240421T0700,4.5602455,24.119999,96.0,0.0,91.0,96.0,105.0
20240421T0800,4.8702455,24.48,89.0,0.0,89.0,87.0,165.0
20240421T0900,4.770245,28.44,94.0,1.0,71.0,94.0,350.0
20240421T1000,4.5402455,29.519999,56.0,9.0,55.0,56.0,412.0
20240421T1100,5.3402452,28.8,54.0,18.0,54.0,52.0,494.0
20240421T1200,5.920245,30.960001,70.0,22.0,45.0,70.0,632.0
20240421T1300,5.5802455,31.68,54.0,26.0,46.0,54.0,705.0
20240421T1400,6.2402453,32.039997,51.0,38.0,20.0,51.0,625.0
20240421T1500,5.7002454,29.88,40.0,36.0,20.0,40.0,514.0
20240421T1600,6.2202454,24.84,47.0,42.0,47.0,34.0,346.0
20240421T1700,6.040245,18.359999,43.0,37.0,43.0,12.0,207.0
20240421T1800,4.8102455,15.4800005,53.0,37.0,53.0,20.0,83.0
20240421T1900,3.9902453,18.0,45.0,25.0,45.0,28.0,5.0
20240421T2000,3.1302452,18.359999,39.0,0.0,39.0,16.0,0.0
20240421T2100,2.4002454,16.199999,32.0,0.0,15.0,32.0,0.0
20240421T2200,2.3902454,15.119999,51.0,19.0,51.0,46.0,0.0
20240421T2300,2.1902454,15.4800005,52.0,22.0,52.0,48.0,0.0
20240422T0000,2.4402454,16.919998,62.0,8.0,51.0,62.0,0.0
20240422T0100,2.7902455,16.56,70.0,9.0,53.0,70.0,0.0
20240422T0200,2.8402452,18.72,89.0,18.0,71.0,89.0,0.0
20240422T0300,3.0102453,20.880001,93.0,29.0,93.0,93.0,0.0
20240422T0400,3.0902452,23.039999,96.0,1.0,72.0,96.0,0.0
20240422T0500,2.9802456,25.199999,95.0,0.0,79.0,95.0,4.0
20240422T0600,3.1402454,27.72,86.0,0.0,66.0,86.0,60.0
20240422T0700,3.8102455,34.2,70.0,0.0,40.0,70.0,158.0
20240422T0800,4.5802455,41.039997,58.0,0.0,21.0,58.0,308.0
20240422T0900,5.3502455,43.92,33.0,8.0,29.0,33.0,407.0
20240422T1000,5.6802454,44.639996,54.0,0.0,54.0,30.0,465.0
20240422T1100,6.130245,44.639996,65.0,37.0,65.0,40.0,570.0
20240422T1200,6.3002453,43.199997,82.0,60.0,82.0,48.0,466.0
20240422T1300,6.8202453,43.199997,82.0,56.0,82.0,21.0,637.0
20240422T1400,7.1002455,41.399998,80.0,11.0,80.0,25.0,609.0
20240422T1500,7.130245,40.68,65.0,0.0,65.0,32.0,489.0
20240422T1600,7.170245,38.519997,73.0,0.0,73.0,51.0,382.0
20240422T1700,6.8102455,35.64,69.0,7.0,69.0,43.0,229.0
20240422T1800,6.0802455,29.16,49.0,23.0,49.0,31.0,85.0
20240422T1900,5.2002454,18.72,65.0,32.0,65.0,41.0,5.0
20240422T2000,4.690245,19.44,70.0,51.0,70.0,29.0,0.0
20240422T2100,4.0802455,19.8,77.0,61.0,77.0,19.0,0.0
20240422T2200,3.8202453,19.8,81.0,86.0,81.0,8.0,0.0
20240422T2300,3.1602454,18.359999,27.300001,91.0,21.0,3.0,0.0
20240423T0000,2.4902453,16.56,22.2,74.0,16.0,7.0,0.0
20240423T0100,2.4902453,16.56,30.0,85.0,30.0,2.0,0.0
20240423T0200,2.2102454,16.919998,59.0,91.0,59.0,1.0,0.0
20240423T0300,1.8702455,16.56,73.0,71.0,73.0,2.0,0.0
20240423T0400,1.5002453,15.84,53.0,0.0,53.0,9.0,0.0
20240423T0500,1.4302454,15.84,17.0,0.0,17.0,15.0,9.0
20240423T0600,2.7302456,19.08,36.0,0.0,36.0,32.0,106.0
20240423T0700,4.0402455,27.72,56.0,0.0,43.0,56.0,234.0
20240423T0800,5.5502453,32.039997,59.0,0.0,38.0,59.0,317.0
20240423T0900,6.7202454,36.0,79.0,0.0,45.0,79.0,438.0
20240423T1000,7.730245,38.88,48.0,0.0,45.0,48.0,622.0
20240423T1100,7.9702454,39.239998,84.0,0.0,84.0,43.0,466.0
20240423T1200,8.520246,41.760002,99.0,0.0,99.0,59.0,581.0
20240423T1300,8.8102455,41.760002,95.0,0.0,95.0,68.0,501.0
20240423T1400,9.270246,40.32,92.0,0.0,92.0,61.0,450.0
20240423T1500,9.220245,39.239998,97.0,0.0,97.0,56.0,350.0
20240423T1600,9.110246,34.56,98.0,0.0,98.0,28.0,223.0
20240423T1700,8.720245,29.519999,89.0,0.0,89.0,32.0,124.0
20240423T1800,7.8202453,22.319998,57.0,6.0,57.0,35.0,62.0
20240423T1900,6.480245,14.4,51.0,23.0,51.0,31.0,6.0
20240423T2000,4.9102454,12.24,59.0,0.0,59.0,28.0,0.0
20240423T2100,4.1202455,10.440001,55.0,0.0,55.0,22.0,0.0
20240423T2200,2.9202452,10.799999,55.0,22.0,55.0,18.0,0.0
20240423T2300,2.5002456,10.799999,57.0,36.0,57.0,15.0,0.0
20240424T0000,1.7702454,10.799999,39.0,29.0,39.0,12.0,0.0
20240424T0100,1.0202454,11.159999,41.0,3.0,41.0,21.0,0.0
20240424T0200,0.9502454,12.24,42.0,0.0,42.0,26.0,0.0
20240424T0300,1.0502454,12.599999,62.0,0.0,62.0,19.0,0.0
20240424T0400,1.2602453,12.959999,56.0,1.0,56.0,24.0,0.0
20240424T0500,1.5002453,13.32,45.0,11.0,45.0,34.0,10.0
20240424T0600,3.3902454,18.0,27.0,0.0,27.0,16.0,96.0
20240424T0700,5.4102454,17.64,28.0,0.0,28.0,13.0,268.0
20240424T0800,6.5602455,24.84,52.0,0.0,52.0,27.0,377.0
20240424T0900,6.8002453,32.760002,76.0,0.0,76.0,51.0,407.0
20240424T1000,6.9902453,38.16,95.0,0.0,95.0,58.0,458.0
20240424T1100,6.8202453,39.6,98.0,0.0,98.0,85.0,419.0
20240424T1200,6.540245,41.760002,95.0,0.0,95.0,68.0,490.0
20240424T1300,6.960245,42.48,80.0,0.0,80.0,54.0,602.0
20240424T1400,6.960245,41.039997,61.0,3.0,61.0,41.0,431.0
20240424T1500,6.4902453,39.96,49.0,12.0,48.0,49.0,390.0
20240424T1600,6.8402452,39.6,41.0,20.0,41.0,26.0,348.0
20240424T1700,6.2402453,34.2,45.0,13.0,45.0,14.0,172.0
20240424T1800,5.5802455,33.839996,50.0,1.0,50.0,10.0,92.0
20240424T1900,4.750245,24.119999,59.0,0.0,59.0,13.0,7.0
20240424T2000,4.5102453,20.880001,35.0,0.0,35.0,7.0,0.0
20240424T2100,4.1202455,19.44,25.0,0.0,25.0,20.0,0.0
20240424T2200,4.0302453,18.0,49.0,0.0,49.0,7.0,0.0
20240424T2300,3.9102454,16.199999,48.0,0.0,48.0,3.0,0.0
20240425T0000,3.7702456,15.84,39.0,0.0,39.0,1.0,0.0
20240425T0100,3.7402453,15.119999,10.0,0.0,10.0,2.0,0.0
20240425T0200,3.7102456,14.4,6.0,0.0,6.0,2.0,0.0
20240425T0300,3.4802456,14.04,6.0,0.0,3.0,6.0,0.0
20240425T0400,3.6702452,13.32,6.0,0.0,1.0,6.0,0.0
20240425T0500,4.0602455,12.959999,11.0,0.0,1.0,11.0,8.0
20240425T0600,4.4502454,16.199999,15.0,0.0,0.0,15.0,73.0
20240425T0700,5.3502455,19.8,17.0,0.0,3.0,17.0,284.0
20240425T0800,6.630245,25.199999,36.0,1.0,36.0,28.0,445.0
20240425T0900,7.4702454,25.919998,41.0,11.0,41.0,24.0,578.0
20240425T1000,7.7002454,25.56,42.0,13.0,42.0,42.0,520.0
20240425T1100,8.170245,27.359999,37.0,19.0,37.0,33.0,654.0
20240425T1200,8.720245,30.239998,56.0,16.0,46.0,56.0,617.0
20240425T1300,9.420245,30.599998,77.0,5.0,77.0,73.0,517.0
20240425T1400,9.950245,29.519999,80.0,3.0,80.0,42.0,353.0
20240425T1500,10.400246,27.0,76.0,0.0,76.0,45.0,351.0
20240425T1600,10.530245,24.84,84.0,0.0,84.0,56.0,286.0
20240425T1700,10.300245,22.319998,64.0,0.0,64.0,34.0,168.0
20240425T1800,8.280246,13.679999,32.0,0.0,32.0,24.0,95.0
20240425T1900,5.2402453,11.5199995,35.0,0.0,35.0,22.0,8.0
20240425T2000,3.3502455,11.5199995,22.0,0.0,22.0,6.0,0.0
20240425T2100,2.6802454,12.959999,9.0,0.0,9.0,1.0,0.0
20240425T2200,2.9102454,13.32,12.0,0.0,12.0,3.0,0.0
20240425T2300,2.8202453,13.679999,34.0,0.0,34.0,6.0,0.0
20240426T0000,3.5202456,13.679999,43.0,3.0,43.0,7.0,0.0
20240426T0100,4.3402452,14.759999,46.0,22.0,46.0,5.0,0.0
20240426T0200,4.7802453,15.84,76.0,58.0,76.0,15.0,0.0
20240426T0300,4.9302454,16.56,89.0,67.0,89.0,21.0,0.0
20240426T0400,4.940245,16.56,90.0,71.0,90.0,33.0,0.0
20240426T0500,5.270245,17.64,95.0,78.0,95.0,62.0,6.0
20240426T0600,6.040245,18.72,96.0,33.0,96.0,71.0,67.0
20240426T0700,7.0702453,22.319998,93.0,23.0,93.0,71.0,71.0
20240426T0800,8.140245,23.759998,84.0,27.0,84.0,44.0,242.0
20240426T0900,8.970245,28.44,79.0,40.0,79.0,39.0,450.0
20240426T1000,10.070246,29.16,87.0,60.0,87.0,14.0,367.0
20240426T1100,11.0602455,28.08,78.0,48.0,78.0,29.0,520.0
20240426T1200,11.930245,29.16,77.0,18.0,77.0,27.0,516.0
20240426T1300,12.380245,28.44,65.0,22.0,65.0,19.0,416.0
20240426T1400,12.680245,25.919998,65.0,69.0,65.0,13.0,407.0
20240426T1500,12.200245,26.28,83.0,69.0,83.0,20.0,339.0
20240426T1600,11.610246,25.919998,81.0,67.0,81.0,9.0,258.0
20240426T1700,11.150246,21.24,48.0,60.0,48.0,0.0,160.0
20240426T1800,10.350245,15.84,56.0,55.0,56.0,0.0,87.0
20240426T1900,8.530246,12.959999,43.0,40.0,43.0,0.0,9.0
20240426T2000,7.420245,12.24,13.0,15.0,13.0,2.0,0.0
20240426T2100,6.6002455,13.32,5.0,1.0,5.0,1.0,0.0
20240426T2200,5.880245,14.4,43.0,17.0,43.0,29.0,0.0
20240426T2300,5.3702455,15.4800005,52.0,15.0,52.0,28.0,0.0
20240427T0000,5.4702454,16.199999,48.0,33.0,48.0,27.0,0.0
20240427T0100,5.460245,16.199999,35.0,66.0,32.0,35.0,0.0
20240427T0200,5.5702453,16.199999,46.0,72.0,25.0,46.0,0.0
20240427T0300,5.270245,15.4800005,85.0,37.0,19.0,85.0,0.0
20240427T0400,5.040245,15.119999,85.0,21.0,13.0,85.0,0.0
20240427T0500,5.420245,15.119999,86.0,1.0,11.0,86.0,12.0
20240427T0600,6.8502455,15.4800005,79.0,4.0,16.0,79.0,114.0
20240427T0700,9.580245,18.72,78.0,7.0,23.0,78.0,239.0
20240427T0800,12.450245,18.359999,35.0,8.0,32.0,35.0,382.0
20240427T0900,14.770246,19.44,25.0,9.0,25.0,1.0,510.0
20240427T1000,16.430246,23.4,11.0,1.0,11.0,0.0,737.0
20240427T1100,17.990246,27.359999,33.0,1.0,33.0,0.0,828.0
20240427T1200,19.380245,28.44,79.0,1.0,79.0,0.0,862.0
20240427T1300,20.440245,28.08,90.0,3.0,90.0,0.0,799.0
20240427T1400,20.640245,25.56,79.0,0.0,79.0,0.0,715.0
20240427T1500,21.010244,24.48,79.0,19.0,79.0,0.0,587.0
20240427T1600,20.850245,23.039999,50.0,100.0,50.0,0.0,360.0
20240427T1700,20.020245,14.759999,93.0,99.0,93.0,0.0,231.0
20240427T1800,18.110245,14.4,95.0,90.0,95.0,0.0,92.0
20240427T1900,15.210245,19.8,82.0,81.0,82.0,0.0,8.0
20240427T2000,13.450245,19.44,45.0,87.0,45.0,0.0,0.0
20240427T2100,12.570246,19.8,58.0,91.0,58.0,0.0,0.0
20240427T2200,12.190246,20.16,39.0,55.0,39.0,0.0,0.0
20240427T2300,11.940246,18.72,92.0,74.0,92.0,0.0,0.0
20240428T0000,11.140245,18.359999,97.0,85.0,97.0,0.0,0.0
20240428T0100,10.8102455,18.359999,91.0,99.0,91.0,0.0,0.0
20240428T0200,11.180245,21.599998,77.0,100.0,77.0,0.0,0.0
20240428T0300,11.010245,21.599998,78.0,99.0,78.0,0.0,0.0
20240428T0400,10.840245,20.16,50.0,90.0,50.0,0.0,0.0
20240428T0500,10.960245,19.08,61.0,83.0,61.0,0.0,4.0
20240428T0600,11.030245,15.119999,67.0,96.0,67.0,1.0,45.0
20240428T0700,11.540245,19.08,85.0,100.0,85.0,0.0,134.0
20240428T0800,11.970245,18.0,89.0,100.0,89.0,8.0,201.0
20240428T0900,12.780245,20.519999,98.0,100.0,98.0,21.0,294.0
20240428T1000,13.910245,20.16,93.0,100.0,93.0,68.0,345.0
20240428T1100,13.600245,23.039999,100.0,96.0,100.0,69.0,361.0
20240428T1200,13.170245,27.359999,100.0,82.0,100.0,78.0,371.0
20240428T1300,12.960245,29.88,99.0,86.0,99.0,68.0,349.0
20240428T1400,12.850245,28.08,100.0,89.0,100.0,31.0,308.0
20240428T1500,12.790245,25.199999,100.0,30.0,100.0,25.0,289.0
20240428T1600,12.530245,21.24,99.0,22.0,99.0,10.0,182.0
20240428T1700,12.290245,16.199999,99.0,46.0,99.0,8.0,138.0
20240428T1800,11.700245,11.5199995,100.0,96.0,100.0,11.0,60.0
20240428T1900,11.480246,10.440001,98.0,99.0,98.0,0.0,4.0
20240428T2000,11.050245,9.72,98.0,99.0,98.0,4.0,0.0
20240428T2100,10.850245,10.440001,94.0,69.0,94.0,5.0,0.0
20240428T2200,9.620245,11.5199995,94.0,75.0,94.0,0.0,0.0
20240428T2300,9.460245,12.24,98.0,90.0,98.0,1.0,0.0
20240429T0000,9.200245,11.879999,96.0,95.0,96.0,9.0,0.0
20240429T0100,9.160245,10.799999,95.0,97.0,95.0,10.0,0.0
20240429T0200,9.080245,9.36,100.0,95.0,100.0,57.0,0.0
20240429T0300,8.750245,7.92,100.0,15.0,100.0,66.0,0.0
20240429T0400,8.740245,6.8399997,100.0,1.0,100.0,60.0,0.0
20240429T0500,9.0602455,8.64,100.0,0.0,100.0,64.0,7.0
20240429T0600,9.660245,9.0,82.0,0.0,82.0,38.0,58.0
20240429T0700,10.980246,10.799999,49.0,7.0,49.0,19.0,196.0
20240429T0800,12.300245,10.799999,54.0,7.0,54.0,10.0,339.0
20240429T0900,13.790245,14.04,54.0,10.0,54.0,6.0,530.0
20240429T1000,15.820246,16.56,37.0,32.0,37.0,28.0,641.0
20240429T1100,17.150246,18.0,85.0,84.0,29.0,85.0,554.0
20240429T1200,17.910246,22.319998,99.0,82.0,37.0,99.0,437.0
20240429T1300,18.840246,23.4,79.0,82.0,31.0,79.0,489.0
20240429T1400,19.180244,20.16,26.7,89.0,17.0,17.0,463.0
20240429T1500,19.470245,19.8,30.000002,100.0,6.0,2.0,494.0
20240429T1600,19.090246,22.319998,30.000002,100.0,5.0,4.0,407.0
20240429T1700,18.040245,22.68,29.7,99.0,6.0,5.0,238.0
20240429T1800,16.440247,18.72,30.000002,100.0,17.0,4.0,99.0
20240429T1900,14.340245,17.28,29.7,99.0,22.0,1.0,9.0
20240429T2000,13.180245,16.56,27.6,92.0,13.0,0.0,0.0
20240429T2100,12.790245,16.919998,15.3,51.0,5.0,0.0,0.0
20240429T2200,11.780245,15.84,1.5,5.0,0.0,0.0,0.0
20240429T2300,11.690246,14.4,0.3,1.0,0.0,0.0,0.0
20240430T0000,11.080245,12.959999,1.0,0.0,1.0,0.0,0.0
20240430T0100,10.570246,12.24,0.3,1.0,0.0,0.0,0.0
20240430T0200,10.030245,11.5199995,3.0,6.0,3.0,0.0,0.0
20240430T0300,9.630245,10.440001,21.0,19.0,21.0,0.0,0.0
20240430T0400,9.290245,9.72,41.0,3.0,41.0,0.0,0.0
20240430T0500,8.070246,9.36,34.0,5.0,34.0,0.0,19.0
20240430T0600,10.580245,11.5199995,30.0,25.0,30.0,0.0,123.0
20240430T0700,13.420245,12.599999,15.0,13.0,15.0,0.0,300.0
20240430T0800,15.840245,15.4800005,0.0,0.0,0.0,0.0,476.0
20240430T0900,18.030245,15.84,0.0,0.0,0.0,0.0,636.0
20240430T1000,19.810246,16.199999,0.0,0.0,0.0,0.0,756.0
20240430T1100,21.370245,16.56,0.3,1.0,0.0,0.0,831.0
20240430T1200,22.740246,17.28,11.700001,39.0,0.0,0.0,854.0
20240430T1300,23.720245,18.72,15.3,51.0,5.0,0.0,820.0
20240430T1400,24.240246,18.72,14.700001,49.0,2.0,0.0,718.0
20240430T1500,24.130245,17.64,26.400002,88.0,1.0,0.0,605.0
20240430T1600,23.550245,18.0,27.6,92.0,0.0,0.0,416.0
20240430T1700,22.330246,18.0,11.400001,38.0,7.0,0.0,276.0
20240430T1800,19.850245,15.84,52.0,45.0,52.0,0.0,118.0
20240430T1900,16.510246,15.119999,85.0,76.0,85.0,0.0,13.0
20240430T2000,16.540245,13.679999,42.0,43.0,42.0,0.0,0.0
20240430T2100,13.940246,12.959999,11.0,17.0,11.0,0.0,0.0
20240430T2200,13.240245,10.440001,14.1,47.0,4.0,0.0,0.0
20240430T2300,11.570246,9.0,17.7,59.0,0.0,0.0,0.0
20240501T0000,11.430245,9.72,15.6,52.0,0.0,0.0,0.0
20240501T0100,11.240245,10.440001,13.200001,44.0,0.0,0.0,0.0
20240501T0200,10.840245,10.440001,6.0,20.0,0.0,0.0,0.0
20240501T0300,10.130245,10.440001,1.8000001,6.0,1.0,0.0,0.0
20240501T0400,9.640245,10.08,0.6,2.0,0.0,0.0,0.0
20240501T0500,10.3102455,9.36,15.000001,50.0,0.0,0.0,21.0
20240501T0600,12.460245,11.159999,27.300001,91.0,1.0,0.0,144.0
20240501T0700,15.180245,11.879999,28.500002,95.0,0.0,0.0,303.0
20240501T0800,17.600245,14.4,29.400002,98.0,0.0,0.0,471.0
20240501T0900,19.840246,18.0,28.2,94.0,0.0,0.0,599.0
20240501T1000,21.630245,20.519999,29.400002,98.0,13.0,0.0,665.0
20240501T1100,23.170246,22.319998,30.0,98.0,30.0,0.0,691.0
20240501T1200,24.440245,24.119999,64.0,96.0,64.0,0.0,780.0
20240501T1300,25.500246,24.48,50.0,96.0,50.0,0.0,724.0
20240501T1400,26.070246,28.44,30.0,89.0,30.0,0.0,734.0
20240501T1500,26.180244,25.919998,43.0,95.0,43.0,0.0,599.0
20240501T1600,25.270245,22.68,29.0,95.0,29.0,0.0,414.0
20240501T1700,23.480246,18.72,25.0,59.0,25.0,0.0,186.0
20240501T1800,21.070246,10.799999,9.3,31.0,6.0,0.0,101.0
20240501T1900,18.850245,12.24,16.5,55.0,0.0,0.0,14.0
20240501T2000,17.580246,11.5199995,17.400002,58.0,5.0,1.0,0.0
20240501T2100,16.130245,13.32,21.6,72.0,4.0,5.0,0.0
20240501T2200,14.880245,14.04,27.000002,90.0,21.0,0.0,0.0
20240501T2300,14.140245,14.4,26.400002,88.0,5.0,2.0,0.0
20240502T0000,13.980246,14.4,21.300001,71.0,0.0,11.0,0.0
20240502T0100,13.940246,15.84,29.0,66.0,19.0,29.0,0.0
20240502T0200,13.830245,16.199999,59.0,84.0,59.0,47.0,0.0
20240502T0300,14.100245,15.4800005,59.0,88.0,46.0,59.0,0.0
20240502T0400,14.140245,15.4800005,76.0,62.0,31.0,76.0,0.0
20240502T0500,14.130245,15.119999,70.0,49.0,42.0,70.0,6.0
20240502T0600,14.380245,15.4800005,74.0,55.0,62.0,74.0,30.0
20240502T0700,14.720245,14.759999,79.0,63.0,61.0,79.0,84.0
20240502T0800,15.150246,15.4800005,87.0,77.0,77.0,87.0,129.0
20240502T0900,15.5602455,19.08,88.0,78.0,88.0,87.0,177.0
20240502T1000,15.870245,23.4,87.0,54.0,87.0,56.0,211.0
20240502T1100,14.860246,28.08,74.0,64.0,57.0,74.0,156.0
20240502T1200,13.820246,33.12,79.0,81.0,70.0,79.0,140.0
20240502T1300,12.660245,41.760002,100.0,91.0,92.0,100.0,155.0
20240502T1400,12.100245,44.28,100.0,95.0,99.0,100.0,65.0
20240502T1500,12.100245,39.96,98.0,99.0,98.0,92.0,82.0
20240502T1600,12.230246,34.2,94.0,99.0,90.0,94.0,76.0
20240502T1700,11.840245,35.64,100.0,98.0,96.0,100.0,40.0
20240502T1800,11.490245,35.28,97.0,98.0,97.0,95.0,22.0
20240502T1900,11.220245,31.319998,95.0,96.0,91.0,95.0,4.0
20240502T2000,11.120245,30.599998,98.0,95.0,58.0,98.0,0.0
20240502T2100,10.970245,30.599998,96.0,97.0,84.0,96.0,0.0
20240502T2200,10.780245,29.88,93.0,98.0,93.0,93.0,0.0
20240502T2300,10.580245,30.239998,100.0,99.0,98.0,100.0,0.0
20240503T0000,10.370245,32.039997,100.0,94.0,97.0,100.0,0.0
20240503T0100,10.170245,31.68,96.0,72.0,96.0,95.0,0.0
20240503T0200,10.010245,30.599998,97.0,27.0,97.0,92.0,0.0
20240503T0300,9.800245,28.8,92.0,40.0,92.0,57.0,0.0
20240503T0400,9.760245,28.08,40.0,73.0,40.0,29.0,0.0
20240503T0500,9.880245,28.8,46.0,86.0,46.0,36.0,7.0
20240503T0600,10.230246,29.16,61.0,89.0,61.0,43.0,57.0
20240503T0700,10.470245,33.48,67.0,10.0,67.0,37.0,156.0
20240503T0800,10.910245,36.0,67.0,11.0,67.0,48.0,232.0
20240503T0900,11.410245,34.2,50.0,28.0,50.0,33.0,318.0
20240503T1000,12.350245,32.399998,98.0,50.0,98.0,70.0,521.0
20240503T1100,12.930245,31.68,93.0,73.0,93.0,43.0,561.0
20240503T1200,13.740245,31.319998,78.0,78.0,78.0,31.0,561.0
20240503T1300,14.360246,30.599998,78.0,14.0,78.0,23.0,500.0
20240503T1400,14.330245,26.64,72.0,67.0,72.0,13.0,402.0
20240503T1500,14.550245,22.319998,76.0,94.0,76.0,28.0,330.0
20240503T1600,14.520246,20.519999,83.0,88.0,83.0,17.0,286.0
20240503T1700,14.270246,18.359999,94.0,95.0,94.0,7.0,212.0
20240503T1800,13.290245,9.72,94.0,91.0,94.0,7.0,89.0
20240503T1900,11.110246,10.440001,96.0,98.0,96.0,4.0,11.0
20240503T2000,9.930245,9.72,90.0,98.0,90.0,4.0,0.0
20240503T2100,9.0602455,10.08,33.0,93.0,33.0,4.0,0.0
20240503T2200,8.370246,10.799999,16.0,7.0,16.0,5.0,0.0
20240503T2300,7.3102455,10.799999,12.0,13.0,12.0,10.0,0.0
20240504T0000,6.150245,10.799999,9.0,20.0,6.0,9.0,0.0
20240504T0100,6.3102455,10.08,11.0,6.0,9.0,11.0,0.0
20240504T0200,6.8902454,9.72,40.0,6.0,40.0,11.0,0.0
20240504T0300,7.5602455,9.0,53.0,20.0,53.0,6.0,0.0
20240504T0400,7.5102453,9.72,42.0,10.0,42.0,8.0,0.0
20240504T0500,7.7602453,10.440001,17.0,24.0,17.0,2.0,22.0
20240504T0600,9.400246,12.599999,10.5,35.0,4.0,0.0,144.0
20240504T0700,11.5602455,13.679999,15.900001,53.0,2.0,0.0,318.0
20240504T0800,13.350245,16.56,24.0,80.0,0.0,6.0,483.0
20240504T0900,14.680245,21.96,47.0,72.0,10.0,47.0,593.0
20240504T1000,15.920245,24.84,52.0,85.0,52.0,10.0,597.0
20240504T1100,17.020245,26.28,85.0,99.0,85.0,18.0,655.0
20240504T1200,17.600245,27.72,96.0,99.0,96.0,30.0,708.0
20240504T1300,18.180244,30.239998,84.0,60.0,84.0,55.0,662.0
20240504T1400,18.610245,30.599998,88.0,42.0,88.0,63.0,535.0
20240504T1500,18.730246,30.960001,98.0,2.0,97.0,98.0,354.0
20240504T1600,18.700245,27.72,78.0,30.0,78.0,15.0,186.0
20240504T1700,17.970245,19.8,52.0,77.0,52.0,8.0,117.0
20240504T1800,16.560246,19.8,43.0,99.0,43.0,5.0,52.0
20240504T1900,15.170245,18.0,30.000002,100.0,29.0,6.0,13.0
20240504T2000,14.470245,18.359999,77.0,100.0,77.0,24.0,0.0
20240504T2100,14.330245,21.599998,100.0,100.0,100.0,43.0,0.0
20240504T2200,14.700245,23.039999,93.0,98.0,93.0,7.0,0.0
20240504T2300,14.050245,22.319998,99.0,100.0,99.0,31.0,0.0
20240505T0000,13.630245,21.96,100.0,100.0,100.0,82.0,0.0
20240505T0100,13.370245,22.68,100.0,100.0,100.0,97.0,0.0
20240505T0200,13.050245,21.96,98.0,87.0,98.0,95.0,0.0
20240505T0300,13.020246,29.88,100.0,10.0,97.0,100.0,0.0
20240505T0400,13.210245,30.239998,99.0,17.0,99.0,98.0,0.0
20240505T0500,13.350245,29.16,95.0,37.0,82.0,95.0,5.0
20240505T0600,13.850245,26.28,94.0,42.0,94.0,90.0,37.0
20240505T0700,14.400246,34.92,90.0,29.0,83.0,90.0,95.0
20240505T0800,15.420245,35.28,75.0,49.0,75.0,36.0,144.0
20240505T0900,16.180246,32.039997,73.0,67.0,73.0,63.0,195.0
20240505T1000,17.130245,32.760002,76.0,27.0,29.0,76.0,322.0
20240505T1100,18.340246,43.199997,81.0,19.0,35.0,81.0,470.0
20240505T1200,19.370245,40.32,54.0,10.0,42.0,54.0,754.0
20240505T1300,20.350245,37.44,37.0,27.0,37.0,33.0,721.0
20240505T1400,20.660246,33.12,27.0,23.0,27.0,22.0,533.0
20240505T1500,20.590246,28.44,17.7,59.0,12.0,7.0,504.0
20240505T1600,20.570246,23.039999,29.1,97.0,16.0,9.0,339.0
20240505T1700,19.390245,13.32,45.0,97.0,45.0,11.0,153.0
20240505T1800,17.430244,8.64,31.0,100.0,31.0,6.0,76.0
20240505T1900,15.980246,20.880001,30.000002,100.0,26.0,2.0,12.0
20240505T2000,14.900246,23.759998,32.0,100.0,32.0,8.0,0.0
20240505T2100,14.380245,28.08,45.0,100.0,45.0,18.0,0.0
20240505T2200,14.110246,28.44,97.0,100.0,97.0,67.0,0.0
20240505T2300,13.870245,27.359999,93.0,96.0,93.0,29.0,0.0
20240506T0000,13.660245,15.119999,97.0,100.0,97.0,45.0,0.0
20240506T0100,13.450245,16.56,91.0,99.0,91.0,23.0,0.0
20240506T0200,13.160245,16.919998,99.0,98.0,99.0,26.0,0.0
20240506T0300,13.090245,16.919998,99.0,100.0,99.0,31.0,0.0
20240506T0400,13.140245,15.84,96.0,98.0,96.0,46.0,0.0
20240506T0500,13.260245,15.4800005,96.0,99.0,96.0,80.0,14.0
20240506T0600,13.670245,15.84,97.0,99.0,97.0,86.0,65.0
20240506T0700,14.210245,20.519999,95.0,99.0,95.0,90.0,65.0
20240506T0800,13.930245,20.880001,97.0,100.0,97.0,67.0,190.0
20240506T0900,13.490245,25.199999,96.0,98.0,96.0,60.0,247.0
20240506T1000,13.770246,30.960001,97.0,100.0,97.0,68.0,263.0
20240506T1100,13.780245,36.719997,97.0,100.0,97.0,46.0,149.0
20240506T1200,14.110246,31.68,96.0,98.0,96.0,70.0,182.0
20240506T1300,14.540245,30.599998,95.0,100.0,95.0,71.0,194.0
20240506T1400,14.480246,31.68,82.0,99.0,82.0,82.0,259.0
20240506T1500,14.630245,31.68,83.0,94.0,83.0,79.0,345.0
20240506T1600,14.180245,29.88,97.0,97.0,97.0,83.0,225.0
20240506T1700,13.830245,24.84,98.0,99.0,98.0,71.0,169.0
20240506T1800,13.170245,15.119999,89.0,91.0,89.0,31.0,90.0
20240506T1900,13.320246,18.72,65.0,61.0,65.0,13.0,9.0
20240506T2000,12.090245,12.24,48.0,59.0,48.0,10.0,0.0
20240506T2100,11.590245,10.08,57.0,31.0,57.0,16.0,0.0
20240506T2200,11.440246,9.72,100.0,35.0,98.0,100.0,0.0
20240506T2300,11.350245,9.72,100.0,38.0,97.0,100.0,0.0
20240507T0000,10.970245,8.64,99.0,52.0,93.0,99.0,0.0
20240507T0100,10.760245,7.5599995,100.0,63.0,91.0,100.0,0.0
20240507T0200,10.5602455,7.2,96.0,69.0,94.0,96.0,0.0
20240507T0300,10.330245,6.4799995,100.0,98.0,100.0,74.0,0.0
20240507T0400,10.210245,5.7599998,99.0,100.0,99.0,70.0,0.0
20240507T0500,10.550245,5.7599998,96.0,98.0,96.0,22.0,10.0
20240507T0600,11.000245,5.7599998,84.0,96.0,84.0,25.0,40.0
20240507T0700,11.570246,10.799999,97.0,96.0,97.0,17.0,97.0
20240507T0800,12.270246,11.879999,92.0,99.0,92.0,5.0,145.0
20240507T0900,12.980246,14.04,100.0,100.0,100.0,17.0,151.0
20240507T1000,14.340245,19.44,100.0,96.0,100.0,25.0,300.0
20240507T1100,15.200245,22.68,100.0,97.0,100.0,13.0,477.0
20240507T1200,15.150246,24.119999,99.0,98.0,99.0,29.0,406.0
20240507T1300,15.200245,25.199999,92.0,99.0,92.0,20.0,368.0
20240507T1400,15.370245,26.64,87.0,100.0,87.0,32.0,318.0
20240507T1500,14.950245,27.72,88.0,97.0,88.0,48.0,278.0
20240507T1600,14.640245,26.64,95.0,97.0,95.0,68.0,140.0
20240507T1700,14.180245,20.880001,95.0,98.0,95.0,76.0,124.0
20240507T1800,13.540245,18.0,89.0,99.0,89.0,84.0,58.0
20240507T1900,13.180245,20.880001,84.0,98.0,78.0,84.0,5.0
20240507T2000,13.040245,25.199999,76.0,98.0,68.0,76.0,0.0
20240507T2100,12.710245,25.919998,64.0,99.0,64.0,55.0,0.0
20240507T2200,12.380245,24.119999,42.0,98.0,42.0,38.0,0.0
20240507T2300,11.940246,25.199999,33.0,96.0,33.0,20.0,0.0
20240508T0000,11.370245,25.919998,33.0,59.0,33.0,21.0,0.0
20240508T0100,10.850245,24.84,29.0,60.0,29.0,20.0,0.0
20240508T0200,10.630245,23.4,18.300001,61.0,9.0,9.0,0.0
20240508T0300,10.670245,20.880001,25.0,56.0,17.0,25.0,0.0
20240508T0400,10.480246,19.44,32.0,35.0,17.0,32.0,0.0
20240508T0500,10.590245,18.359999,47.0,36.0,21.0,47.0,21.0
20240508T0600,11.570246,20.519999,51.0,17.0,34.0,51.0,96.0
20240508T0700,12.890245,25.919998,68.0,10.0,28.0,68.0,156.0
20240508T0800,14.140245,27.72,40.0,4.0,14.0,40.0,302.0
20240508T0900,14.970245,29.16,49.0,2.0,20.0,49.0,446.0
20240508T1000,15.750245,30.960001,34.0,3.0,34.0,31.0,562.0
20240508T1100,16.480246,34.2,42.0,6.0,42.0,39.0,642.0
20240508T1200,16.690245,37.44,40.0,5.0,38.0,40.0,596.0
20240508T1300,16.810246,38.88,50.0,0.0,37.0,50.0,552.0
20240508T1400,16.790245,38.519997,60.0,0.0,35.0,60.0,455.0
20240508T1500,16.710245,37.8,57.0,0.0,41.0,57.0,350.0
20240508T1600,16.360247,37.8,51.0,0.0,42.0,51.0,370.0
20240508T1700,15.620245,35.64,62.0,0.0,62.0,61.0,144.0
20240508T1800,14.780245,29.88,61.0,0.0,55.0,61.0,67.0
20240508T1900,13.490245,22.68,72.0,0.0,59.0,72.0,14.0
20240508T2000,12.260245,19.44,81.0,0.0,54.0,81.0,0.0
20240508T2100,11.440246,16.56,78.0,0.0,56.0,78.0,0.0
20240508T2200,11.350245,14.04,53.0,0.0,53.0,7.0,0.0
20240508T2300,10.460245,13.32,17.0,0.0,17.0,10.0,0.0
20240509T0000,9.910245,12.599999,12.0,0.0,7.0,12.0,0.0
20240509T0100,9.100245,13.32,15.0,0.0,9.0,15.0,0.0
20240509T0200,8.950245,13.679999,15.0,0.0,9.0,15.0,0.0
20240509T0300,8.940246,14.4,7.0,0.0,0.0,7.0,0.0
20240509T0400,8.890245,14.4,15.0,0.0,0.0,15.0,0.0
20240509T0500,9.680245,14.4,35.0,0.0,0.0,35.0,30.0
20240509T0600,11.870245,15.4800005,25.0,0.0,0.0,25.0,157.0
20240509T0700,13.350245,18.72,32.0,0.0,0.0,32.0,256.0
20240509T0800,14.570246,27.0,84.0,0.0,1.0,84.0,406.0
20240509T0900,15.580245,27.72,100.0,0.0,2.0,100.0,352.0
20240509T1000,16.680244,28.44,99.0,0.0,5.0,99.0,357.0
20240509T1100,17.480246,26.28,100.0,0.0,11.0,100.0,310.0
20240509T1200,18.350245,27.0,100.0,0.0,10.0,100.0,402.0
20240509T1300,19.130245,27.72,97.0,0.0,17.0,97.0,431.0
20240509T1400,19.660246,28.08,100.0,0.0,41.0,100.0,383.0
20240509T1500,20.010244,27.0,98.0,0.0,39.0,98.0,301.0
20240509T1600,19.970245,24.84,95.0,0.0,27.0,95.0,240.0
20240509T1700,19.710245,23.4,58.0,0.0,5.0,58.0,234.0
20240509T1800,18.170246,19.08,32.0,0.0,5.0,32.0,107.0
20240509T1900,15.200245,14.04,26.0,0.0,4.0,26.0,24.0
20240509T2000,14.200245,13.679999,9.0,0.0,3.0,9.0,0.0
20240509T2100,12.520246,13.32,5.0,0.0,3.0,5.0,0.0
20240509T2200,10.540245,14.04,1.0,0.0,0.0,1.0,0.0
20240509T2300,9.690246,14.04,0.0,0.0,0.0,0.0,0.0
20240510T0000,8.750245,13.679999,0.0,0.0,0.0,0.0,0.0
20240510T0100,7.880245,13.679999,0.0,0.0,0.0,0.0,0.0
20240510T0200,7.3502455,13.32,0.0,0.0,0.0,0.0,0.0
20240510T0300,6.8902454,12.599999,0.0,0.0,0.0,0.0,0.0
20240510T0400,6.3202453,12.24,0.0,0.0,0.0,0.0,0.0
20240510T0500,7.9302454,12.24,0.0,0.0,0.0,0.0,39.0
20240510T0600,11.160245,13.679999,0.0,0.0,0.0,0.0,176.0
20240510T0700,14.220245,14.4,0.0,0.0,0.0,0.0,347.0
20240510T0800,16.690245,15.119999,0.0,0.0,0.0,0.0,518.0
20240510T0900,18.550245,18.72,0.0,0.0,0.0,0.0,671.0
20240510T1000,20.010244,21.96,0.0,0.0,0.0,0.0,788.0
20240510T1100,21.220245,23.4,0.0,0.0,0.0,0.0,860.0
20240510T1200,22.190245,23.4,0.0,0.0,0.0,0.0,884.0
20240510T1300,22.950245,23.039999,0.90000004,3.0,0.0,0.0,854.0
20240510T1400,23.520245,22.319998,1.0,0.0,1.0,1.0,768.0
20240510T1500,23.770245,21.24,0.0,0.0,0.0,0.0,640.0
20240510T1600,23.620245,19.8,1.0,3.0,1.0,0.0,477.0
20240510T1700,22.780245,18.0,3.9,13.0,0.0,2.0,292.0
20240510T1800,20.330246,14.759999,6.3,21.0,1.0,3.0,154.0
20240510T1900,18.490246,14.04,11.400001,38.0,0.0,2.0,28.0
20240510T2000,16.010246,12.959999,20.1,67.0,0.0,2.0,0.0
20240510T2100,13.110246,14.04,24.900002,83.0,0.0,0.0,0.0
20240510T2200,12.260245,13.679999,8.700001,29.0,0.0,2.0,0.0
20240510T2300,10.990245,13.32,9.900001,33.0,0.0,1.0,0.0
20240511T0000,10.190246,12.599999,10.5,35.0,0.0,0.0,0.0
20240511T0100,9.510245,12.599999,7.2000003,24.0,1.0,0.0,0.0
20240511T0200,8.830245,12.24,8.1,27.0,1.0,0.0,0.0
20240511T0300,8.270246,12.24,9.6,32.0,0.0,0.0,0.0
20240511T0400,7.730245,11.879999,6.3,21.0,0.0,0.0,0.0
20240511T0500,9.370245,11.879999,6.0,20.0,0.0,0.0,40.0
20240511T0600,12.860246,13.679999,11.1,37.0,1.0,0.0,178.0
20240511T0700,16.080246,14.4,5.7000003,19.0,0.0,0.0,349.0
20240511T0800,18.520245,13.679999,3.3000002,11.0,0.0,0.0,519.0
20240511T0900,20.400246,15.84,0.3,1.0,0.0,0.0,672.0
20240511T1000,21.870245,17.28,0.0,0.0,0.0,0.0,784.0
20240511T1100,23.030245,18.359999,2.0,0.0,2.0,0.0,857.0
20240511T1200,24.080246,18.359999,6.0,0.0,6.0,0.0,866.0
20240511T1300,24.750246,18.359999,1.0,0.0,1.0,0.0,839.0
20240511T1400,25.230246,17.64,4.0,0.0,4.0,0.0,694.0
20240511T1500,25.480246,15.84,9.0,0.0,9.0,0.0,527.0
20240511T1600,24.990246,14.759999,10.0,3.0,10.0,0.0,359.0
20240511T1700,24.300245,15.119999,13.0,3.0,13.0,1.0,273.0
20240511T1800,21.880245,12.24,11.0,0.0,11.0,0.0,132.0
20240511T1900,19.930244,14.759999,16.0,1.0,16.0,0.0,25.0
20240511T2000,18.060246,13.32,16.0,17.0,16.0,0.0,0.0
20240511T2100,15.080245,12.599999,12.3,41.0,6.0,0.0,0.0
20240511T2200,13.540245,12.599999,47.0,67.0,47.0,0.0,0.0
20240511T2300,12.660245,13.679999,39.0,56.0,39.0,0.0,0.0
20240512T0000,11.970245,14.759999,34.0,81.0,34.0,0.0,0.0
20240512T0100,11.490245,14.759999,33.0,87.0,33.0,1.0,0.0
20240512T0200,11.280245,14.4,44.0,76.0,44.0,2.0,0.0
20240512T0300,11.000245,13.679999,56.0,65.0,56.0,1.0,0.0
20240512T0400,11.000245,13.32,53.0,23.0,53.0,0.0,0.0
20240512T0500,11.960245,12.959999,40.0,13.0,40.0,0.0,36.0
20240512T0600,14.980246,13.32,25.0,32.0,25.0,1.0,156.0
20240512T0700,17.400246,14.4,23.0,48.0,23.0,0.0,293.0
20240512T0800,19.640245,15.4800005,37.0,64.0,37.0,1.0,457.0
20240512T0900,21.640245,15.84,41.0,60.0,41.0,0.0,535.0
20240512T1000,23.230246,15.4800005,54.0,35.0,54.0,2.0,466.0
20240512T1100,24.240246,14.4,40.0,16.0,40.0,4.0,477.0
20240512T1200,25.010244,14.4,16.0,4.0,16.0,3.0,472.0
20240512T1300,25.630245,15.84,11.1,37.0,0.0,0.0,509.0
20240512T1400,25.230246,14.04,7.8,26.0,1.0,0.0,461.0
20240512T1500,24.520245,16.919998,15.000001,50.0,7.0,2.0,511.0
20240512T1600,23.970245,16.919998,21.300001,71.0,12.0,1.0,403.0
20240512T1700,22.710245,14.4,27.000002,90.0,10.0,3.0,230.0
20240512T1800,21.070246,9.36,27.900002,93.0,11.0,0.0,105.0
20240512T1900,18.630245,12.24,34.0,97.0,34.0,0.0,24.0
20240512T2000,17.420246,11.5199995,40.0,94.0,40.0,1.0,0.0
20240512T2100,16.220245,10.799999,35.0,93.0,35.0,6.0,0.0
20240512T2200,16.460245,11.159999,27.6,92.0,19.0,6.0,0.0
20240512T2300,16.060246,17.28,49.0,94.0,49.0,0.0,0.0
20240513T0000,15.340245,18.0,77.0,96.0,77.0,0.0,0.0
20240513T0100,14.580245,14.759999,71.0,96.0,71.0,0.0,0.0
20240513T0200,14.480246,11.5199995,92.0,89.0,92.0,0.0,0.0
20240513T0300,14.170245,9.72,72.0,90.0,72.0,1.0,0.0
20240513T0400,14.160245,8.64,68.0,72.0,68.0,7.0,0.0
20240513T0500,14.380245,8.64,51.0,5.0,51.0,20.0,27.0
20240513T0600,15.710245,10.799999,51.0,16.0,51.0,38.0,141.0
20240513T0700,17.060246,12.959999,51.0,38.0,51.0,46.0,157.0
20240513T0800,18.730246,14.759999,52.0,35.0,52.0,44.0,358.0
20240513T0900,19.830246,16.199999,51.0,39.0,51.0,40.0,590.0
20240513T1000,21.200245,23.039999,23.0,42.0,23.0,5.0,795.0
20240513T1100,22.130245,23.4,9.0,27.0,3.0,9.0,829.0
20240513T1200,22.640245,24.119999,6.3,21.0,1.0,6.0,814.0
20240513T1300,23.280245,23.759998,21.0,15.0,12.0,21.0,725.0
20240513T1400,23.610245,20.519999,20.0,8.0,20.0,7.0,618.0
20240513T1500,23.810246,17.28,22.0,21.0,22.0,3.0,517.0
20240513T1600,23.540245,16.919998,12.0,22.0,12.0,2.0,372.0
20240513T1700,23.100245,16.919998,14.0,26.0,14.0,3.0,249.0
20240513T1800,21.520245,12.24,11.700001,39.0,10.0,3.0,115.0
20240513T1900,18.770245,13.32,13.8,46.0,9.0,2.0,26.0
20240513T2000,16.610245,12.959999,10.0,11.0,10.0,1.0,0.0
20240513T2100,15.3102455,13.32,11.0,0.0,11.0,2.0,0.0
20240513T2200,13.970245,13.32,14.0,0.0,14.0,0.0,0.0
20240513T2300,13.400246,13.32,28.0,0.0,28.0,1.0,0.0
20240514T0000,13.010245,12.959999,49.0,0.0,49.0,4.0,0.0
20240514T0100,12.710245,12.599999,27.0,0.0,27.0,5.0,0.0
20240514T0200,12.140245,11.879999,21.0,0.0,21.0,0.0,0.0
20240514T0300,11.470245,11.879999,36.0,0.0,36.0,2.0,0.0
20240514T0400,11.090245,12.24,29.0,0.0,29.0,1.0,0.0
20240514T0500,12.150246,13.32,4.0,0.0,4.0,0.0,45.0
20240514T0600,15.170245,14.759999,3.0,6.0,3.0,0.0,179.0
20240514T0700,18.040245,14.4,5.1000004,17.0,1.0,0.0,334.0
20240514T0800,20.320246,14.759999,13.8,46.0,1.0,0.0,480.0
20240514T0900,22.180244,15.84,16.5,55.0,1.0,0.0,631.0
20240514T1000,23.400246,16.919998,12.3,41.0,3.0,0.0,768.0
20240514T1100,23.990246,17.64,26.0,61.0,26.0,0.0,795.0
20240514T1200,24.510244,23.759998,37.0,31.0,37.0,0.0,849.0
20240514T1300,24.810246,21.599998,29.0,32.0,29.0,0.0,707.0
20240514T1400,25.080246,24.48,31.0,39.0,31.0,2.0,627.0
20240514T1500,24.370245,22.68,24.300001,81.0,23.0,1.0,451.0
20240514T1600,21.000246,35.64,28.800001,96.0,23.0,0.0,282.0
20240514T1700,18.620245,38.519997,29.1,97.0,21.0,1.0,136.0
20240514T1800,17.730246,34.2,40.0,97.0,40.0,5.0,64.0
20240514T1900,16.990246,24.84,50.0,98.0,50.0,22.0,14.0
20240514T2000,16.290245,21.96,59.0,98.0,59.0,35.0,0.0
20240514T2100,15.350245,20.519999,72.0,96.0,72.0,44.0,0.0
20240514T2200,14.840245,18.359999,88.0,98.0,88.0,39.0,0.0
20240514T2300,14.160245,15.4800005,87.0,69.0,87.0,73.0,0.0
20240515T0000,13.800245,12.959999,98.0,46.0,94.0,98.0,0.0
20240515T0100,13.5602455,11.5199995,100.0,84.0,96.0,100.0,0.0
20240515T0200,13.440246,10.08,100.0,99.0,99.0,100.0,0.0
20240515T0300,13.390245,7.5599995,100.0,100.0,99.0,100.0,0.0
20240515T0400,13.340245,5.7599998,100.0,100.0,100.0,100.0,0.0
20240515T0500,13.480246,4.68,100.0,100.0,100.0,100.0,7.0
20240515T0600,13.750245,6.4799995,100.0,96.0,100.0,100.0,53.0
20240515T0700,14.190246,12.959999,100.0,87.0,99.0,100.0,24.0
20240515T0800,14.820246,9.72,97.0,94.0,95.0,97.0,40.0
20240515T0900,15.840245,9.0,86.0,100.0,86.0,67.0,111.0
20240515T1000,16.180246,13.32,100.0,100.0,100.0,96.0,266.0
20240515T1100,17.180244,15.119999,94.0,99.0,93.0,94.0,330.0
20240515T1200,17.380245,17.64,84.0,100.0,84.0,79.0,321.0
20240515T1300,17.460245,20.519999,73.0,97.0,73.0,57.0,327.0
20240515T1400,17.760244,23.4,70.0,90.0,70.0,69.0,360.0
20240515T1500,17.900246,24.119999,46.0,84.0,46.0,20.0,289.0
20240515T1600,17.540245,25.56,78.0,74.0,78.0,17.0,252.0
20240515T1700,16.240246,27.359999,93.0,66.0,93.0,64.0,158.0
20240515T1800,14.360246,24.119999,97.0,79.0,97.0,71.0,56.0
20240515T1900,13.320246,10.440001,96.0,78.0,96.0,19.0,8.0
20240515T2000,12.970245,12.599999,83.0,66.0,83.0,36.0,0.0
20240515T2100,12.640245,12.599999,64.0,58.0,64.0,17.0,0.0
20240515T2200,12.150246,16.56,48.0,48.0,48.0,15.0,0.0
20240515T2300,11.920245,16.56,44.0,31.0,44.0,37.0,0.0
20240516T0000,11.630245,11.159999,49.0,24.0,45.0,49.0,0.0
20240516T0100,11.050245,10.08,30.0,16.0,25.0,30.0,0.0
20240516T0200,10.750245,10.799999,44.0,23.0,44.0,30.0,0.0
20240516T0300,10.840245,11.5199995,72.0,44.0,72.0,27.0,0.0
20240516T0400,10.750245,12.959999,83.0,85.0,83.0,31.0,0.0
20240516T0500,11.400246,12.599999,64.0,89.0,64.0,23.0,35.0
20240516T0600,12.410245,13.32,65.0,95.0,65.0,26.0,101.0
20240516T0700,13.540245,10.799999,79.0,95.0,79.0,26.0,155.0
20240516T0800,14.110246,11.5199995,69.0,84.0,69.0,34.0,183.0
20240516T0900,14.950245,11.5199995,62.0,40.0,62.0,33.0,184.0
20240516T1000,15.890245,12.24,56.0,18.0,56.0,21.0,301.0
20240516T1100,16.620245,14.759999,71.0,34.0,71.0,28.0,513.0
20240516T1200,16.610245,15.4800005,87.0,95.0,87.0,20.0,416.0
20240516T1300,16.250246,18.0,91.0,100.0,91.0,13.0,400.0
20240516T1400,15.740245,19.8,62.0,92.0,62.0,11.0,369.0
20240516T1500,15.000245,20.519999,70.0,96.0,70.0,13.0,342.0
20240516T1600,14.350245,19.08,80.0,98.0,80.0,26.0,196.0
20240516T1700,13.710245,17.28,89.0,98.0,89.0,39.0,105.0
20240516T1800,12.830245,17.64,94.0,100.0,94.0,28.0,36.0
20240516T1900,12.480246,14.04,98.0,98.0,98.0,61.0,9.0
20240516T2000,12.280245,14.4,99.0,99.0,99.0,65.0,0.0
20240516T2100,12.150246,16.919998,99.0,100.0,99.0,73.0,0.0
20240516T2200,11.900246,20.880001,100.0,100.0,100.0,100.0,0.0
20240516T2300,11.780245,25.919998,98.0,99.0,98.0,90.0,0.0
20240517T0000,11.710245,26.64,100.0,100.0,97.0,100.0,0.0
20240517T0100,11.690246,24.119999,100.0,100.0,100.0,99.0,0.0
20240517T0200,11.570246,18.359999,100.0,100.0,100.0,99.0,0.0
20240517T0300,11.500245,18.0,100.0,100.0,100.0,75.0,0.0
20240517T0400,11.460245,20.880001,100.0,100.0,100.0,51.0,0.0
20240517T0500,11.390245,22.319998,99.0,100.0,99.0,16.0,11.0
20240517T0600,11.530245,23.4,100.0,100.0,100.0,33.0,41.0
20240517T0700,11.780245,26.64,99.0,100.0,99.0,21.0,70.0
20240517T0800,12.220245,31.319998,100.0,100.0,100.0,22.0,85.0
20240517T0900,13.000245,34.2,100.0,100.0,100.0,28.0,158.0
20240517T1000,14.000245,38.16,100.0,100.0,100.0,39.0,312.0
20240517T1100,14.840245,41.039997,100.0,100.0,100.0,22.0,340.0
20240517T1200,15.540245,40.68,100.0,100.0,100.0,14.0,330.0
20240517T1300,15.970245,38.16,89.0,100.0,89.0,17.0,404.0
20240517T1400,16.430246,37.8,70.0,100.0,70.0,14.0,479.0
20240517T1500,16.360247,36.36,46.0,100.0,46.0,15.0,410.0
20240517T1600,16.490246,32.039997,35.0,100.0,35.0,7.0,353.0
20240517T1700,16.400246,24.84,38.0,99.0,38.0,10.0,230.0
20240517T1800,15.440246,16.56,29.1,97.0,19.0,2.0,113.0
20240517T1900,14.660245,12.599999,18.0,43.0,18.0,13.0,30.0
20240517T2000,11.520246,9.36,13.0,43.0,13.0,5.0,0.0
20240517T2100,10.580245,11.159999,17.0,45.0,17.0,12.0,0.0
20240517T2200,9.970245,11.879999,13.200001,44.0,11.0,1.0,0.0
20240517T2300,9.400246,12.24,20.0,20.0,20.0,2.0,0.0
20240518T0000,8.620245,12.24,11.0,15.0,11.0,4.0,0.0
20240518T0100,8.200246,11.879999,10.0,11.0,10.0,5.0,0.0
20240518T0200,7.5902452,11.879999,6.0,9.0,6.0,2.0,0.0
20240518T0300,7.5502453,11.5199995,5.0,9.0,5.0,1.0,0.0
20240518T0400,7.3502455,11.159999,9.0,6.0,9.0,8.0,0.0
20240518T0500,9.110246,11.159999,1.0,0.0,0.0,1.0,52.0
20240518T0600,11.760245,14.04,1.0,0.0,0.0,1.0,189.0
20240518T0700,14.700245,13.32,0.0,0.0,0.0,0.0,364.0
20240518T0800,17.080246,12.959999,0.0,0.0,0.0,0.0,528.0
20240518T0900,18.670246,13.32,2.0,0.0,1.0,2.0,680.0
20240518T1000,19.830246,14.4,9.0,1.0,9.0,7.0,680.0
20240518T1100,20.760244,23.039999,32.0,42.0,32.0,12.0,799.0
20240518T1200,20.850245,19.44,40.0,79.0,40.0,16.0,654.0
20240518T1300,20.650246,18.72,50.0,96.0,50.0,15.0,648.0
20240518T1400,20.140245,19.08,62.0,98.0,62.0,12.0,586.0
20240518T1500,17.350245,24.48,88.0,100.0,88.0,19.0,369.0
20240518T1600,16.050245,27.0,92.0,91.0,92.0,12.0,253.0
20240518T1700,15.260245,18.0,80.0,91.0,80.0,3.0,185.0
20240518T1800,14.690246,11.879999,56.0,90.0,56.0,0.0,99.0
20240518T1900,13.550245,8.28,24.900002,83.0,9.0,0.0,29.0
20240518T2000,12.540245,11.159999,24.6,82.0,10.0,4.0,0.0
20240518T2100,11.600245,11.879999,20.0,65.0,20.0,14.0,0.0
20240518T2200,11.550245,12.599999,58.0,49.0,58.0,2.0,0.0
20240518T2300,11.130245,10.799999,24.0,43.0,24.0,8.0,0.0
20240519T0000,10.670245,10.799999,33.0,45.0,28.0,33.0,0.0
20240519T0100,10.030245,11.159999,38.0,33.0,29.0,38.0,0.0
20240519T0200,9.900246,11.5199995,48.0,11.0,33.0,48.0,0.0
20240519T0300,10.3102455,11.5199995,38.0,0.0,27.0,38.0,0.0
20240519T0400,10.600245,12.599999,37.0,0.0,28.0,37.0,0.0
20240519T0500,11.530245,14.4,30.0,0.0,30.0,27.0,41.0
20240519T0600,12.900246,15.84,20.0,0.0,19.0,20.0,165.0
20240519T0700,14.170245,18.0,22.0,0.0,21.0,22.0,290.0
20240519T0800,15.380245,20.519999,34.0,0.0,14.0,34.0,457.0
20240519T0900,16.540245,23.039999,25.0,1.0,18.0,25.0,587.0
20240519T1000,17.450245,24.84,29.0,4.0,14.0,29.0,710.0
20240519T1100,18.650246,24.84,15.0,11.0,11.0,15.0,768.0
20240519T1200,19.560246,25.199999,22.0,7.0,22.0,22.0,726.0
20240519T1300,20.180244,24.84,31.0,13.0,31.0,31.0,694.0
20240519T1400,20.830246,24.119999,31.0,22.0,31.0,26.0,546.0
20240519T1500,21.310246,20.880001,25.0,43.0,25.0,17.0,406.0
20240519T1600,21.380245,17.28,40.0,55.0,40.0,22.0,332.0
20240519T1700,20.720245,14.4,28.0,68.0,28.0,22.0,298.0
20240519T1800,19.070246,10.440001,19.0,60.0,19.0,7.0,115.0
20240519T1900,17.130245,7.5599995,18.300001,61.0,13.0,0.0,32.0
20240519T2000,14.870245,6.8399997,17.1,57.0,10.0,4.0,0.0
20240519T2100,13.730246,8.28,23.400002,78.0,11.0,5.0,0.0
20240519T2200,12.140245,9.0,6.0,20.0,6.0,3.0,0.0
20240519T2300,11.360246,8.64,21.0,70.0,2.0,3.0,0.0
20240520T0000,10.620245,7.5599995,25.800001,86.0,3.0,4.0,0.0
20240520T0100,10.440246,7.5599995,27.6,92.0,2.0,4.0,0.0
20240520T0200,9.970245,7.2,22.2,74.0,13.0,10.0,0.0
20240520T0300,9.580245,7.92,20.0,60.0,20.0,11.0,0.0
20240520T0400,9.610246,8.64,16.0,12.0,16.0,7.0,1.0
20240520T0500,11.240245,9.36,11.0,10.0,7.0,11.0,50.0
20240520T0600,13.190246,11.5199995,8.0,21.0,6.0,8.0,173.0
20240520T0700,15.840245,11.879999,18.900002,63.0,3.0,5.0,329.0
20240520T0800,17.910246,12.959999,20.7,69.0,2.0,1.0,489.0
20240520T0900,19.640245,14.4,11.700001,39.0,5.0,1.0,624.0
20240520T1000,21.070246,19.44,43.0,38.0,43.0,1.0,757.0
20240520T1100,21.810246,20.880001,44.0,75.0,44.0,1.0,809.0
20240520T1200,22.520245,21.96,25.500002,85.0,14.0,0.0,834.0
20240520T1300,23.010244,22.319998,27.000002,90.0,9.0,3.0,797.0
20240520T1400,23.320246,22.319998,28.500002,95.0,7.0,2.0,554.0
20240520T1500,23.770245,24.119999,29.1,97.0,8.0,4.0,497.0
20240520T1600,23.440245,22.68,29.400002,98.0,10.0,14.0,325.0
20240520T1700,22.030245,18.359999,29.400002,98.0,17.0,12.0,196.0
20240520T1800,20.570246,15.84,29.1,97.0,10.0,7.0,84.0
20240520T1900,19.060246,14.4,29.400002,98.0,11.0,1.0,30.0
20240520T2000,17.630245,12.959999,30.000002,100.0,10.0,1.0,0.0
20240520T2100,17.430244,11.5199995,30.0,99.0,30.0,0.0,0.0
20240520T2200,16.220245,11.159999,82.0,99.0,82.0,10.0,0.0
20240520T2300,14.880245,9.36,95.0,100.0,95.0,33.0,0.0
20240521T0000,14.130245,11.879999,96.0,99.0,96.0,12.0,0.0
20240521T0100,13.760245,18.359999,98.0,100.0,98.0,3.0,0.0
20240521T0200,13.500245,19.8,96.0,100.0,96.0,14.0,0.0
20240521T0300,13.280245,17.28,95.0,100.0,95.0,11.0,0.0
20240521T0400,13.0602455,14.4,97.0,100.0,97.0,28.0,0.0
20240521T0500,13.220245,16.199999,97.0,98.0,97.0,35.0,14.0
20240521T0600,13.520246,16.56,96.0,97.0,96.0,41.0,37.0
20240521T0700,14.000245,15.84,99.0,100.0,99.0,31.0,81.0
20240521T0800,14.520246,16.56,99.0,99.0,99.0,28.0,131.0
20240521T0900,15.010245,19.08,99.0,99.0,99.0,39.0,235.0
20240521T1000,15.820246,21.599998,99.0,100.0,99.0,29.0,321.0
20240521T1100,16.790245,22.68,100.0,100.0,100.0,16.0,299.0
20240521T1200,17.480246,26.64,100.0,100.0,100.0,20.0,338.0
20240521T1300,18.040245,27.359999,95.0,99.0,95.0,18.0,310.0
20240521T1400,18.640245,25.56,78.0,98.0,78.0,11.0,270.0
20240521T1500,19.080246,22.68,36.0,85.0,36.0,14.0,269.0
20240521T1600,19.030245,19.8,27.0,56.0,27.0,16.0,246.0
20240521T1700,18.430244,16.919998,31.0,32.0,31.0,12.0,164.0
20240521T1800,17.180244,14.759999,28.0,31.0,28.0,8.0,117.0
20240521T1900,15.180245,15.84,22.0,25.0,17.0,22.0,30.0
20240521T2000,14.150246,14.4,29.0,34.0,29.0,11.0,0.0
20240521T2100,14.110246,16.199999,43.0,27.0,43.0,19.0,0.0
20240521T2200,13.820246,20.16,64.0,32.0,64.0,28.0,0.0
20240521T2300,13.920245,24.119999,46.0,27.0,46.0,13.0,0.0
20240522T0000,13.730246,25.919998,40.0,29.0,35.0,40.0,0.0
20240522T0100,13.700245,26.28,62.0,26.0,31.0,62.0,0.0
20240522T0200,13.670245,25.919998,68.0,32.0,44.0,68.0,0.0
20240522T0300,13.690246,24.84,58.0,30.0,45.0,58.0,0.0
20240522T0400,13.630245,24.119999,62.0,33.0,37.0,62.0,0.0
20240522T0500,13.790245,24.84,60.0,24.0,36.0,60.0,29.0
20240522T0600,14.420245,25.919998,60.0,18.0,36.0,60.0,100.0
20240522T0700,14.890245,29.88,32.0,11.0,27.0,32.0,137.0
20240522T0800,15.8102455,32.039997,34.0,15.0,27.0,34.0,364.0
20240522T0900,16.320246,32.399998,33.0,10.0,33.0,32.0,483.0
20240522T1000,16.820246,33.839996,73.0,13.0,41.0,73.0,578.0
20240522T1100,17.530245,34.2,39.0,15.0,39.0,25.0,643.0
20240522T1200,17.840246,34.56,28.0,30.0,27.0,28.0,673.0
20240522T1300,18.410246,33.839996,23.0,46.0,23.0,8.0,572.0
20240522T1400,18.800245,30.960001,32.0,57.0,32.0,18.0,471.0
20240522T1500,18.940245,28.8,29.0,62.0,29.0,14.0,428.0
20240522T1600,18.700245,25.919998,33.0,71.0,33.0,12.0,297.0
20240522T1700,18.590246,19.08,46.0,52.0,46.0,20.0,256.0
20240522T1800,17.510244,15.84,38.0,29.0,38.0,22.0,115.0
20240522T1900,15.030245,10.799999,28.0,14.0,28.0,17.0,39.0
20240522T2000,13.620245,10.08,27.0,3.0,27.0,17.0,0.0
20240522T2100,13.570246,10.799999,25.0,0.0,25.0,10.0,0.0
20240522T2200,12.230246,11.159999,21.0,11.0,21.0,12.0,0.0
20240522T2300,11.800245,10.799999,22.0,4.0,22.0,9.0,0.0
20240523T0000,11.370245,10.08,27.0,7.0,27.0,15.0,0.0
20240523T0100,10.910245,10.08,29.0,2.0,29.0,13.0,0.0
20240523T0200,10.510245,10.08,47.0,10.0,47.0,5.0,0.0
20240523T0300,10.050245,10.08,60.0,46.0,60.0,26.0,0.0
20240523T0400,10.020246,9.72,71.0,82.0,71.0,22.0,1.0
20240523T0500,11.020246,10.440001,72.0,89.0,72.0,27.0,50.0
20240523T0600,12.530245,12.599999,78.0,94.0,78.0,27.0,163.0
20240523T0700,13.590245,10.799999,94.0,99.0,94.0,4.0,133.0
20240523T0800,14.450245,12.599999,95.0,99.0,95.0,8.0,196.0
20240523T0900,14.760245,14.759999,98.0,99.0,98.0,24.0,268.0
20240523T1000,14.860246,15.84,100.0,99.0,100.0,38.0,433.0
20240523T1100,15.600245,15.4800005,99.0,99.0,99.0,47.0,435.0
20240523T1200,16.150246,15.119999,92.0,100.0,92.0,50.0,385.0
20240523T1300,16.350246,16.919998,97.0,100.0,97.0,50.0,368.0
20240523T1400,16.550245,23.759998,86.0,100.0,86.0,32.0,493.0
20240523T1500,16.640245,25.199999,97.0,100.0,97.0,17.0,404.0
20240523T1600,16.230246,24.119999,96.0,94.0,96.0,17.0,306.0
20240523T1700,15.850245,18.72,54.0,65.0,54.0,23.0,225.0
20240523T1800,15.0602455,10.799999,60.0,69.0,60.0,24.0,107.0
20240523T1900,13.880245,6.4799995,59.0,71.0,59.0,9.0,34.0
20240523T2000,13.400246,6.12,67.0,73.0,67.0,14.0,0.0
20240523T2100,12.280245,9.72,38.0,84.0,38.0,18.0,0.0
20240523T2200,11.590245,10.08,52.0,79.0,52.0,43.0,0.0
20240523T2300,10.920245,8.64,58.0,86.0,58.0,40.0,0.0
20240524T0000,10.870245,7.92,68.0,70.0,68.0,31.0,0.0
20240524T0100,10.910245,8.64,58.0,43.0,58.0,28.0,0.0
20240524T0200,11.180245,9.72,65.0,21.0,65.0,46.0,0.0
20240524T0300,11.140245,10.440001,49.0,7.0,49.0,40.0,0.0
20240524T0400,11.210245,10.440001,86.0,13.0,67.0,86.0,1.0
20240524T0500,11.600245,11.5199995,63.0,10.0,50.0,63.0,53.0
20240524T0600,12.700245,12.599999,46.0,8.0,46.0,26.0,160.0
20240524T0700,14.3102455,10.799999,29.0,12.0,27.0,29.0,263.0
20240524T0800,15.700245,12.24,32.0,17.0,20.0,32.0,452.0
20240524T0900,16.790245,13.679999,42.0,34.0,14.0,42.0,482.0
20240524T1000,17.390245,17.28,76.0,82.0,76.0,23.0,646.0
20240524T1100,17.450245,19.44,82.0,80.0,82.0,5.0,762.0
20240524T1200,17.210245,20.16,100.0,93.0,100.0,22.0,660.0
20240524T1300,16.630245,17.64,99.0,99.0,99.0,18.0,675.0
20240524T1400,16.320246,14.4,90.0,97.0,90.0,27.0,502.0
20240524T1500,17.010244,17.28,77.0,90.0,77.0,21.0,534.0
20240524T1600,17.070246,17.28,34.0,77.0,34.0,13.0,364.0
20240524T1700,16.430246,14.4,18.6,62.0,16.0,16.0,164.0
20240524T1800,15.540245,11.159999,15.000001,50.0,15.0,14.0,98.0
20240524T1900,14.090245,7.92,14.400001,48.0,10.0,13.0,41.0
20240524T2000,12.680245,7.5599995,17.0,46.0,17.0,7.0,0.0
20240524T2100,12.440246,8.28,12.900001,43.0,9.0,4.0,0.0
20240524T2200,10.390245,8.64,35.0,39.0,35.0,1.0,0.0
20240524T2300,9.550245,8.64,15.0,34.0,15.0,0.0,0.0
20240525T0000,8.580245,10.08,6.9,23.0,0.0,0.0,0.0
20240525T0100,8.550245,10.08,8.1,27.0,5.0,2.0,0.0
20240525T0200,8.200246,10.08,43.0,34.0,43.0,2.0,0.0
20240525T0300,8.400246,9.72,65.0,54.0,65.0,3.0,0.0
20240525T0400,8.530246,9.72,41.0,64.0,41.0,7.0,1.0
20240525T0500,10.070246,10.440001,20.7,69.0,6.0,1.0,62.0
20240525T0600,12.180245,12.24,8.0,23.0,8.0,0.0,202.0
20240525T0700,14.400246,14.04,12.0,37.0,12.0,0.0,357.0
20240525T0800,16.240246,14.4,8.0,4.0,5.0,8.0,521.0
20240525T0900,17.640245,13.679999,12.0,20.0,12.0,8.0,619.0
20240525T1000,18.350245,13.32,10.0,5.0,10.0,7.0,699.0
20240525T1100,18.620245,14.759999,30.0,18.0,30.0,11.0,702.0
20240525T1200,19.190245,14.759999,38.0,24.0,38.0,21.0,659.0
20240525T1300,20.190245,15.119999,30.0,24.0,30.0,16.0,713.0
20240525T1400,20.640245,14.759999,30.0,31.0,30.0,21.0,532.0
20240525T1500,21.090246,12.599999,53.0,39.0,53.0,8.0,416.0
20240525T1600,20.920246,11.5199995,39.0,20.0,39.0,18.0,400.0
20240525T1700,20.420246,9.72,8.1,27.0,2.0,0.0,315.0
20240525T1800,19.170246,7.92,16.0,23.0,16.0,5.0,175.0
20240525T1900,15.470245,10.440001,22.0,29.0,22.0,15.0,42.0
20240525T2000,13.790245,8.64,12.0,11.0,12.0,2.0,0.0
20240525T2100,12.480246,7.5599995,7.8,26.0,7.0,2.0,0.0
20240525T2200,12.130245,8.64,38.0,72.0,38.0,5.0,0.0
20240525T2300,11.240245,8.28,34.0,95.0,34.0,2.0,0.0
20240526T0000,10.480246,8.64,20.0,0.0,20.0,6.0,0.0
20240526T0100,10.510245,9.72,23.0,7.0,23.0,10.0,0.0
20240526T0200,9.980246,10.08,17.0,21.0,17.0,10.0,0.0
20240526T0300,9.420245,10.440001,5.4,18.0,5.0,3.0,0.0
20240526T0400,9.8102455,11.5199995,3.0,0.0,3.0,2.0,1.0
20240526T0500,11.160245,12.599999,3.0,2.0,3.0,2.0,64.0
20240526T0600,14.110246,14.04,14.700001,49.0,11.0,0.0,203.0
20240526T0700,16.560246,16.919998,39.0,84.0,39.0,0.0,344.0
20240526T0800,18.680244,18.72,24.6,82.0,6.0,0.0,468.0
20240526T0900,20.290245,20.16,30.000002,100.0,13.0,0.0,607.0
20240526T1000,21.450245,20.880001,42.0,95.0,42.0,1.0,667.0
20240526T1100,22.000246,20.519999,42.0,99.0,42.0,1.0,574.0
20240526T1200,21.940245,21.24,28.800001,96.0,20.0,6.0,609.0
20240526T1300,20.960245,21.96,64.0,87.0,64.0,8.0,431.0
20240526T1400,20.550245,20.880001,64.0,87.0,64.0,3.0,432.0
20240526T1500,20.590246,19.44,55.0,72.0,55.0,0.0,341.0
20240526T1600,20.530245,17.64,70.0,84.0,70.0,5.0,316.0
20240526T1700,19.560246,15.84,65.0,82.0,65.0,4.0,260.0
20240526T1800,18.140245,13.32,50.0,86.0,50.0,4.0,114.0
20240526T1900,17.250246,14.4,36.0,97.0,36.0,0.0,31.0
20240526T2000,15.470245,11.5199995,70.0,95.0,70.0,0.0,0.0
20240526T2100,14.960245,11.5199995,91.0,83.0,91.0,0.0,0.0
20240526T2200,15.210245,11.159999,86.0,87.0,86.0,15.0,0.0
20240526T2300,15.840245,10.08,80.0,91.0,80.0,17.0,0.0
20240527T0000,15.620245,9.0,87.0,97.0,87.0,4.0,0.0
20240527T0100,15.320246,8.64,81.0,80.0,81.0,14.0,0.0
20240527T0200,14.530245,7.2,88.0,68.0,88.0,8.0,0.0
20240527T0300,14.400246,7.92,61.0,40.0,61.0,12.0,0.0
20240527T0400,14.230246,8.64,53.0,9.0,53.0,10.0,1.0
20240527T0500,14.680245,9.0,57.0,21.0,57.0,7.0,38.0
20240527T0600,15.530245,11.5199995,44.0,21.0,44.0,8.0,145.0
20240527T0700,16.820246,14.4,32.0,5.0,32.0,12.0,297.0
20240527T0800,17.740246,15.119999,46.0,1.0,46.0,22.0,413.0
20240527T0900,18.300245,15.84,53.0,0.0,53.0,25.0,427.0
20240527T1000,18.220245,17.28,84.0,27.0,84.0,40.0,363.0
20240527T1100,18.440245,18.0,76.0,92.0,76.0,14.0,539.0
20240527T1200,18.800245,20.16,71.0,98.0,71.0,14.0,548.0
20240527T1300,19.760244,20.519999,45.0,100.0,45.0,10.0,589.0
20240527T1400,20.230246,18.0,44.0,98.0,44.0,6.0,588.0
20240527T1500,20.430244,19.44,39.0,99.0,39.0,16.0,408.0
20240527T1600,19.000246,30.599998,60.0,100.0,60.0,32.0,209.0
20240527T1700,18.360245,29.16,89.0,99.0,89.0,12.0,88.0
20240527T1800,17.690245,21.599998,91.0,95.0,91.0,13.0,66.0
20240527T1900,16.390245,15.4800005,88.0,64.0,88.0,4.0,24.0
20240527T2000,15.220245,12.599999,79.0,7.0,79.0,22.0,0.0
20240527T2100,14.420245,13.679999,83.0,0.0,83.0,23.0,0.0
20240527T2200,13.800245,14.04,30.0,0.0,30.0,29.0,0.0
20240527T2300,13.440246,13.679999,31.0,0.0,31.0,20.0,0.0
20240528T0000,13.050245,13.32,35.0,0.0,35.0,22.0,0.0
20240528T0100,12.440246,12.599999,26.0,0.0,26.0,15.0,0.0
20240528T0200,11.5602455,12.24,24.0,0.0,24.0,15.0,0.0
20240528T0300,11.620245,11.879999,22.0,0.0,22.0,16.0,0.0
20240528T0400,11.190246,11.5199995,27.0,0.0,21.0,27.0,1.0
20240528T0500,12.010245,12.599999,34.0,0.0,34.0,32.0,52.0
20240528T0600,13.700245,15.119999,24.0,0.0,24.0,24.0,170.0
20240528T0700,15.040245,24.84,21.0,0.0,14.0,21.0,343.0
20240528T0800,16.010246,25.56,23.0,0.0,16.0,23.0,489.0
20240528T0900,17.100245,19.08,31.0,5.0,27.0,31.0,525.0
20240528T1000,17.860245,19.08,37.0,7.0,37.0,8.0,554.0
20240528T1100,18.680244,18.359999,40.0,0.0,40.0,31.0,669.0
20240528T1200,19.340246,17.64,35.0,0.0,35.0,17.0,728.0
20240528T1300,20.040245,18.0,24.0,0.0,24.0,20.0,697.0
20240528T1400,20.580246,17.28,25.0,0.0,25.0,13.0,565.0
20240528T1500,20.950245,16.199999,26.0,0.0,26.0,15.0,492.0
20240528T1600,21.110245,14.759999,39.0,0.0,39.0,20.0,423.0
20240528T1700,21.020245,12.959999,38.0,0.0,38.0,21.0,299.0
20240528T1800,19.600245,10.440001,35.0,7.0,35.0,22.0,154.0
20240528T1900,17.200245,9.0,21.900002,73.0,15.0,4.0,48.0
20240528T2000,16.670246,9.36,23.7,79.0,7.0,1.0,1.0
20240528T2100,15.070246,8.64,30.000002,100.0,10.0,1.0,0.0
20240528T2200,12.790245,7.2,30.000002,100.0,27.0,3.0,0.0
20240528T2300,12.090245,9.0,29.400002,98.0,22.0,3.0,0.0
20240529T0000,11.580245,9.72,29.7,99.0,19.0,0.0,0.0
20240529T0100,11.190246,10.08,29.7,99.0,18.0,1.0,0.0
20240529T0200,11.360246,10.08,29.400002,98.0,15.0,3.0,0.0
20240529T0300,11.470245,10.440001,30.000002,100.0,21.0,4.0,0.0
20240529T0400,11.490245,10.799999,70.0,99.0,70.0,3.0,2.0
20240529T0500,12.5602455,12.599999,94.0,98.0,94.0,6.0,48.0
20240529T0600,13.520246,14.4,86.0,94.0,86.0,16.0,111.0
20240529T0700,14.710245,18.359999,73.0,52.0,73.0,3.0,211.0
20240529T0800,15.980246,23.039999,79.0,32.0,79.0,13.0,338.0
20240529T0900,17.010244,28.44,72.0,74.0,72.0,27.0,361.0
20240529T1000,16.650246,29.88,85.0,83.0,77.0,85.0,302.0
20240529T1100,15.820246,27.359999,100.0,96.0,99.0,100.0,200.0
20240529T1200,15.920245,26.28,100.0,90.0,100.0,92.0,415.0
20240529T1300,15.570246,28.8,97.0,41.0,97.0,69.0,370.0
20240529T1400,16.050245,26.64,85.0,24.0,85.0,49.0,265.0
20240529T1500,16.280245,23.039999,82.0,25.0,82.0,25.0,230.0
20240529T1600,16.460245,20.880001,84.0,26.0,84.0,38.0,112.0
20240529T1700,16.300245,20.880001,87.0,38.0,87.0,44.0,112.0
20240529T1800,16.030245,20.880001,76.0,95.0,76.0,52.0,65.0
20240529T1900,15.360246,19.44,70.0,98.0,70.0,25.0,22.0
20240529T2000,14.8102455,12.599999,71.0,100.0,71.0,29.0,1.0
20240529T2100,14.580245,14.04,89.0,100.0,89.0,25.0,0.0
20240529T2200,14.210245,24.48,100.0,100.0,100.0,55.0,0.0
20240529T2300,14.180245,28.8,99.0,96.0,99.0,80.0,0.0
20240530T0000,14.350245,23.759998,94.0,47.0,94.0,89.0,0.0
20240530T0100,14.630245,30.599998,86.0,0.0,69.0,86.0,0.0
20240530T0200,14.770246,39.6,93.0,3.0,45.0,93.0,0.0
20240530T0300,14.670245,33.48,96.0,3.0,49.0,96.0,0.0
20240530T0400,14.570246,31.68,99.0,4.0,58.0,99.0,1.0
20240530T0500,14.860246,28.44,96.0,2.0,67.0,96.0,17.0
20240530T0600,15.160245,25.199999,93.0,8.0,83.0,93.0,49.0
20240530T0700,15.380245,20.880001,98.0,12.0,98.0,91.0,86.0
20240530T0800,15.830245,25.199999,100.0,0.0,99.0,100.0,155.0
20240530T0900,16.390245,25.56,85.0,0.0,83.0,85.0,150.0
20240530T1000,16.580246,25.199999,87.0,4.0,87.0,86.0,278.0
20240530T1100,17.190245,25.919998,86.0,0.0,86.0,60.0,339.0
20240530T1200,17.670246,32.399998,75.0,1.0,75.0,37.0,277.0
20240530T1300,17.980246,35.28,58.0,1.0,53.0,58.0,345.0
20240530T1400,17.660246,35.28,29.0,7.0,29.0,25.0,543.0
20240530T1500,17.300245,29.88,43.0,11.0,43.0,19.0,448.0
20240530T1600,16.670246,32.399998,48.0,24.0,48.0,25.0,372.0
20240530T1700,16.340246,32.760002,45.0,33.0,45.0,12.0,221.0
20240530T1800,15.8102455,24.119999,59.0,11.0,59.0,19.0,103.0
20240530T1900,14.350245,23.759998,38.0,20.0,38.0,19.0,37.0
20240530T2000,13.220245,23.039999,29.0,25.0,29.0,9.0,1.0
20240530T2100,12.440246,18.359999,37.0,20.0,37.0,20.0,0.0
20240530T2200,12.370245,18.72,64.0,23.0,64.0,20.0,0.0
20240530T2300,12.160245,20.880001,68.0,26.0,68.0,8.0,0.0
20240531T0000,11.860246,21.599998,62.0,33.0,62.0,10.0,0.0
20240531T0100,11.570246,21.24,86.0,37.0,86.0,10.0,0.0
20240531T0200,11.490245,19.44,98.0,43.0,98.0,12.0,0.0
20240531T0300,11.320246,18.0,86.0,69.0,86.0,20.0,0.0
20240531T0400,11.290245,17.64,84.0,84.0,84.0,17.0,1.0
20240531T0500,11.400246,16.919998,92.0,96.0,92.0,65.0,5.0
20240531T0600,11.730246,17.64,96.0,99.0,96.0,91.0,19.0
20240531T0700,12.220245,24.48,99.0,100.0,99.0,95.0,69.0
20240531T0800,12.410245,24.84,98.0,100.0,98.0,91.0,99.0
20240531T0900,12.780245,24.84,97.0,100.0,97.0,73.0,136.0
20240531T1000,13.420245,23.4,99.0,99.0,97.0,99.0,177.0
20240531T1100,14.120245,25.199999,98.0,95.0,87.0,98.0,208.0
20240531T1200,14.910245,25.919998,93.0,99.0,85.0,93.0,258.0
20240531T1300,15.570246,26.64,92.0,98.0,92.0,67.0,363.0
20240531T1400,15.870245,24.84,94.0,100.0,94.0,55.0,241.0
20240531T1500,15.960245,23.4,98.0,100.0,98.0,59.0,336.0
20240531T1600,15.750245,20.880001,91.0,100.0,91.0,40.0,195.0
20240531T1700,15.550245,16.919998,71.0,99.0,71.0,48.0,186.0
20240531T1800,14.410245,17.64,80.0,100.0,80.0,30.0,101.0
20240531T1900,13.460245,14.4,84.0,100.0,84.0,32.0,26.0
20240531T2000,13.050245,11.5199995,89.0,100.0,89.0,31.0,1.0
20240531T2100,12.830245,10.08,78.0,100.0,78.0,43.0,0.0
20240531T2200,12.580245,9.72,100.0,100.0,100.0,24.0,0.0
20240531T2300,12.480246,9.72,99.0,100.0,99.0,14.0,0.0
20240601T0000,12.470245,11.159999,29.7,99.0,5.0,10.0,0.0
20240601T0100,12.230246,12.599999,53.0,97.0,53.0,28.0,0.0
20240601T0200,12.370245,13.32,67.0,100.0,67.0,39.0,0.0
20240601T0300,12.450245,12.959999,62.0,100.0,62.0,34.0,0.0
20240601T0400,12.510245,12.959999,65.0,100.0,65.0,25.0,1.0
20240601T0500,12.790245,12.959999,54.0,100.0,54.0,27.0,20.0
20240601T0600,13.260245,13.32,35.0,100.0,35.0,35.0,72.0
20240601T0700,13.860246,19.44,37.0,100.0,37.0,35.0,210.0
20240601T0800,14.490245,20.16,67.0,98.0,67.0,34.0,278.0
20240601T0900,15.210245,21.24,94.0,100.0,94.0,44.0,387.0
20240601T1000,16.340246,23.039999,86.0,100.0,75.0,86.0,524.0
20240601T1100,17.460245,23.039999,89.0,99.0,89.0,75.0,630.0
20240601T1200,17.850245,23.039999,95.0,100.0,95.0,88.0,559.0
20240601T1300,17.880245,21.599998,97.0,99.0,97.0,49.0,397.0
20240601T1400,17.500246,19.8,98.0,100.0,98.0,47.0,316.0
20240601T1500,16.970245,19.08,99.0,96.0,99.0,57.0,239.0
20240601T1600,17.130245,14.4,97.0,97.0,97.0,44.0,182.0
20240601T1700,16.780245,10.440001,97.0,98.0,97.0,32.0,94.0
20240601T1800,16.160246,10.799999,97.0,96.0,97.0,35.0,58.0
20240601T1900,15.210245,8.28,93.0,98.0,93.0,33.0,35.0
20240601T2000,14.670245,7.5599995,97.0,98.0,97.0,40.0,1.0
20240601T2100,14.360246,7.5599995,96.0,99.0,96.0,40.0,0.0
20240601T2200,14.130245,9.0,94.0,94.0,94.0,0.0,0.0
20240601T2300,14.050245,10.08,44.0,53.0,44.0,1.0,0.0
20240602T0000,13.900246,9.36,56.0,87.0,56.0,1.0,0.0
20240602T0100,13.760245,9.72,95.0,95.0,95.0,21.0,0.0
20240602T0200,13.980246,10.440001,99.0,98.0,99.0,56.0,0.0
20240602T0300,13.950245,10.08,97.0,97.0,97.0,82.0,0.0
20240602T0400,13.970245,8.64,100.0,85.0,100.0,100.0,0.0
20240602T0500,13.980246,12.24,99.0,78.0,99.0,49.0,14.0
20240602T0600,14.190246,15.84,100.0,66.0,98.0,100.0,44.0
20240602T0700,14.400246,17.64,100.0,37.0,98.0,100.0,26.0
20240602T0800,14.920245,15.119999,100.0,9.0,95.0,100.0,83.0
20240602T0900,15.730246,15.4800005,100.0,7.0,87.0,100.0,118.0
20240602T1000,15.5602455,16.199999,100.0,44.0,92.0,100.0,125.0
20240602T1100,16.010246,18.0,99.0,33.0,93.0,99.0,138.0
20240602T1200,16.230246,18.0,99.0,40.0,89.0,99.0,130.0
20240602T1300,16.870245,24.48,98.0,59.0,78.0,98.0,225.0
20240602T1400,17.140245,24.84,86.0,59.0,71.0,86.0,214.0
20240602T1500,16.950245,23.759998,89.0,73.0,89.0,71.0,252.0
20240602T1600,16.930244,21.599998,51.0,92.0,48.0,51.0,154.0
20240602T1700,16.880245,17.64,38.0,99.0,26.0,38.0,151.0
20240602T1800,16.690245,16.919998,52.0,100.0,52.0,42.0,92.0
20240602T1900,16.060246,18.359999,56.0,99.0,56.0,56.0,29.0
20240602T2000,15.780245,18.359999,72.0,97.0,67.0,72.0,1.0
20240602T2100,15.600245,20.880001,92.0,98.0,79.0,92.0,0.0
20240602T2200,15.370245,22.68,79.0,97.0,79.0,75.0,0.0
20240602T2300,15.080245,23.4,93.0,98.0,93.0,93.0,0.0
20240603T0000,14.640245,23.4,99.0,75.0,95.0,99.0,0.0
20240603T0100,14.230246,22.68,100.0,75.0,79.0,100.0,0.0
20240603T0200,13.920245,21.24,100.0,83.0,81.0,100.0,0.0
20240603T0300,13.760245,19.08,95.0,92.0,79.0,95.0,0.0
20240603T0400,13.650246,18.0,92.0,97.0,75.0,92.0,1.0
20240603T0500,13.680245,17.64,96.0,82.0,69.0,96.0,20.0
20240603T0600,13.880245,19.44,100.0,67.0,41.0,100.0,69.0
20240603T0700,13.980246,23.039999,100.0,33.0,43.0,100.0,77.0
20240603T0800,14.010245,25.199999,100.0,8.0,44.0,100.0,116.0
20240603T0900,14.470245,26.64,100.0,3.0,33.0,100.0,195.0
20240603T1000,15.080245,26.28,100.0,2.0,56.0,100.0,286.0
20240603T1100,15.670245,25.199999,100.0,0.0,56.0,100.0,288.0
20240603T1200,16.320246,23.039999,100.0,0.0,46.0,100.0,413.0
20240603T1300,16.670246,21.96,100.0,0.0,51.0,100.0,381.0
20240603T1400,17.060246,22.319998,100.0,0.0,42.0,100.0,403.0
20240603T1500,17.150246,21.96,97.0,0.0,24.0,97.0,233.0
20240603T1600,17.130245,19.8,98.0,0.0,16.0,98.0,200.0
20240603T1700,17.160246,19.44,96.0,0.0,11.0,96.0,168.0
20240603T1800,16.790245,18.0,92.0,0.0,8.0,92.0,108.0
20240603T1900,15.690246,11.5199995,88.0,0.0,7.0,88.0,16.0
20240603T2000,14.550245,9.0,89.0,0.0,8.0,89.0,1.0
20240603T2100,14.420245,8.64,65.0,0.0,5.0,65.0,0.0
20240603T2200,14.3102455,7.2,61.0,21.0,21.0,61.0,0.0
20240603T2300,13.850245,5.7599998,59.0,10.0,15.0,59.0,0.0
20240604T0000,13.530245,5.7599998,50.0,0.0,19.0,50.0,0.0
20240604T0100,13.140245,5.7599998,78.0,0.0,19.0,78.0,0.0
20240604T0200,12.290245,5.3999996,77.0,0.0,4.0,77.0,0.0
20240604T0300,12.200245,6.12,82.0,0.0,5.0,82.0,0.0
20240604T0400,12.580245,5.3999996,86.0,0.0,3.0,86.0,2.0
20240604T0500,13.200245,4.68,88.0,0.0,9.0,88.0,53.0
20240604T0600,14.150246,7.2,88.0,0.0,5.0,88.0,131.0
20240604T0700,15.470245,9.36,85.0,0.0,12.0,85.0,189.0
20240604T0800,16.760244,12.599999,77.0,0.0,5.0,77.0,298.0
20240604T0900,17.860245,14.4,67.0,0.0,7.0,67.0,352.0
20240604T1000,19.030245,16.56,88.0,0.0,8.0,88.0,413.0
20240604T1100,20.270245,18.0,66.0,0.0,30.0,66.0,546.0
20240604T1200,21.130245,16.919998,85.0,0.0,47.0,85.0,473.0
20240604T1300,21.640245,16.56,64.0,0.0,55.0,64.0,480.0
20240604T1400,22.330246,17.28,59.0,0.0,53.0,59.0,438.0
20240604T1500,22.660246,17.64,40.0,0.0,36.0,40.0,399.0
20240604T1600,22.700245,16.919998,43.0,0.0,42.0,43.0,354.0
20240604T1700,22.420246,15.4800005,41.0,0.0,41.0,30.0,207.0
20240604T1800,21.310246,11.879999,31.0,2.0,31.0,27.0,139.0
20240604T1900,19.550245,9.36,31.0,0.0,31.0,28.0,46.0
20240604T2000,16.490246,10.08,31.0,0.0,30.0,31.0,2.0
20240604T2100,15.170245,10.799999,37.0,0.0,37.0,28.0,0.0
20240604T2200,14.620245,12.24,41.0,0.0,41.0,30.0,0.0
20240604T2300,14.260245,12.959999,41.0,0.0,41.0,30.0,0.0
20240605T0000,13.710245,13.32,37.0,0.0,37.0,29.0,0.0
20240605T0100,13.250245,14.04,28.0,11.0,27.0,28.0,0.0
20240605T0200,12.860246,14.759999,27.0,10.0,24.0,27.0,0.0
20240605T0300,13.000245,14.759999,33.0,16.0,32.0,33.0,0.0
20240605T0400,13.170245,15.119999,36.0,7.0,36.0,24.0,3.0
20240605T0500,14.650246,15.4800005,23.0,0.0,21.0,23.0,62.0
20240605T0600,16.610245,17.28,20.0,0.0,20.0,13.0,168.0
20240605T0700,18.380245,16.199999,18.0,0.0,18.0,7.0,314.0
20240605T0800,20.110245,18.0,10.0,0.0,9.0,10.0,446.0
20240605T0900,21.420246,22.319998,26.0,0.0,26.0,5.0,623.0
20240605T1000,22.540245,27.0,45.0,0.0,45.0,15.0,701.0
20240605T1100,22.920246,27.72,41.0,0.0,41.0,28.0,564.0
20240605T1200,23.030245,26.28,43.0,44.0,43.0,20.0,609.0
20240605T1300,23.610245,25.199999,48.0,91.0,48.0,21.0,494.0
20240605T1400,23.960245,23.4,33.0,82.0,33.0,10.0,413.0
20240605T1500,24.460245,26.28,32.0,62.0,32.0,7.0,452.0
20240605T1600,24.260244,27.0,28.0,23.0,28.0,10.0,397.0
20240605T1700,23.580246,26.28,30.0,0.0,30.0,12.0,234.0
20240605T1800,22.410246,19.08,17.0,0.0,17.0,5.0,162.0
20240605T1900,20.010244,12.599999,14.0,0.0,14.0,9.0,48.0
20240605T2000,17.820246,12.24,20.0,0.0,13.0,20.0,2.0
20240605T2100,16.780245,11.879999,28.0,0.0,18.0,28.0,0.0
20240605T2200,16.000246,11.159999,12.0,0.0,5.0,12.0,0.0
20240605T2300,15.070246,9.0,23.0,0.0,13.0,23.0,0.0
20240606T0000,14.150246,8.64,26.0,0.0,18.0,26.0,0.0
20240606T0100,13.930245,8.64,29.0,0.0,29.0,22.0,0.0
20240606T0200,13.450245,9.0,37.0,2.0,37.0,35.0,0.0
20240606T0300,12.800245,9.36,37.0,72.0,37.0,29.0,0.0
20240606T0400,12.790245,10.799999,53.0,96.0,53.0,48.0,3.0
20240606T0500,14.360246,12.24,57.0,98.0,57.0,52.0,55.0
20240606T0600,16.350246,12.959999,41.0,97.0,41.0,31.0,150.0
20240606T0700,18.750246,10.440001,32.0,95.0,32.0,20.0,180.0
20240606T0800,20.770245,14.4,28.800001,96.0,9.0,10.0,358.0
20240606T0900,22.340246,17.64,24.0,80.0,24.0,12.0,525.0
20240606T1000,23.540245,20.519999,20.0,0.0,20.0,13.0,563.0
20240606T1100,24.580246,25.56,15.0,0.0,15.0,3.0,708.0
20240606T1200,25.140245,25.56,27.0,18.0,27.0,4.0,728.0
20240606T1300,25.510244,24.48,33.0,84.0,33.0,6.0,639.0
20240606T1400,25.510244,24.48,55.0,96.0,55.0,18.0,581.0
20240606T1500,25.070246,28.44,34.0,95.0,34.0,21.0,560.0
20240606T1600,24.530245,25.199999,33.0,66.0,22.0,33.0,322.0
20240606T1700,23.650246,21.24,24.300001,81.0,21.0,23.0,249.0
20240606T1800,22.150246,16.919998,38.0,99.0,38.0,28.0,114.0
20240606T1900,20.380245,21.599998,40.0,98.0,31.0,40.0,50.0
20240606T2000,19.270245,13.679999,26.7,89.0,16.0,24.0,2.0
20240606T2100,18.220245,11.159999,19.0,62.0,6.0,19.0,0.0
20240606T2200,17.340246,10.799999,21.0,9.0,21.0,9.0,0.0
20240606T2300,16.080246,9.72,14.0,16.0,14.0,8.0,0.0
20240607T0000,15.730246,10.440001,16.0,11.0,16.0,7.0,0.0
20240607T0100,15.660245,11.5199995,23.0,0.0,6.0,23.0,0.0
20240607T0200,15.640245,11.5199995,20.0,0.0,6.0,20.0,0.0
20240607T0300,15.480246,10.08,20.0,0.0,4.0,20.0,0.0
20240607T0400,15.370245,9.36,8.0,5.0,4.0,8.0,2.0
20240607T0500,16.080246,11.159999,9.0,0.0,3.0,9.0,54.0
20240607T0600,17.550245,11.879999,9.0,0.0,7.0,9.0,149.0
20240607T0700,19.280245,10.08,7.0,0.0,7.0,4.0,310.0
20240607T0800,20.730246,11.5199995,6.0,0.0,4.0,6.0,470.0
20240607T0900,22.180244,15.84,30.0,0.0,14.0,30.0,605.0
20240607T1000,23.290245,19.44,24.0,0.0,9.0,24.0,706.0
20240607T1100,23.960245,21.96,17.0,8.0,17.0,17.0,667.0
20240607T1200,24.940245,25.199999,12.900001,43.0,2.0,3.0,794.0
20240607T1300,25.550245,25.56,5.0,6.0,3.0,5.0,693.0
20240607T1400,25.940245,25.199999,4.0,12.0,4.0,3.0,686.0
20240607T1500,26.110245,24.84,6.6000004,22.0,3.0,3.0,540.0
20240607T1600,25.890245,23.4,6.9,23.0,0.0,2.0,429.0
20240607T1700,25.220245,19.8,17.400002,58.0,1.0,4.0,324.0
20240607T1800,23.850245,14.04,27.900002,93.0,6.0,8.0,173.0
20240607T1900,23.030245,11.159999,29.1,97.0,6.0,15.0,51.0
20240607T2000,20.700245,12.599999,29.1,97.0,13.0,11.0,2.0
20240607T2100,18.320246,11.879999,29.400002,98.0,8.0,8.0,0.0
20240607T2200,17.900246,10.440001,29.400002,98.0,0.0,3.0,0.0
20240607T2300,16.840246,9.72,28.800001,96.0,6.0,5.0,0.0
20240608T0000,16.100246,8.28,27.000002,90.0,4.0,6.0,0.0
20240608T0100,15.0602455,9.36,15.900001,53.0,3.0,13.0,0.0
20240608T0200,14.630245,9.36,23.1,77.0,7.0,14.0,0.0
20240608T0300,14.3102455,9.36,25.0,78.0,22.0,25.0,0.0
20240608T0400,14.270246,9.36,33.0,82.0,33.0,27.0,3.0
20240608T0500,15.740245,8.64,25.0,54.0,23.0,25.0,69.0
20240608T0600,17.560246,10.08,14.0,3.0,11.0,14.0,195.0
20240608T0700,19.660246,10.08,14.0,15.0,14.0,13.0,280.0
20240608T0800,21.400246,11.159999,22.0,54.0,22.0,14.0,494.0
20240608T0900,22.780245,12.959999,64.0,92.0,64.0,2.0,613.0
20240608T1000,23.220245,14.759999,58.0,97.0,58.0,50.0,640.0
20240608T1100,22.370245,15.119999,62.0,98.0,62.0,31.0,495.0
20240608T1200,22.460245,33.12,96.0,100.0,96.0,35.0,490.0
20240608T1300,21.440245,37.44,90.0,99.0,90.0,59.0,379.0
20240608T1400,21.280245,26.28,92.0,98.0,92.0,47.0,240.0
20240608T1500,21.470245,19.8,97.0,100.0,97.0,50.0,182.0
20240608T1600,21.440245,16.56,95.0,100.0,95.0,28.0,86.0
20240608T1700,20.880245,19.08,98.0,100.0,98.0,23.0,83.0
20240608T1800,19.830246,14.759999,98.0,97.0,98.0,3.0,39.0
20240608T1900,19.000246,11.159999,98.0,86.0,98.0,2.0,18.0
20240608T2000,18.430244,12.24,98.0,79.0,98.0,3.0,1.0
20240608T2100,17.920246,11.5199995,89.0,86.0,89.0,23.0,0.0
20240608T2200,17.970245,9.0,66.0,98.0,66.0,4.0,0.0
20240608T2300,18.040245,9.72,75.0,99.0,75.0,3.0,0.0
20240609T0000,17.460245,8.28,93.0,80.0,93.0,7.0,0.0
20240609T0100,17.420246,13.679999,97.0,66.0,97.0,9.0,0.0
20240609T0200,17.490246,12.959999,52.0,43.0,52.0,7.0,0.0
20240609T0300,17.160246,8.64,79.0,28.0,79.0,27.0,0.0
20240609T0400,17.220245,13.32,90.0,21.0,60.0,90.0,2.0
20240609T0500,17.050245,18.0,91.0,18.0,62.0,91.0,33.0
20240609T0600,17.110245,20.16,67.0,22.0,63.0,67.0,94.0
20240609T0700,17.190245,20.519999,54.0,14.0,46.0,54.0,158.0
20240609T0800,17.810246,21.599998,63.0,22.0,52.0,63.0,366.0
20240609T0900,18.480246,20.519999,68.0,35.0,42.0,68.0,436.0
20240609T1000,19.830246,19.8,92.0,62.0,39.0,92.0,553.0
20240609T1100,20.160246,18.359999,98.0,85.0,36.0,98.0,490.0
20240609T1200,20.190245,20.519999,91.0,88.0,23.0,91.0,407.0
20240609T1300,20.280245,23.759998,87.0,78.0,44.0,87.0,422.0
20240609T1400,20.500246,26.64,73.0,91.0,41.0,73.0,403.0
20240609T1500,20.540245,28.44,73.0,96.0,73.0,67.0,330.0
20240609T1600,19.880245,27.359999,88.0,99.0,88.0,21.0,216.0
20240609T1700,19.490246,26.28,57.0,99.0,57.0,25.0,128.0
20240609T1800,18.700245,23.039999,65.0,99.0,65.0,28.0,58.0
20240609T1900,17.790245,13.679999,76.0,99.0,76.0,22.0,33.0
20240609T2000,16.840246,12.24,84.0,97.0,84.0,51.0,1.0
20240609T2100,16.420246,10.440001,93.0,93.0,93.0,27.0,0.0
20240609T2200,16.280245,11.879999,97.0,89.0,77.0,97.0,0.0
20240609T2300,16.160246,13.32,100.0,97.0,82.0,100.0,0.0
20240610T0000,15.940246,15.84,97.0,95.0,81.0,97.0,0.0
20240610T0100,15.370245,16.919998,87.0,91.0,78.0,87.0,0.0
20240610T0200,14.700245,16.56,70.0,87.0,70.0,68.0,0.0
20240610T0300,13.960245,15.4800005,57.0,72.0,53.0,57.0,0.0
20240610T0400,13.390245,13.32,33.0,44.0,33.0,32.0,2.0
20240610T0500,13.720245,13.32,19.0,4.0,19.0,13.0,54.0
20240610T0600,15.070246,14.4,4.0,0.0,4.0,4.0,191.0
20240610T0700,16.600245,15.84,0.0,0.0,0.0,0.0,363.0
20240610T0800,17.970245,21.24,0.0,0.0,0.0,0.0,531.0
20240610T0900,19.020245,27.0,8.0,0.0,0.0,8.0,711.0
20240610T1000,20.000246,29.88,31.0,0.0,0.0,31.0,815.0
20240610T1100,20.580246,31.68,50.0,0.0,14.0,50.0,879.0
20240610T1200,21.110245,33.12,38.0,0.0,33.0,38.0,821.0
20240610T1300,21.620245,34.56,60.0,0.0,60.0,18.0,762.0
20240610T1400,21.770245,34.92,82.0,3.0,82.0,25.0,555.0
20240610T1500,21.770245,36.36,29.0,4.0,29.0,2.0,497.0
20240610T1600,21.320246,36.36,49.0,0.0,49.0,3.0,302.0
20240610T1700,20.470245,35.28,47.0,0.0,47.0,10.0,250.0
20240610T1800,19.540245,31.319998,41.0,0.0,41.0,1.0,139.0
20240610T1900,18.300245,32.039997,33.0,0.0,33.0,11.0,54.0
20240610T2000,17.240246,27.0,41.0,0.0,41.0,24.0,2.0
20240610T2100,15.880245,24.84,55.0,1.0,55.0,33.0,0.0
20240610T2200,14.610246,24.119999,100.0,0.0,99.0,100.0,0.0
20240610T2300,13.680245,21.24,99.0,0.0,99.0,99.0,0.0
20240611T0000,12.980246,20.880001,98.0,0.0,98.0,70.0,0.0
20240611T0100,12.320246,20.519999,97.0,0.0,97.0,60.0,0.0
20240611T0200,11.710245,19.08,96.0,0.0,96.0,52.0,0.0
20240611T0300,11.290245,17.64,87.0,0.0,87.0,20.0,0.0
20240611T0400,10.910245,15.84,74.0,0.0,74.0,4.0,2.0
20240611T0500,10.980246,17.28,64.0,0.0,64.0,6.0,36.0
20240611T0600,11.710245,19.08,55.0,28.0,55.0,17.0,105.0
20240611T0700,12.500245,19.44,49.0,5.0,49.0,36.0,187.0
20240611T0800,13.510245,19.08,50.0,0.0,36.0,50.0,296.0
20240611T0900,14.400246,18.72,62.0,0.0,33.0,62.0,374.0
20240611T1000,15.500245,18.359999,53.0,0.0,53.0,16.0,412.0
20240611T1100,16.410246,17.64,52.0,0.0,52.0,44.0,520.0
20240611T1200,16.610245,16.919998,42.0,0.0,42.0,37.0,363.0
20240611T1300,17.220245,16.56,79.0,0.0,79.0,63.0,428.0
20240611T1400,17.180244,16.199999,82.0,1.0,82.0,61.0,345.0
20240611T1500,17.100245,17.28,68.0,9.0,68.0,65.0,430.0
20240611T1600,16.810246,16.919998,72.0,19.0,72.0,43.0,291.0
20240611T1700,16.150246,16.56,86.0,13.0,86.0,10.0,250.0
20240611T1800,15.440246,15.119999,87.0,1.0,87.0,12.0,156.0
20240611T1900,13.860246,10.440001,69.0,0.0,69.0,9.0,34.0
20240611T2000,12.530245,10.799999,60.0,0.0,60.0,15.0,2.0
20240611T2100,12.500245,10.440001,35.0,0.0,35.0,14.0,0.0
20240611T2200,12.010245,9.36,26.0,0.0,26.0,16.0,0.0
20240611T2300,11.410245,7.2,16.0,0.0,16.0,15.0,0.0
20240612T0000,10.860246,7.2,12.0,0.0,12.0,11.0,0.0
20240612T0100,10.190246,6.4799995,15.0,0.0,15.0,15.0,0.0
20240612T0200,9.530245,6.4799995,14.0,0.0,14.0,11.0,0.0
20240612T0300,9.160245,6.8399997,12.0,0.0,12.0,6.0,0.0
20240612T0400,8.760245,6.8399997,14.0,0.0,14.0,4.0,4.0
20240612T0500,9.780245,6.8399997,13.0,0.0,13.0,5.0,74.0
20240612T0600,11.990245,9.72,16.0,0.0,16.0,2.0,191.0
20240612T0700,14.280245,16.56,15.0,0.0,15.0,4.0,367.0
20240612T0800,15.960245,20.16,15.0,0.0,13.0,15.0,487.0
20240612T0900,16.780245,23.039999,41.0,0.0,41.0,25.0,576.0
20240612T1000,17.370245,24.119999,37.0,0.0,37.0,4.0,642.0
20240612T1100,17.940245,25.919998,45.0,0.0,45.0,5.0,707.0
20240612T1200,18.280245,25.919998,36.0,0.0,36.0,0.0,597.0
20240612T1300,18.760244,25.199999,18.0,0.0,18.0,5.0,564.0
20240612T1400,19.240246,25.56,20.0,0.0,20.0,5.0,697.0
20240612T1500,19.400246,25.199999,19.0,1.0,19.0,5.0,598.0
20240612T1600,18.900246,25.199999,41.0,3.0,41.0,22.0,344.0
20240612T1700,18.320246,23.759998,39.0,3.0,39.0,14.0,250.0
20240612T1800,17.330246,22.319998,44.0,10.0,44.0,17.0,162.0
20240612T1900,15.840245,20.880001,49.0,7.0,49.0,17.0,55.0
20240612T2000,14.030245,15.84,47.0,7.0,47.0,16.0,3.0
20240612T2100,13.080245,14.759999,57.0,0.0,57.0,16.0,0.0
20240612T2200,11.800245,14.4,43.0,0.0,43.0,27.0,0.0
20240612T2300,11.550245,13.32,21.0,0.0,21.0,0.0,0.0
20240613T0000,11.690246,11.879999,3.0,0.0,3.0,0.0,0.0
20240613T0100,10.490245,12.24,32.0,1.0,32.0,15.0,0.0
20240613T0200,9.800245,12.599999,35.0,0.0,35.0,13.0,0.0
20240613T0300,10.3102455,11.879999,27.0,0.0,27.0,13.0,0.0
20240613T0400,9.830245,9.36,16.0,0.0,16.0,10.0,3.0
20240613T0500,10.660245,6.4799995,14.0,0.0,14.0,11.0,67.0
20240613T0600,12.480246,9.0,9.0,0.0,9.0,8.0,187.0
20240613T0700,14.360246,14.4,11.0,0.0,9.0,11.0,384.0
20240613T0800,15.950245,16.199999,19.0,0.0,19.0,19.0,537.0
20240613T0900,16.990246,16.56,35.0,0.0,14.0,35.0,525.0
20240613T1000,18.270245,15.84,33.0,0.0,33.0,29.0,706.0
20240613T1100,18.910246,16.199999,25.0,0.0,25.0,11.0,688.0
20240613T1200,19.530245,15.4800005,65.0,0.0,65.0,41.0,679.0
20240613T1300,20.290245,15.119999,78.0,0.0,78.0,7.0,608.0
20240613T1400,20.950245,15.84,81.0,0.0,81.0,0.0,619.0
20240613T1500,21.150246,15.4800005,89.0,2.0,89.0,0.0,460.0
20240613T1600,21.410246,15.4800005,78.0,14.0,78.0,0.0,393.0
20240613T1700,20.760244,15.119999,28.0,90.0,28.0,0.0,208.0
20240613T1800,19.140245,14.4,30.000002,100.0,0.0,0.0,202.0
20240613T1900,16.130245,10.440001,30.000002,100.0,0.0,0.0,47.0
20240613T2000,14.320246,10.799999,27.000002,90.0,0.0,0.0,3.0
20240613T2100,12.460245,10.08,20.400002,68.0,20.0,2.0,0.0
20240613T2200,12.010245,10.08,57.0,99.0,57.0,1.0,0.0
20240613T2300,11.090245,11.5199995,91.0,99.0,91.0,0.0,0.0
20240614T0000,11.790245,12.24,89.0,99.0,89.0,1.0,0.0
20240614T0100,12.100245,13.679999,79.0,98.0,79.0,17.0,0.0
20240614T0200,12.350245,15.4800005,80.0,99.0,80.0,2.0,0.0
20240614T0300,12.380245,15.119999,98.0,100.0,98.0,28.0,0.0
20240614T0400,12.730246,15.119999,100.0,98.0,100.0,61.0,2.0
20240614T0500,13.3102455,14.4,98.0,99.0,98.0,36.0,16.0
20240614T0600,13.860246,16.56,100.0,100.0,100.0,57.0,32.0
20240614T0700,14.150246,20.519999,100.0,99.0,100.0,96.0,52.0
20240614T0800,14.670245,25.199999,100.0,99.0,100.0,100.0,76.0
20240614T0900,15.910245,27.0,100.0,64.0,100.0,100.0,97.0
20240614T1000,17.960245,28.8,76.0,0.0,76.0,60.0,116.0
20240614T1100,18.850245,29.16,86.0,0.0,86.0,86.0,228.0
20240614T1200,19.070246,29.519999,96.0,3.0,96.0,96.0,306.0
20240614T1300,18.890245,29.16,97.0,4.0,97.0,94.0,275.0
20240614T1400,19.600245,28.08,92.0,0.0,92.0,81.0,382.0
20240614T1500,20.700245,34.2,69.0,0.0,69.0,67.0,375.0
20240614T1600,20.630245,29.519999,86.0,0.0,86.0,69.0,243.0
20240614T1700,20.820246,21.599998,73.0,1.0,73.0,40.0,217.0
20240614T1800,19.650246,21.96,82.0,4.0,82.0,39.0,67.0
20240614T1900,18.510244,37.079998,60.0,15.0,60.0,47.0,21.0
20240614T2000,17.580246,35.64,58.0,54.0,58.0,17.0,2.0
20240614T2100,17.170246,36.36,79.0,69.0,79.0,2.0,0.0
20240614T2200,16.510246,40.32,80.0,72.0,80.0,1.0,0.0
20240614T2300,15.640245,39.96,97.0,75.0,97.0,28.0,0.0
20240615T0000,15.140245,35.28,100.0,100.0,100.0,93.0,0.0
20240615T0100,14.570246,32.760002,100.0,99.0,100.0,69.0,0.0
20240615T0200,14.640245,31.319998,100.0,100.0,100.0,73.0,0.0
20240615T0300,14.590245,30.960001,100.0,100.0,100.0,55.0,0.0
20240615T0400,14.160245,42.48,93.0,98.0,93.0,3.0,1.0
20240615T0500,13.860246,50.039997,74.0,67.0,74.0,3.0,5.0
20240615T0600,14.290245,44.28,46.0,2.0,46.0,11.0,18.0
20240615T0700,15.110246,41.399998,31.0,0.0,31.0,24.0,264.0
20240615T0800,16.080246,44.28,44.0,2.0,44.0,30.0,341.0
20240615T0900,17.110245,44.639996,37.0,0.0,37.0,18.0,528.0
20240615T1000,17.930244,44.28,30.0,0.0,30.0,14.0,566.0
20240615T1100,18.790245,45.0,33.0,0.0,33.0,32.0,597.0
20240615T1200,19.320246,44.639996,59.0,0.0,59.0,49.0,645.0
20240615T1300,19.680244,41.039997,63.0,3.0,63.0,46.0,484.0
20240615T1400,19.840246,34.2,34.0,49.0,34.0,17.0,519.0
20240615T1500,19.670246,31.68,40.0,83.0,40.0,12.0,426.0
20240615T1600,19.600245,30.239998,38.0,42.0,38.0,10.0,374.0
20240615T1700,19.110245,28.44,40.0,13.0,40.0,7.0,272.0
20240615T1800,18.390245,23.759998,40.0,2.0,40.0,5.0,148.0
20240615T1900,16.670246,15.4800005,42.0,0.0,42.0,15.0,53.0
20240615T2000,15.230246,13.679999,54.0,0.0,54.0,21.0,3.0
20240615T2100,13.970245,14.04,52.0,0.0,52.0,26.0,0.0
20240615T2200,13.920245,14.4,39.0,0.0,39.0,3.0,0.0
20240615T2300,13.580245,15.119999,62.0,1.0,62.0,3.0,0.0
20240616T0000,13.630245,15.119999,63.0,0.0,63.0,26.0,0.0
20240616T0100,13.540245,15.119999,51.0,0.0,51.0,27.0,0.0
20240616T0200,12.920245,15.84,47.0,0.0,47.0,46.0,0.0
20240616T0300,13.120245,15.84,72.0,0.0,72.0,65.0,0.0
20240616T0400,12.970245,15.119999,78.0,5.0,78.0,69.0,2.0
20240616T0500,13.870245,14.759999,80.0,98.0,80.0,71.0,48.0
20240616T0600,15.000245,15.4800005,74.0,98.0,74.0,73.0,127.0
20240616T0700,16.070246,16.919998,68.0,88.0,66.0,68.0,185.0
20240616T0800,17.290245,19.44,42.0,30.0,42.0,42.0,320.0
20240616T0900,18.520245,24.84,40.0,15.0,16.0,40.0,583.0
20240616T1000,19.800245,31.68,98.0,7.0,8.0,98.0,582.0
20240616T1100,21.050245,32.039997,100.0,0.0,47.0,100.0,499.0
20240616T1200,21.950245,31.319998,79.0,0.0,53.0,79.0,557.0
20240616T1300,22.420246,31.68,59.0,0.0,40.0,59.0,575.0
20240616T1400,22.440245,32.039997,53.0,0.0,53.0,40.0,655.0
20240616T1500,21.580246,32.039997,31.0,3.0,31.0,6.0,497.0
20240616T1600,21.050245,29.519999,28.0,21.0,28.0,11.0,319.0
20240616T1700,20.630245,24.119999,27.0,21.0,27.0,1.0,269.0
20240616T1800,19.730246,24.84,59.0,3.0,59.0,1.0,137.0
20240616T1900,18.570246,14.4,55.0,1.0,55.0,9.0,52.0
20240616T2000,17.500246,11.879999,47.0,7.0,47.0,30.0,3.0
20240616T2100,16.310246,12.959999,44.0,26.0,44.0,18.0,0.0
20240616T2200,15.930245,12.959999,26.0,76.0,26.0,19.0,0.0
20240616T2300,15.610246,14.4,33.0,51.0,33.0,31.0,0.0
20240617T0000,15.3102455,16.56,58.0,81.0,58.0,43.0,0.0
20240617T0100,15.640245,17.64,75.0,96.0,75.0,27.0,0.0
20240617T0200,15.790245,17.64,83.0,97.0,83.0,32.0,0.0
20240617T0300,15.860246,21.24,82.0,89.0,82.0,26.0,0.0
20240617T0400,15.860246,20.16,51.0,34.0,51.0,19.0,3.0
20240617T0500,16.530245,15.84,36.0,1.0,36.0,22.0,59.0
20240617T0600,18.030245,15.4800005,21.0,43.0,21.0,11.0,159.0
20240617T0700,19.420246,21.96,18.0,60.0,16.0,6.0,315.0
20240617T0800,20.420246,23.759998,64.0,91.0,64.0,15.0,409.0
20240617T0900,20.780245,24.84,82.0,99.0,82.0,6.0,481.0
20240617T1000,20.950245,24.84,86.0,90.0,86.0,10.0,557.0
20240617T1100,20.670246,36.719997,97.0,89.0,97.0,33.0,540.0
20240617T1200,19.340246,26.64,98.0,83.0,98.0,40.0,321.0
20240617T1300,19.820246,33.48,100.0,54.0,100.0,94.0,356.0
20240617T1400,20.200245,15.4800005,88.0,94.0,88.0,26.0,227.0
20240617T1500,20.320246,12.959999,57.0,79.0,57.0,3.0,200.0
20240617T1600,19.780245,15.119999,37.0,35.0,37.0,1.0,273.0
20240617T1700,19.860245,17.28,16.0,52.0,16.0,4.0,201.0
20240617T1800,19.540245,16.199999,18.0,57.0,18.0,4.0,113.0
20240617T1900,18.370245,10.799999,28.2,94.0,16.0,3.0,62.0
20240617T2000,17.220245,10.799999,29.400002,98.0,18.0,3.0,4.0
20240617T2100,16.640245,11.159999,29.7,99.0,13.0,5.0,0.0
20240617T2200,15.370245,13.679999,36.0,91.0,36.0,2.0,0.0
20240617T2300,15.190246,14.759999,30.0,44.0,30.0,3.0,0.0
20240618T0000,14.770246,14.759999,34.0,97.0,34.0,1.0,0.0
20240618T0100,14.330245,15.119999,29.7,99.0,27.0,4.0,0.0
20240618T0200,14.180245,15.119999,29.7,99.0,22.0,13.0,0.0
20240618T0300,13.930245,13.679999,8.400001,28.0,2.0,5.0,0.0
20240618T0400,13.530245,13.679999,13.200001,44.0,3.0,3.0,4.0
20240618T0500,15.020246,14.4,10.200001,34.0,1.0,0.0,68.0
20240618T0600,17.600245,14.759999,20.7,69.0,1.0,1.0,197.0
20240618T0700,20.050245,17.28,28.500002,95.0,2.0,0.0,316.0
20240618T0800,22.210245,18.359999,29.1,97.0,0.0,0.0,509.0
20240618T0900,24.170246,19.8,29.400002,98.0,0.0,0.0,603.0
20240618T1000,25.270245,20.519999,29.400002,98.0,9.0,0.0,650.0
20240618T1100,26.640245,20.519999,28.800001,96.0,24.0,0.0,730.0
20240618T1200,27.630245,20.16,28.800001,96.0,10.0,0.0,800.0
20240618T1300,28.240246,21.24,26.1,87.0,2.0,1.0,719.0
20240618T1400,29.130245,20.519999,12.6,42.0,1.0,1.0,579.0
20240618T1500,29.740246,19.44,27.000002,90.0,6.0,0.0,545.0
20240618T1600,29.240246,17.28,29.400002,98.0,2.0,0.0,444.0
20240618T1700,27.960245,12.24,28.500002,95.0,12.0,2.0,319.0
20240618T1800,26.020245,13.679999,25.500002,85.0,0.0,0.0,181.0
20240618T1900,23.250246,11.879999,20.7,69.0,4.0,0.0,70.0
20240618T2000,22.470245,11.879999,25.0,61.0,25.0,0.0,5.0
20240618T2100,20.020245,10.440001,51.0,65.0,51.0,2.0,0.0
20240618T2200,19.910246,12.24,41.0,82.0,41.0,0.0,0.0
20240618T2300,19.530245,13.32,51.0,93.0,51.0,3.0,0.0
20240619T0000,20.510244,12.959999,60.0,90.0,60.0,0.0,0.0
20240619T0100,20.380245,12.24,40.0,62.0,40.0,2.0,0.0
20240619T0200,19.150246,11.5199995,22.0,43.0,22.0,3.0,0.0
20240619T0300,17.780245,14.4,41.0,32.0,41.0,20.0,0.0
20240619T0400,17.310246,14.759999,53.0,20.0,53.0,12.0,3.0
20240619T0500,18.470245,13.32,40.0,16.0,40.0,5.0,34.0
20240619T0600,20.010244,12.959999,46.0,7.0,46.0,4.0,125.0
20240619T0700,21.810246,14.4,31.0,3.0,31.0,5.0,294.0
20240619T0800,23.470245,12.959999,29.0,0.0,29.0,4.0,388.0
20240619T0900,24.660246,13.32,26.0,1.0,26.0,3.0,536.0
20240619T1000,25.370245,14.759999,40.0,2.0,40.0,0.0,611.0
20240619T1100,26.940245,21.96,34.0,25.0,34.0,0.0,811.0
20240619T1200,28.800245,27.359999,25.0,12.0,25.0,0.0,801.0
20240619T1300,28.620245,25.919998,25.0,14.0,25.0,7.0,680.0
20240619T1400,28.240246,25.56,21.0,3.0,21.0,10.0,503.0
20240619T1500,27.840246,26.28,21.0,25.0,21.0,13.0,574.0
20240619T1600,27.060246,27.359999,32.0,36.0,32.0,15.0,341.0
20240619T1700,26.250246,25.919998,21.6,72.0,20.0,11.0,351.0
20240619T1800,24.440245,21.599998,24.6,82.0,18.0,11.0,192.0
20240619T1900,22.670246,25.56,27.300001,91.0,14.0,10.0,41.0
20240619T2000,20.960245,21.96,20.7,69.0,2.0,9.0,3.0
20240619T2100,19.780245,21.599998,18.0,60.0,7.0,7.0,0.0
20240619T2200,19.130245,19.8,34.0,85.0,34.0,16.0,0.0
20240619T2300,18.180244,16.919998,39.0,95.0,39.0,16.0,0.0
20240620T0000,17.770245,14.4,29.7,99.0,23.0,5.0,0.0
20240620T0100,17.820246,11.879999,26.1,87.0,20.0,11.0,0.0
20240620T0200,17.730246,9.36,29.400002,98.0,18.0,13.0,0.0
20240620T0300,17.580246,10.08,28.800001,96.0,17.0,4.0,0.0
20240620T0400,17.500246,10.799999,21.0,65.0,21.0,13.0,1.0
20240620T0500,17.810246,10.08,28.500002,95.0,26.0,13.0,27.0
20240620T0600,18.460245,10.08,46.0,100.0,46.0,9.0,73.0
20240620T0700,19.170246,15.84,62.0,100.0,62.0,7.0,204.0
20240620T0800,20.330246,12.24,69.0,100.0,69.0,15.0,188.0
20240620T0900,21.220245,14.04,95.0,100.0,95.0,13.0,249.0
20240620T1000,21.310246,17.28,97.0,100.0,97.0,29.0,258.0
20240620T1100,22.070246,18.0,90.0,100.0,90.0,6.0,130.0
20240620T1200,22.790245,14.4,84.0,100.0,84.0,12.0,128.0
20240620T1300,24.960245,18.359999,33.0,100.0,33.0,4.0,498.0
20240620T1400,25.530245,16.919998,39.0,100.0,39.0,0.0,628.0
20240620T1500,25.600245,15.84,63.0,100.0,63.0,0.0,389.0
20240620T1600,26.370245,13.679999,29.400002,98.0,27.0,0.0,262.0
20240620T1700,24.760244,11.5199995,53.0,82.0,53.0,0.0,205.0
20240620T1800,23.630245,11.159999,80.0,53.0,80.0,0.0,144.0
20240620T1900,22.520245,16.56,93.0,63.0,93.0,0.0,42.0
20240620T2000,22.120245,13.679999,58.0,37.0,58.0,0.0,2.0
20240620T2100,19.900246,9.36,13.0,23.0,13.0,0.0,0.0
20240620T2200,19.000246,9.0,6.0,12.0,6.0,0.0,0.0
20240620T2300,17.990246,8.28,8.700001,29.0,5.0,0.0,0.0
20240621T0000,18.230246,7.92,29.0,49.0,29.0,0.0,0.0
20240621T0100,17.690245,9.0,59.0,51.0,30.0,59.0,0.0
20240621T0200,17.280245,9.36,59.0,67.0,29.0,59.0,0.0
20240621T0300,16.610245,11.159999,65.0,71.0,34.0,65.0,0.0
20240621T0400,17.240246,12.599999,75.0,75.0,43.0,75.0,3.0
20240621T0500,18.010244,12.599999,64.0,95.0,39.0,64.0,51.0
20240621T0600,18.150246,14.04,58.0,100.0,58.0,9.0,114.0
20240621T0700,18.220245,24.119999,85.0,100.0,85.0,0.0,104.0
20240621T0800,18.530245,16.56,34.0,97.0,34.0,6.0,182.0
20240621T0900,20.130245,16.919998,33.0,55.0,33.0,22.0,344.0
20240621T1000,22.270245,22.319998,23.400002,78.0,19.0,3.0,613.0
20240621T1100,23.830246,26.64,28.0,76.0,28.0,7.0,707.0
20240621T1200,23.370245,31.319998,52.0,86.0,52.0,25.0,630.0
20240621T1300,22.130245,31.68,26.400002,88.0,11.0,15.0,317.0
20240621T1400,21.940245,30.239998,86.0,98.0,86.0,11.0,333.0
20240621T1500,20.680244,44.28,64.0,94.0,64.0,3.0,393.0
20240621T1600,19.520245,34.92,27.0,81.0,27.0,6.0,323.0
20240621T1700,18.980246,28.08,23.0,75.0,23.0,8.0,212.0
20240621T1800,18.850245,26.64,27.000002,90.0,27.0,13.0,122.0
20240621T1900,18.330246,29.16,33.0,96.0,29.0,33.0,41.0
20240621T2000,17.640245,22.319998,28.2,94.0,22.0,9.0,3.0
20240621T2100,17.150246,19.44,22.5,75.0,18.0,3.0,0.0
20240621T2200,16.690245,17.64,43.0,57.0,43.0,19.0,0.0
20240621T2300,16.140245,16.199999,18.0,17.0,18.0,13.0,0.0
20240622T0000,15.400246,15.4800005,32.0,7.0,32.0,8.0,0.0
20240622T0100,14.5602455,14.759999,43.0,15.0,43.0,11.0,0.0
20240622T0200,14.370245,14.4,32.0,25.0,32.0,12.0,0.0
20240622T0300,14.450245,13.32,22.0,40.0,22.0,14.0,0.0
20240622T0400,14.730246,13.679999,25.0,58.0,19.0,25.0,3.0
20240622T0500,16.020247,17.28,24.0,79.0,19.0,24.0,48.0
20240622T0600,17.090246,19.44,62.0,92.0,49.0,62.0,104.0
20240622T0700,17.640245,24.48,66.0,92.0,66.0,47.0,188.0
20240622T0800,17.110245,25.919998,86.0,94.0,86.0,45.0,192.0
20240622T0900,16.320246,24.84,96.0,93.0,96.0,53.0,232.0
20240622T1000,16.020247,26.28,100.0,90.0,100.0,100.0,309.0
20240622T1100,16.000246,29.88,100.0,97.0,100.0,85.0,378.0
20240622T1200,15.760245,29.88,99.0,97.0,99.0,72.0,347.0
20240622T1300,15.290245,27.72,87.0,74.0,87.0,20.0,154.0
20240622T1400,15.440246,21.599998,86.0,70.0,86.0,27.0,149.0
20240622T1500,16.030245,21.96,79.0,90.0,79.0,42.0,244.0
20240622T1600,16.500246,15.84,54.0,79.0,54.0,40.0,256.0
20240622T1700,16.960245,15.84,39.0,56.0,39.0,28.0,188.0
20240622T1800,17.170246,15.4800005,36.0,49.0,36.0,19.0,138.0
20240622T1900,15.950245,11.159999,45.0,56.0,45.0,17.0,51.0
20240622T2000,15.170245,10.08,36.0,43.0,36.0,11.0,4.0
20240622T2100,15.0602455,9.36,41.0,34.0,41.0,13.0,0.0
20240622T2200,14.700245,7.5599995,52.0,14.0,52.0,51.0,0.0
20240622T2300,13.850245,6.8399997,68.0,0.0,42.0,68.0,0.0
20240623T0000,13.670245,7.5599995,56.0,0.0,50.0,56.0,0.0
20240623T0100,13.490245,7.92,54.0,0.0,39.0,54.0,0.0
20240623T0200,13.700245,7.2,77.0,0.0,58.0,77.0,0.0
20240623T0300,13.5602455,6.12,92.0,0.0,41.0,92.0,0.0
20240623T0400,13.780245,6.4799995,94.0,0.0,46.0,94.0,2.0
20240623T0500,14.350245,7.5599995,89.0,2.0,48.0,89.0,35.0
20240623T0600,15.330245,8.64,90.0,7.0,40.0,90.0,121.0
20240623T0700,16.360247,14.04,80.0,0.0,20.0,80.0,137.0
20240623T0800,17.520245,19.44,49.0,0.0,30.0,49.0,320.0
20240623T0900,18.390245,23.759998,54.0,0.0,41.0,54.0,416.0
20240623T1000,18.880245,25.199999,83.0,0.0,83.0,48.0,537.0
20240623T1100,19.560246,25.199999,85.0,0.0,85.0,31.0,397.0
20240623T1200,19.890245,25.199999,90.0,0.0,90.0,47.0,391.0
20240623T1300,20.260244,28.44,93.0,0.0,93.0,56.0,525.0
20240623T1400,20.780245,28.44,88.0,0.0,88.0,79.0,400.0
20240623T1500,20.890245,25.919998,47.0,0.0,47.0,43.0,297.0
20240623T1600,20.770245,24.84,54.0,0.0,54.0,44.0,274.0
20240623T1700,20.790245,24.48,60.0,0.0,60.0,45.0,264.0
20240623T1800,20.250246,23.039999,45.0,0.0,45.0,30.0,175.0
20240623T1900,19.140245,20.519999,46.0,0.0,46.0,41.0,61.0
20240623T2000,17.740246,15.84,49.0,0.0,44.0,49.0,4.0
20240623T2100,16.660246,15.4800005,47.0,0.0,39.0,47.0,0.0
20240623T2200,16.330246,16.199999,56.0,0.0,56.0,20.0,0.0
20240623T2300,16.070246,16.56,53.0,0.0,53.0,29.0,0.0
20240624T0000,16.040245,16.56,21.0,0.0,21.0,21.0,0.0
20240624T0100,15.410245,17.28,25.0,0.0,12.0,25.0,0.0
20240624T0200,14.960245,17.28,26.0,0.0,9.0,26.0,0.0
20240624T0300,14.860246,16.919998,25.0,0.0,9.0,25.0,0.0
20240624T0400,14.750245,16.919998,24.0,0.0,13.0,24.0,3.0
20240624T0500,16.540245,17.64,12.0,0.0,8.0,12.0,69.0
20240624T0600,18.290245,18.0,7.0,0.0,5.0,7.0,180.0
20240624T0700,20.090246,22.319998,8.0,0.0,2.0,8.0,336.0
20240624T0800,21.990246,27.0,29.0,0.0,1.0,29.0,416.0
20240624T0900,23.590246,30.960001,41.0,0.0,0.0,41.0,545.0
20240624T1000,24.790245,34.92,7.0,0.0,7.0,6.0,635.0
20240624T1100,25.740246,36.0,47.0,0.0,47.0,9.0,579.0
20240624T1200,26.550245,34.92,32.0,0.0,32.0,6.0,509.0
20240624T1300,26.970245,32.760002,22.0,0.0,22.0,8.0,461.0
20240624T1400,27.150246,31.68,27.0,0.0,27.0,4.0,522.0
20240624T1500,27.410246,32.039997,31.0,0.0,31.0,6.0,430.0
20240624T1600,27.160246,31.68,35.0,0.0,35.0,2.0,411.0
20240624T1700,26.730246,29.519999,52.0,0.0,52.0,8.0,306.0
20240624T1800,25.440245,25.56,34.0,0.0,34.0,15.0,179.0
20240624T1900,23.440245,24.48,9.0,0.0,9.0,7.0,77.0
20240624T2000,21.350245,21.96,4.0,0.0,3.0,4.0,5.0
20240624T2100,19.970245,20.16,1.0,0.0,0.0,1.0,0.0
20240624T2200,18.540245,19.08,1.0,0.0,0.0,1.0,0.0
20240624T2300,17.690245,18.359999,6.0,0.0,6.0,3.0,0.0
20240625T0000,17.030245,17.64,5.0,0.0,5.0,1.0,0.0
20240625T0100,16.840246,16.56,4.0,0.0,4.0,1.0,0.0
20240625T0200,16.130245,15.119999,2.0,3.0,2.0,0.0,0.0
20240625T0300,16.110247,14.4,3.0,0.0,3.0,1.0,0.0
20240625T0400,15.690246,13.32,1.0,0.0,1.0,0.0,3.0
20240625T0500,17.070246,12.24,0.0,0.0,0.0,0.0,71.0
20240625T0600,19.530245,12.959999,0.0,0.0,0.0,0.0,206.0
20240625T0700,21.580246,15.119999,0.0,0.0,0.0,0.0,369.0
20240625T0800,23.160246,18.72,0.0,0.0,0.0,0.0,532.0
20240625T0900,24.390245,21.24,0.0,0.0,0.0,0.0,674.0
20240625T1000,25.610245,24.119999,0.0,0.0,0.0,0.0,789.0
20240625T1100,26.810246,25.56,0.0,0.0,0.0,0.0,860.0
20240625T1200,27.760244,25.919998,5.0,0.0,5.0,1.0,834.0
20240625T1300,28.310246,27.359999,10.0,0.0,10.0,3.0,740.0
20240625T1400,28.800245,29.16,30.0,3.0,30.0,21.0,607.0
20240625T1500,28.420246,29.519999,31.0,18.0,31.0,20.0,546.0
20240625T1600,28.320246,25.919998,26.0,22.0,26.0,7.0,411.0
20240625T1700,27.330246,21.96,13.0,8.0,13.0,6.0,240.0
20240625T1800,25.400246,15.4800005,22.0,48.0,22.0,11.0,153.0
20240625T1900,23.700245,16.56,34.0,67.0,34.0,5.0,48.0
20240625T2000,21.930244,11.159999,14.0,36.0,14.0,3.0,3.0
20240625T2100,20.810246,10.08,7.0,7.0,7.0,1.0,0.0
20240625T2200,19.790245,9.0,21.0,1.0,21.0,0.0,0.0
20240625T2300,18.570246,7.2,14.0,7.0,14.0,0.0,0.0
20240626T0000,17.360245,7.2,12.0,33.0,12.0,0.0,0.0
20240626T0100,17.020245,7.5599995,12.900001,43.0,8.0,1.0,0.0
20240626T0200,16.980246,11.159999,21.900002,73.0,12.0,6.0,0.0
20240626T0300,16.640245,12.959999,20.400002,68.0,6.0,2.0,0.0
20240626T0400,16.770245,14.4,17.400002,58.0,6.0,2.0,2.0
20240626T0500,17.490246,15.4800005,9.6,32.0,4.0,4.0,47.0
20240626T0600,19.390245,14.04,10.0,18.0,10.0,10.0,132.0
20240626T0700,21.100245,13.679999,11.0,10.0,11.0,5.0,322.0
20240626T0800,22.450245,14.759999,14.0,22.0,14.0,3.0,456.0
20240626T0900,23.500246,15.4800005,25.0,41.0,25.0,14.0,509.0
20240626T1000,24.090246,15.4800005,76.0,69.0,76.0,63.0,654.0
20240626T1100,24.070246,15.4800005,25.800001,86.0,16.0,10.0,630.0
20240626T1200,23.890245,16.56,77.0,90.0,20.0,77.0,658.0
20240626T1300,24.360245,18.0,74.0,93.0,9.0,74.0,610.0
20240626T1400,24.180244,18.359999,66.0,97.0,43.0,66.0,599.0
20240626T1500,24.610245,17.64,62.0,94.0,20.0,62.0,498.0
20240626T1600,24.890245,14.04,47.0,86.0,10.0,47.0,336.0
20240626T1700,24.450245,11.879999,35.0,83.0,15.0,35.0,202.0
20240626T1800,23.370245,10.440001,22.5,75.0,20.0,16.0,121.0
20240626T1900,21.790245,14.4,23.1,77.0,10.0,5.0,60.0
20240626T2000,20.060246,9.72,25.2,84.0,2.0,6.0,4.0
20240626T2100,19.480246,10.440001,24.300001,81.0,10.0,6.0,0.0
20240626T2200,18.480246,10.440001,24.6,82.0,12.0,1.0,0.0
20240626T2300,18.170246,11.879999,35.0,81.0,35.0,8.0,0.0
20240627T0000,17.900246,11.879999,32.0,85.0,32.0,5.0,0.0
20240627T0100,17.500246,11.159999,42.0,94.0,42.0,16.0,0.0
20240627T0200,17.710245,12.959999,63.0,98.0,12.0,63.0,0.0
20240627T0300,18.020245,14.4,71.0,95.0,51.0,71.0,0.0
20240627T0400,18.130245,14.4,27.0,71.0,26.0,27.0,3.0
20240627T0500,18.820246,15.119999,23.0,19.0,23.0,15.0,63.0
20240627T0600,21.180244,15.84,9.0,0.0,6.0,9.0,192.0
20240627T0700,23.230246,17.28,9.0,0.0,3.0,9.0,352.0
20240627T0800,24.810246,21.24,16.0,0.0,3.0,16.0,518.0
20240627T0900,26.010244,29.16,3.0,0.0,3.0,1.0,666.0
20240627T1000,27.080246,30.239998,6.0,7.0,6.0,3.0,676.0
20240627T1100,27.730246,29.16,9.0,19.0,9.0,8.0,672.0
20240627T1200,28.310246,27.0,17.0,16.0,17.0,8.0,695.0
20240627T1300,28.240246,26.28,23.0,17.0,23.0,9.0,679.0
20240627T1400,28.570246,23.759998,20.0,21.0,20.0,9.0,555.0
20240627T1500,29.350245,25.199999,22.0,11.0,22.0,9.0,495.0
20240627T1600,29.720245,24.84,15.0,16.0,15.0,4.0,399.0
20240627T1700,28.980246,20.880001,18.0,7.0,18.0,9.0,292.0
20240627T1800,27.650246,18.72,16.0,27.0,16.0,2.0,183.0
20240627T1900,24.690245,12.24,17.1,57.0,17.0,3.0,67.0
20240627T2000,23.190245,11.5199995,22.2,74.0,10.0,2.0,5.0
20240627T2100,22.470245,13.32,22.800001,76.0,8.0,3.0,0.0
20240627T2200,21.150246,15.119999,76.0,99.0,76.0,1.0,0.0
20240627T2300,20.530245,15.4800005,56.0,99.0,56.0,0.0,0.0
20240628T0000,19.760244,13.32,47.0,96.0,47.0,0.0,0.0
20240628T0100,19.280245,14.4,28.0,87.0,28.0,3.0,0.0
20240628T0200,19.040245,15.4800005,12.0,40.0,3.0,6.0,0.0
20240628T0300,19.060246,16.919998,28.0,1.0,3.0,28.0,0.0
20240628T0400,18.870245,16.56,22.0,1.0,0.0,22.0,2.0
20240628T0500,19.690245,14.04,5.0,8.0,4.0,5.0,56.0
20240628T0600,21.510244,15.84,10.0,0.0,6.0,10.0,173.0
20240628T0700,23.410246,24.48,2.0,0.0,2.0,2.0,345.0
20240628T0800,25.340246,23.759998,11.0,31.0,11.0,10.0,437.0
20240628T0900,26.600245,36.719997,11.0,33.0,11.0,3.0,559.0
20240628T1000,27.930244,38.519997,17.1,57.0,10.0,15.0,679.0
20240628T1100,29.060246,37.8,18.0,47.0,18.0,15.0,604.0
20240628T1200,28.500246,35.64,17.7,59.0,16.0,13.0,441.0
20240628T1300,28.410246,26.28,18.0,57.0,18.0,8.0,361.0
20240628T1400,28.470245,30.239998,9.6,32.0,7.0,1.0,595.0
20240628T1500,28.560246,28.8,9.3,31.0,5.0,8.0,528.0
20240628T1600,28.250246,15.84,13.0,14.0,13.0,9.0,450.0
20240628T1700,28.580246,14.4,14.0,34.0,14.0,14.0,298.0
20240628T1800,27.120245,19.8,12.0,24.0,5.0,12.0,148.0
20240628T1900,24.790245,9.72,10.0,27.0,5.0,10.0,59.0
20240628T2000,23.250246,20.519999,10.0,15.0,8.0,10.0,4.0
20240628T2100,22.430244,13.679999,7.5000005,25.0,6.0,5.0,0.0
20240628T2200,21.530245,9.72,19.800001,66.0,3.0,0.0,0.0
20240628T2300,21.000246,9.36,25.800001,86.0,7.0,0.0,0.0
20240629T0000,20.450245,9.36,29.7,99.0,8.0,0.0,0.0
20240629T0100,19.710245,10.440001,29.400002,98.0,26.0,0.0,0.0
20240629T0200,19.260244,10.440001,33.0,98.0,33.0,0.0,0.0
20240629T0300,18.860245,9.36,28.500002,95.0,13.0,1.0,0.0
20240629T0400,19.050245,8.28,18.300001,61.0,12.0,3.0,2.0
20240629T0500,19.700245,10.08,17.400002,58.0,11.0,0.0,56.0
20240629T0600,21.450245,12.599999,17.400002,58.0,11.0,0.0,194.0
20240629T0700,23.370245,14.759999,8.700001,29.0,7.0,0.0,321.0
20240629T0800,25.480246,17.64,9.3,31.0,1.0,0.0,431.0
20240629T0900,27.250246,21.24,13.200001,44.0,0.0,0.0,604.0
20240629T1000,28.430244,21.599998,11.1,37.0,5.0,0.0,747.0
20240629T1100,29.530245,20.880001,30.0,82.0,30.0,0.0,847.0
20240629T1200,30.060246,19.44,37.0,100.0,37.0,0.0,881.0
20240629T1300,29.890245,17.64,61.0,99.0,61.0,0.0,788.0
20240629T1400,28.280245,21.96,50.0,98.0,50.0,0.0,565.0
20240629T1500,28.680244,23.039999,55.0,98.0,55.0,0.0,398.0
20240629T1600,28.190245,25.919998,29.7,99.0,10.0,0.0,339.0
20240629T1700,26.240246,25.199999,28.2,94.0,6.0,0.0,252.0
20240629T1800,25.910246,26.28,29.400002,98.0,16.0,0.0,103.0
20240629T1900,24.940245,13.32,31.0,98.0,31.0,0.0,58.0
20240629T2000,21.970245,15.119999,29.400002,98.0,23.0,0.0,4.0
20240629T2100,21.970245,14.759999,29.1,97.0,27.0,0.0,0.0
20240629T2200,21.610245,31.319998,92.0,99.0,77.0,92.0,0.0
20240629T2300,20.170246,51.12,81.0,100.0,81.0,26.0,0.0
20240630T0000,19.680244,45.719997,99.0,100.0,99.0,7.0,0.0
20240630T0100,19.060246,41.399998,97.0,98.0,97.0,3.0,0.0
20240630T0200,19.170246,24.119999,90.0,89.0,90.0,11.0,0.0
20240630T0300,19.270245,34.2,54.0,79.0,54.0,17.0,0.0
20240630T0400,19.080246,38.16,82.0,92.0,82.0,20.0,1.0
20240630T0500,19.410246,40.68,85.0,95.0,85.0,20.0,34.0
20240630T0600,20.060246,44.28,97.0,99.0,97.0,37.0,105.0
20240630T0700,20.900246,34.2,98.0,94.0,98.0,50.0,83.0
20240630T0800,21.330246,36.0,99.0,84.0,99.0,58.0,114.0
20240630T0900,21.460245,46.079998,100.0,75.0,100.0,81.0,375.0
20240630T1000,21.100245,43.56,91.0,42.0,91.0,73.0,298.0
20240630T1100,20.380245,43.92,92.0,72.0,92.0,57.0,102.0
20240630T1200,19.440245,41.039997,95.0,58.0,95.0,65.0,148.0
20240630T1300,19.180244,37.079998,97.0,15.0,97.0,83.0,77.0
20240630T1400,19.210245,30.599998,99.0,5.0,95.0,99.0,75.0
20240630T1500,18.900246,30.599998,97.0,1.0,95.0,97.0,64.0
20240630T1600,18.510244,30.599998,97.0,5.0,97.0,95.0,70.0
20240630T1700,17.870245,28.8,92.0,40.0,92.0,78.0,74.0
20240630T1800,17.470245,23.759998,87.0,39.0,87.0,66.0,53.0
20240630T1900,17.100245,16.56,81.0,40.0,81.0,49.0,25.0
20240630T2000,16.560246,12.599999,61.0,26.0,61.0,40.0,2.0
20240630T2100,16.270247,9.36,55.0,60.0,55.0,31.0,0.0
20240630T2200,16.110247,11.159999,64.0,83.0,64.0,11.0,0.0
20240630T2300,15.750245,11.159999,35.0,72.0,35.0,8.0,0.0
20240701T0000,15.530245,10.440001,31.0,78.0,31.0,7.0,0.0
20240701T0100,15.230246,9.72,32.0,63.0,32.0,3.0,0.0
20240701T0200,15.130245,9.36,41.0,62.0,41.0,0.0,0.0
20240701T0300,14.970245,9.0,63.0,76.0,63.0,2.0,0.0
20240701T0400,14.520246,9.0,63.0,74.0,63.0,6.0,1.0
20240701T0500,15.400246,10.08,58.0,73.0,58.0,8.0,44.0
20240701T0600,16.900246,12.959999,35.0,70.0,35.0,15.0,152.0
20240701T0700,18.240246,15.119999,47.0,38.0,47.0,33.0,254.0
20240701T0800,19.480246,18.0,62.0,21.0,62.0,36.0,374.0
20240701T0900,20.720245,22.319998,62.0,3.0,62.0,20.0,554.0
20240701T1000,21.500246,25.919998,72.0,8.0,72.0,53.0,558.0
20240701T1100,22.400246,27.72,67.0,15.0,67.0,38.0,458.0
20240701T1200,22.670246,31.319998,43.0,12.0,43.0,21.0,582.0
20240701T1300,22.610245,32.039997,40.0,7.0,40.0,14.0,692.0
20240701T1400,21.840246,34.56,38.0,4.0,38.0,17.0,731.0
20240701T1500,20.380245,33.48,44.0,29.0,44.0,30.0,400.0
20240701T1600,19.460245,32.039997,50.0,0.0,45.0,50.0,287.0
20240701T1700,19.740246,28.44,51.0,0.0,51.0,29.0,160.0
20240701T1800,19.390245,23.039999,54.0,22.0,54.0,11.0,156.0
20240701T1900,18.190245,16.919998,49.0,10.0,49.0,29.0,54.0
20240701T2000,16.660246,9.72,48.0,2.0,48.0,31.0,3.0
20240701T2100,16.130245,8.64,32.0,0.0,32.0,18.0,0.0
20240701T2200,15.700245,9.72,44.0,2.0,44.0,18.0,0.0
20240701T2300,15.410245,10.440001,41.0,0.0,41.0,10.0,0.0
20240702T0000,15.540245,10.799999,44.0,0.0,44.0,20.0,0.0
20240702T0100,15.010245,10.799999,36.0,0.0,36.0,26.0,0.0
20240702T0200,14.640245,10.440001,27.0,0.0,27.0,27.0,0.0
20240702T0300,14.930245,10.08,34.0,3.0,21.0,34.0,0.0
20240702T0400,14.130245,9.72,35.0,4.0,20.0,35.0,2.0
20240702T0500,14.390245,9.0,40.0,5.0,18.0,40.0,61.0
20240702T0600,15.610246,11.159999,26.0,12.0,11.0,26.0,160.0
20240702T0700,17.200245,15.4800005,29.0,9.0,19.0,29.0,335.0
20240702T0800,18.180244,17.28,46.0,2.0,21.0,46.0,409.0
20240702T0900,18.660246,19.08,67.0,11.0,27.0,67.0,521.0
20240702T1000,18.840246,21.24,93.0,30.0,90.0,93.0,479.0
20240702T1100,19.160246,24.119999,89.0,51.0,89.0,57.0,495.0
20240702T1200,19.100245,25.919998,75.0,86.0,75.0,10.0,404.0
20240702T1300,18.890245,27.72,92.0,99.0,92.0,12.0,382.0
20240702T1400,18.110245,28.8,69.0,100.0,69.0,14.0,409.0
20240702T1500,16.980246,28.44,98.0,98.0,98.0,30.0,265.0
20240702T1600,15.860246,24.84,100.0,83.0,100.0,52.0,126.0
20240702T1700,15.300245,20.16,100.0,43.0,100.0,75.0,75.0
20240702T1800,14.990245,18.72,100.0,0.0,100.0,91.0,46.0
20240702T1900,14.690246,14.759999,99.0,3.0,99.0,94.0,9.0
20240702T2000,14.360246,11.879999,100.0,3.0,100.0,98.0,0.0
20240702T2100,14.180245,10.799999,99.0,0.0,99.0,94.0,0.0
20240702T2200,14.040245,11.879999,100.0,38.0,83.0,100.0,0.0
20240702T2300,14.010245,11.159999,100.0,72.0,71.0,100.0,0.0
20240703T0000,13.980246,11.879999,100.0,73.0,83.0,100.0,0.0
20240703T0100,14.070246,12.599999,99.0,66.0,82.0,99.0,0.0
20240703T0200,14.110246,11.879999,93.0,38.0,89.0,93.0,0.0
20240703T0300,14.070246,10.799999,88.0,0.0,88.0,84.0,0.0
20240703T0400,14.020246,9.36,74.0,0.0,74.0,72.0,1.0
20240703T0500,14.270246,10.799999,72.0,11.0,72.0,72.0,27.0
20240703T0600,14.980246,15.84,68.0,82.0,68.0,67.0,113.0
20240703T0700,15.640245,15.84,68.0,95.0,68.0,45.0,215.0
20240703T0800,16.250246,17.64,55.0,99.0,55.0,33.0,318.0
20240703T0900,16.920246,20.519999,48.0,99.0,48.0,30.0,366.0
20240703T1000,17.520245,24.48,83.0,100.0,83.0,27.0,445.0
20240703T1100,17.630245,28.44,98.0,98.0,98.0,20.0,503.0
20240703T1200,17.610245,33.12,100.0,100.0,100.0,39.0,528.0
20240703T1300,16.320246,33.12,100.0,55.0,100.0,46.0,200.0
20240703T1400,16.210245,26.64,97.0,0.0,97.0,52.0,86.0
20240703T1500,16.300245,25.56,85.0,0.0,85.0,25.0,63.0
20240703T1600,16.270247,28.08,72.0,0.0,72.0,25.0,76.0
20240703T1700,16.360247,26.64,57.0,0.0,57.0,35.0,96.0
20240703T1800,15.870245,27.359999,62.0,0.0,62.0,39.0,69.0
20240703T1900,15.420245,23.759998,61.0,0.0,61.0,26.0,45.0
20240703T2000,14.780245,11.5199995,45.0,0.0,45.0,27.0,3.0
20240703T2100,14.530245,10.440001,45.0,2.0,45.0,29.0,0.0
20240703T2200,14.000245,11.879999,47.0,8.0,47.0,23.0,0.0
20240703T2300,13.770246,13.679999,35.0,0.0,35.0,22.0,0.0
20240704T0000,13.570246,14.04,32.0,0.0,32.0,18.0,0.0
20240704T0100,13.480246,14.759999,48.0,0.0,48.0,39.0,0.0
20240704T0200,13.300245,15.4800005,75.0,0.0,70.0,75.0,0.0
20240704T0300,13.480246,16.56,79.0,0.0,67.0,79.0,0.0
20240704T0400,14.010245,18.72,65.0,0.0,65.0,65.0,1.0
20240704T0500,14.860246,21.599998,51.0,0.0,51.0,25.0,20.0
20240704T0600,16.090246,25.919998,46.0,0.0,46.0,45.0,94.0
20240704T0700,17.100245,35.28,44.0,0.0,44.0,33.0,245.0
20240704T0800,17.940245,38.88,62.0,0.0,62.0,47.0,295.0
20240704T0900,18.220245,41.399998,66.0,0.0,64.0,66.0,298.0
20240704T1000,19.360245,49.68,68.0,0.0,68.0,16.0,335.0
20240704T1100,19.740246,47.16,58.0,0.0,58.0,32.0,144.0
20240704T1200,20.080246,37.44,44.0,0.0,44.0,22.0,187.0
20240704T1300,20.650246,43.199997,52.0,0.0,52.0,28.0,354.0
20240704T1400,21.230246,45.36,58.0,0.0,58.0,44.0,550.0
20240704T1500,21.410246,44.28,52.0,0.0,52.0,14.0,500.0
20240704T1600,20.870245,40.68,50.0,0.0,50.0,25.0,388.0
20240704T1700,20.480246,40.32,46.0,0.0,46.0,31.0,263.0
20240704T1800,19.900246,32.399998,39.0,0.0,39.0,29.0,145.0
20240704T1900,18.940245,24.84,50.0,0.0,46.0,50.0,60.0
20240704T2000,17.640245,18.359999,69.0,0.0,26.0,69.0,3.0
20240704T2100,16.420246,14.4,62.0,0.0,19.0,62.0,0.0
20240704T2200,15.250245,13.679999,47.0,0.0,17.0,47.0,0.0
20240704T2300,14.850245,13.679999,27.0,0.0,17.0,27.0,0.0
20240705T0000,14.370245,14.04,28.0,2.0,17.0,28.0,0.0
20240705T0100,13.780245,14.4,37.0,57.0,14.0,37.0,0.0
20240705T0200,13.160245,14.4,31.0,86.0,10.0,31.0,0.0
20240705T0300,13.080245,14.04,34.0,67.0,5.0,34.0,0.0
20240705T0400,12.890245,13.32,28.0,84.0,4.0,28.0,2.0
20240705T0500,14.380245,12.959999,27.900002,93.0,1.0,16.0,59.0
20240705T0600,16.880245,15.119999,28.800001,96.0,0.0,15.0,171.0
20240705T0700,18.770245,16.919998,28.2,94.0,0.0,3.0,338.0
20240705T0800,20.300245,17.64,27.6,92.0,0.0,1.0,500.0
20240705T0900,21.350245,18.0,27.000002,90.0,0.0,2.0,625.0
20240705T1000,22.340246,18.0,29.1,97.0,0.0,0.0,747.0
20240705T1100,23.020245,18.0,30.000002,100.0,0.0,0.0,773.0
20240705T1200,23.760244,17.28,29.1,97.0,0.0,0.0,758.0
20240705T1300,24.410246,16.919998,28.500002,95.0,0.0,0.0,672.0
20240705T1400,24.640245,15.84,29.400002,98.0,0.0,0.0,632.0
20240705T1500,24.840246,14.04,29.1,97.0,0.0,0.0,593.0
20240705T1600,24.750246,12.599999,27.6,92.0,0.0,0.0,474.0
20240705T1700,24.320246,11.159999,28.800001,96.0,0.0,0.0,315.0
20240705T1800,23.090246,10.440001,29.1,97.0,0.0,0.0,176.0
20240705T1900,20.450245,9.36,29.7,99.0,0.0,0.0,61.0
20240705T2000,18.550245,10.799999,29.400002,98.0,0.0,0.0,4.0
20240705T2100,17.250246,10.799999,29.1,97.0,0.0,0.0,0.0
20240705T2200,16.360247,11.879999,25.800001,86.0,0.0,0.0,0.0
20240705T2300,16.000246,13.32,25.500002,85.0,0.0,0.0,0.0
20240706T0000,15.430245,15.119999,17.400002,58.0,3.0,2.0,0.0
20240706T0100,15.050245,16.199999,8.400001,28.0,8.0,7.0,0.0
20240706T0200,14.860246,16.919998,17.0,0.0,17.0,6.0,0.0
20240706T0300,14.950245,18.0,9.0,22.0,9.0,3.0,0.0
20240706T0400,15.180245,19.08,26.7,89.0,1.0,1.0,2.0
20240706T0500,16.860245,20.519999,30.000002,100.0,8.0,0.0,61.0
20240706T0600,19.380245,21.96,29.400002,98.0,21.0,0.0,188.0
20240706T0700,21.880245,22.319998,41.0,100.0,41.0,0.0,268.0
20240706T0800,22.680244,25.199999,60.0,100.0,60.0,0.0,376.0
20240706T0900,22.050245,29.519999,78.0,100.0,78.0,0.0,431.0
20240706T1000,21.170246,32.399998,63.0,94.0,63.0,10.0,435.0
20240706T1100,20.360245,33.48,82.0,85.0,82.0,2.0,407.0
20240706T1200,20.100245,32.760002,95.0,84.0,95.0,56.0,263.0
20240706T1300,19.720245,39.239998,95.0,82.0,95.0,30.0,177.0
20240706T1400,19.560246,38.16,80.0,68.0,80.0,45.0,164.0
20240706T1500,18.760244,39.6,75.0,55.0,75.0,66.0,133.0
20240706T1600,17.680244,31.319998,87.0,65.0,87.0,49.0,97.0
20240706T1700,17.280245,27.359999,98.0,92.0,98.0,15.0,77.0
20240706T1800,17.030245,22.68,100.0,99.0,100.0,8.0,72.0
20240706T1900,16.470245,21.599998,94.0,85.0,94.0,0.0,8.0
20240706T2000,15.920245,15.84,85.0,57.0,85.0,24.0,2.0
20240706T2100,15.820246,15.84,94.0,66.0,94.0,45.0,0.0
20240706T2200,15.520246,15.84,51.0,79.0,51.0,6.0,0.0
20240706T2300,15.000245,15.119999,67.0,29.0,67.0,9.0,0.0
20240707T0000,14.450245,13.679999,57.0,1.0,57.0,14.0,0.0
20240707T0100,14.230246,11.159999,37.0,24.0,37.0,15.0,0.0
20240707T0200,13.930245,9.36,42.0,88.0,42.0,25.0,0.0
20240707T0300,13.430245,8.64,61.0,97.0,61.0,24.0,0.0
20240707T0400,13.340245,8.64,52.0,94.0,52.0,27.0,1.0
20240707T0500,13.480246,8.28,54.0,96.0,54.0,37.0,31.0
20240707T0600,14.390245,9.72,72.0,98.0,72.0,30.0,100.0
20240707T0700,15.480246,11.5199995,74.0,92.0,74.0,20.0,146.0
20240707T0800,17.030245,11.5199995,70.0,84.0,70.0,21.0,250.0
20240707T0900,18.210245,12.599999,74.0,43.0,74.0,35.0,455.0
20240707T1000,18.840246,12.959999,70.0,0.0,70.0,60.0,529.0
20240707T1100,19.630245,13.32,59.0,0.0,59.0,43.0,658.0
20240707T1200,20.100245,13.679999,58.0,68.0,58.0,35.0,605.0
20240707T1300,20.740246,13.679999,47.0,68.0,47.0,39.0,673.0
20240707T1400,21.310246,14.04,36.0,54.0,36.0,25.0,566.0
20240707T1500,21.490246,15.4800005,45.0,18.0,45.0,17.0,479.0
20240707T1600,21.680244,15.119999,21.0,13.0,21.0,6.0,353.0
20240707T1700,21.300245,14.04,18.0,0.0,18.0,0.0,205.0
20240707T1800,20.380245,12.959999,15.0,0.0,15.0,5.0,188.0
20240707T1900,18.300245,10.440001,16.0,52.0,16.0,1.0,61.0
20240707T2000,17.160246,9.0,29.400002,98.0,12.0,3.0,4.0
20240707T2100,16.040245,9.0,25.500002,85.0,13.0,5.0,0.0
20240707T2200,13.630245,9.36,17.7,59.0,1.0,1.0,0.0
20240707T2300,12.330245,10.440001,18.300001,61.0,3.0,0.0,0.0
20240708T0000,11.800245,10.440001,13.200001,44.0,5.0,0.0,0.0
20240708T0100,11.400246,10.440001,4.0,12.0,4.0,1.0,0.0
20240708T0200,11.080245,10.440001,4.0,0.0,0.0,4.0,0.0
20240708T0300,10.8102455,10.08,0.3,1.0,0.0,0.0,0.0
20240708T0400,10.740245,10.08,3.0,2.0,0.0,3.0,1.0
20240708T0500,12.650246,10.08,2.0,0.0,0.0,2.0,61.0
20240708T0600,15.350245,11.879999,1.0,0.0,0.0,1.0,200.0
20240708T0700,18.210245,9.72,2.0,3.0,0.0,2.0,348.0
20240708T0800,20.390245,12.24,6.0,11.0,0.0,6.0,509.0
20240708T0900,22.050245,14.759999,3.0,0.0,0.0,3.0,679.0
20240708T1000,23.330246,15.84,1.8000001,6.0,0.0,0.0,792.0
20240708T1100,24.380245,16.56,4.0,5.0,4.0,0.0,807.0
20240708T1200,25.440245,16.56,11.400001,38.0,1.0,0.0,806.0
20240708T1300,26.310246,16.56,4.5,15.0,1.0,0.0,815.0
20240708T1400,27.050245,16.199999,22.2,74.0,9.0,0.0,724.0
20240708T1500,27.380245,14.759999,26.400002,88.0,5.0,0.0,642.0
20240708T1600,27.410246,14.4,26.7,89.0,0.0,0.0,522.0
20240708T1700,27.130245,11.879999,20.7,69.0,0.0,0.0,375.0
20240708T1800,25.510244,10.799999,16.800001,56.0,0.0,0.0,213.0
20240708T1900,22.330246,9.0,6.9,23.0,0.0,0.0,75.0
20240708T2000,19.870245,10.08,1.5,5.0,0.0,0.0,4.0
20240708T2100,18.110245,11.159999,0.0,0.0,0.0,0.0,0.0
20240708T2200,16.980246,10.799999,0.3,1.0,0.0,0.0,0.0
20240708T2300,16.370245,11.159999,4.5,15.0,0.0,0.0,0.0
20240709T0000,16.100246,10.799999,18.300001,61.0,0.0,0.0,0.0
20240709T0100,15.840245,10.799999,12.3,41.0,0.0,0.0,0.0
20240709T0200,15.580245,11.5199995,8.1,27.0,0.0,0.0,0.0
20240709T0300,15.3102455,11.879999,1.2,4.0,0.0,0.0,0.0
20240709T0400,15.260245,11.879999,0.90000004,3.0,0.0,0.0,1.0
20240709T0500,16.790245,11.879999,0.3,1.0,0.0,0.0,58.0
20240709T0600,19.690245,12.599999,1.0,0.0,1.0,0.0,193.0
20240709T0700,22.320246,13.32,0.0,0.0,0.0,0.0,354.0
20240709T0800,24.700245,14.759999,1.0,0.0,1.0,0.0,514.0
20240709T0900,26.730246,17.28,4.5,15.0,3.0,0.0,664.0
20240709T1000,28.530245,19.44,15.000001,50.0,0.0,0.0,777.0
20240709T1100,29.760244,21.24,7.2000003,24.0,5.0,0.0,840.0
20240709T1200,30.880245,22.319998,23.0,2.0,23.0,0.0,882.0
20240709T1300,31.650246,21.96,24.0,0.0,24.0,0.0,767.0
20240709T1400,32.240246,20.880001,28.0,1.0,28.0,0.0,771.0
20240709T1500,32.520245,19.08,11.0,0.0,11.0,0.0,651.0
20240709T1600,32.380245,17.64,5.0,0.0,5.0,0.0,514.0
20240709T1700,31.690245,16.919998,11.400001,38.0,4.0,0.0,372.0
20240709T1800,29.440245,13.32,18.300001,61.0,17.0,0.0,197.0
20240709T1900,26.120245,14.04,20.0,54.0,20.0,0.0,57.0
20240709T2000,24.030245,11.879999,12.0,36.0,12.0,0.0,3.0
20240709T2100,23.460245,11.5199995,27.900002,93.0,7.0,1.0,0.0
20240709T2200,23.040245,11.159999,33.0,97.0,33.0,0.0,0.0
20240709T2300,22.740246,13.32,29.1,97.0,26.0,0.0,0.0
20240710T0000,22.110245,14.4,85.0,96.0,85.0,1.0,0.0
20240710T0100,21.710245,14.4,75.0,81.0,75.0,0.0,0.0
20240710T0200,21.490246,14.4,86.0,53.0,86.0,0.0,0.0
20240710T0300,20.840246,15.84,47.0,67.0,47.0,0.0,0.0
20240710T0400,20.300245,15.4800005,64.0,61.0,64.0,3.0,1.0
20240710T0500,20.510244,12.959999,72.0,90.0,72.0,2.0,35.0
20240710T0600,21.360245,14.759999,56.0,93.0,56.0,0.0,116.0
20240710T0700,21.430244,14.04,44.0,89.0,44.0,2.0,218.0
20240710T0800,20.900246,19.44,75.0,96.0,75.0,0.0,294.0
20240710T0900,21.090246,25.919998,95.0,93.0,95.0,3.0,332.0
20240710T1000,22.420246,27.0,79.0,70.0,79.0,0.0,252.0
20240710T1100,23.720245,18.72,65.0,69.0,65.0,9.0,374.0
20240710T1200,25.320246,21.96,65.0,21.0,65.0,7.0,711.0
20240710T1300,26.250246,22.68,34.0,24.0,34.0,7.0,728.0
20240710T1400,26.750246,21.96,47.0,44.0,47.0,7.0,727.0
20240710T1500,26.290245,21.599998,10.0,1.0,8.0,10.0,626.0
20240710T1600,25.440245,28.8,7.0,3.0,3.0,7.0,409.0
20240710T1700,24.120245,29.88,13.0,14.0,13.0,12.0,258.0
20240710T1800,23.860245,14.759999,19.0,19.0,19.0,17.0,154.0
20240710T1900,22.660246,13.679999,34.0,0.0,34.0,22.0,52.0
20240710T2000,22.500246,13.679999,32.0,19.0,32.0,18.0,2.0
20240710T2100,22.440245,11.159999,22.0,40.0,22.0,19.0,0.0
20240710T2200,21.100245,11.5199995,29.0,56.0,29.0,18.0,0.0
20240710T2300,20.370245,10.440001,33.0,45.0,31.0,33.0,0.0
20240711T0000,20.150246,11.5199995,31.0,44.0,31.0,19.0,0.0
20240711T0100,19.980246,14.759999,27.0,39.0,27.0,10.0,0.0
20240711T0200,19.720245,16.56,38.0,34.0,38.0,16.0,0.0
20240711T0300,19.530245,16.56,29.0,25.0,22.0,29.0,0.0
20240711T0400,19.460245,16.56,81.0,7.0,41.0,81.0,0.0
20240711T0500,19.750246,11.879999,96.0,2.0,43.0,96.0,22.0
20240711T0600,20.590246,18.359999,100.0,2.0,51.0,100.0,107.0
20240711T0700,21.580246,15.4800005,81.0,0.0,50.0,81.0,94.0
20240711T0800,22.930244,18.72,74.0,0.0,33.0,74.0,323.0
20240711T0900,24.210245,20.519999,49.0,0.0,19.0,49.0,465.0
20240711T1000,25.070246,19.08,27.0,0.0,27.0,14.0,617.0
20240711T1100,26.020245,17.64,18.0,0.0,18.0,7.0,726.0
20240711T1200,26.950245,15.4800005,18.0,3.0,18.0,6.0,730.0
20240711T1300,27.580246,15.4800005,29.0,16.0,29.0,20.0,574.0
20240711T1400,27.990246,16.199999,28.0,0.0,28.0,14.0,601.0
20240711T1500,27.720245,15.4800005,27.0,4.0,27.0,26.0,541.0
20240711T1600,27.360245,12.959999,23.0,24.0,23.0,17.0,407.0
20240711T1700,27.060246,9.72,31.0,43.0,31.0,17.0,326.0
20240711T1800,26.020245,7.92,15.0,44.0,15.0,11.0,162.0
20240711T1900,24.100245,8.28,14.0,46.0,11.0,14.0,49.0
20240711T2000,22.120245,6.8399997,15.3,51.0,12.0,15.0,2.0
20240711T2100,20.900246,9.36,27.0,70.0,27.0,27.0,0.0
20240711T2200,20.610245,8.64,41.0,99.0,41.0,17.0,0.0
20240711T2300,20.120245,7.5599995,30.000002,100.0,25.0,7.0,0.0
20240712T0000,20.240246,9.0,35.0,100.0,35.0,1.0,0.0
20240712T0100,20.030245,10.08,32.0,100.0,32.0,3.0,0.0
20240712T0200,19.910246,12.599999,30.000002,100.0,22.0,2.0,0.0
20240712T0300,19.710245,13.32,30.000002,100.0,6.0,1.0,0.0
20240712T0400,19.620245,13.679999,30.000002,100.0,0.0,0.0,0.0
20240712T0500,19.960245,16.199999,30.000002,100.0,0.0,1.0,22.0
20240712T0600,20.680244,17.28,30.000002,100.0,0.0,11.0,52.0
20240712T0700,21.770245,20.16,30.000002,100.0,2.0,30.0,153.0
20240712T0800,22.920246,21.599998,37.0,97.0,27.0,37.0,261.0
20240712T0900,23.520245,30.960001,25.0,78.0,13.0,25.0,349.0
20240712T1000,23.820246,33.839996,36.0,67.0,35.0,36.0,460.0
20240712T1100,23.840246,44.639996,53.0,84.0,42.0,53.0,536.0
20240712T1200,23.220245,45.719997,30.0,56.0,30.0,24.0,594.0
20240712T1300,23.240246,42.48,26.0,56.0,26.0,20.0,513.0
20240712T1400,21.980246,34.92,42.0,76.0,42.0,21.0,382.0
20240712T1500,20.930244,29.88,29.1,97.0,28.0,23.0,422.0
20240712T1600,20.960245,30.599998,29.1,97.0,27.0,20.0,347.0
20240712T1700,20.380245,26.28,76.0,81.0,76.0,17.0,149.0
20240712T1800,19.930244,27.72,60.0,69.0,60.0,12.0,98.0
20240712T1900,19.040245,27.359999,29.0,62.0,22.0,29.0,38.0
20240712T2000,18.510244,26.64,25.0,52.0,24.0,25.0,2.0
20240712T2100,17.710245,22.319998,32.0,15.0,17.0,32.0,0.0
20240712T2200,17.120245,18.72,20.0,0.0,8.0,20.0,0.0
20240712T2300,16.740246,16.199999,21.0,0.0,21.0,18.0,0.0
20240713T0000,16.530245,15.4800005,24.0,0.0,24.0,18.0,0.0
20240713T0100,16.300245,15.84,38.0,0.0,36.0,38.0,0.0
20240713T0200,15.970245,17.64,65.0,1.0,33.0,65.0,0.0
20240713T0300,15.470245,17.28,40.0,23.0,27.0,40.0,0.0
20240713T0400,15.3102455,14.04,32.0,27.0,32.0,21.0,0.0
20240713T0500,15.480246,15.84,50.0,1.0,50.0,13.0,22.0
20240713T0600,16.490246,20.519999,62.0,0.0,62.0,20.0,98.0
20240713T0700,17.640245,16.56,62.0,0.0,62.0,18.0,170.0
20240713T0800,18.640245,18.72,52.0,0.0,52.0,20.0,293.0
20240713T0900,19.560246,18.359999,49.0,10.0,49.0,22.0,380.0
20240713T1000,20.310246,18.0,48.0,76.0,48.0,34.0,481.0
20240713T1100,21.220245,17.64,40.0,87.0,40.0,36.0,659.0
20240713T1200,21.760244,17.28,35.0,92.0,35.0,11.0,623.0
20240713T1300,22.280245,17.64,42.0,85.0,42.0,22.0,517.0
20240713T1400,22.580246,18.0,38.0,65.0,38.0,22.0,520.0
20240713T1500,23.060246,18.0,39.0,41.0,39.0,14.0,580.0
20240713T1600,22.950245,17.28,31.0,2.0,31.0,6.0,384.0
20240713T1700,22.310246,15.84,29.0,0.0,29.0,18.0,256.0
20240713T1800,21.520245,12.24,21.0,0.0,21.0,12.0,185.0
20240713T1900,19.410246,8.28,17.0,0.0,17.0,9.0,64.0
20240713T2000,17.860245,9.72,11.0,0.0,11.0,8.0,3.0
20240713T2100,16.320246,9.72,6.0,0.0,4.0,6.0,0.0
20240713T2200,15.150246,9.0,1.0,0.0,0.0,1.0,0.0
20240713T2300,14.510245,7.92,6.0,0.0,5.0,6.0,0.0
20240714T0000,14.350245,6.4799995,3.0,0.0,3.0,3.0,0.0
20240714T0100,13.370245,6.4799995,4.0,0.0,4.0,4.0,0.0
20240714T0200,13.370245,6.4799995,10.0,0.0,10.0,8.0,0.0
20240714T0300,13.150246,6.12,6.0,0.0,6.0,4.0,0.0
20240714T0400,12.050245,6.4799995,3.6000001,12.0,3.0,2.0,0.0
20240714T0500,13.430245,7.5599995,18.0,4.0,2.0,18.0,53.0
20240714T0600,15.920245,9.36,2.0,0.0,1.0,2.0,187.0
20240714T0700,18.490246,11.5199995,4.5,15.0,0.0,0.0,358.0
20240714T0800,20.590246,12.24,10.200001,34.0,0.0,0.0,519.0
20240714T0900,22.190245,12.599999,8.1,27.0,0.0,0.0,676.0
20240714T1000,23.440245,14.759999,6.3,21.0,0.0,2.0,795.0
20240714T1100,24.520245,16.919998,17.0,20.0,0.0,17.0,859.0
20240714T1200,25.240246,16.919998,29.400002,98.0,3.0,6.0,886.0
20240714T1300,24.920246,16.56,33.0,100.0,33.0,0.0,832.0
20240714T1400,24.810246,16.919998,81.0,99.0,81.0,0.0,765.0
20240714T1500,24.550245,17.28,98.0,98.0,98.0,0.0,541.0
20240714T1600,23.910246,16.199999,80.0,56.0,80.0,0.0,205.0
20240714T1700,22.790245,11.879999,74.0,46.0,74.0,0.0,192.0
20240714T1800,21.970245,10.440001,69.0,52.0,69.0,0.0,103.0
20240714T1900,20.900246,7.92,76.0,65.0,76.0,0.0,35.0
20240714T2000,19.580246,7.92,63.0,61.0,63.0,0.0,2.0
20240714T2100,18.520245,7.92,29.0,55.0,29.0,0.0,0.0
20240714T2200,16.540245,8.28,75.0,69.0,75.0,0.0,0.0
20240714T2300,16.160246,8.64,53.0,74.0,53.0,0.0,0.0
20240715T0000,15.170245,9.0,24.0,80.0,21.0,5.0,0.0
20240715T0100,14.840245,9.0,25.500002,85.0,11.0,6.0,0.0
20240715T0200,14.780245,8.64,27.300001,91.0,3.0,1.0,0.0
20240715T0300,14.5602455,8.64,28.2,94.0,1.0,2.0,0.0
20240715T0400,14.500245,8.64,29.1,97.0,0.0,1.0,0.0
20240715T0500,15.740245,9.0,25.500002,85.0,1.0,0.0,42.0
20240715T0600,17.610245,10.799999,14.400001,48.0,2.0,0.0,141.0
20240715T0700,20.160246,11.159999,6.0,19.0,6.0,0.0,298.0
20240715T0800,22.720245,12.959999,3.0,5.0,3.0,0.0,497.0
20240715T0900,24.810246,15.4800005,3.0,2.0,3.0,0.0,641.0
20240715T1000,26.540245,18.72,6.0,0.0,6.0,0.0,768.0
20240715T1100,27.850245,20.880001,6.0,12.0,6.0,0.0,843.0
20240715T1200,29.080246,21.96,16.0,40.0,16.0,0.0,843.0
20240715T1300,29.650246,21.24,26.0,40.0,26.0,0.0,768.0
20240715T1400,29.500246,20.519999,45.0,36.0,45.0,0.0,572.0
20240715T1500,28.770245,17.64,57.0,68.0,57.0,0.0,495.0
20240715T1600,27.530245,15.84,46.0,94.0,46.0,0.0,429.0
20240715T1700,26.840246,13.32,29.400002,98.0,25.0,2.0,283.0
20240715T1800,24.910246,11.159999,30.000002,100.0,25.0,10.0,131.0
20240715T1900,21.670246,35.64,95.0,99.0,95.0,0.0,12.0
20240715T2000,20.030245,20.880001,30.0,67.0,30.0,1.0,0.0
20240715T2100,19.700245,18.72,25.500002,85.0,16.0,6.0,0.0
20240715T2200,19.420246,19.44,70.0,96.0,43.0,70.0,0.0
20240715T2300,19.760244,23.039999,61.0,92.0,37.0,61.0,0.0
20240716T0000,19.950245,25.919998,58.0,90.0,33.0,58.0,0.0
20240716T0100,19.570246,25.199999,29.1,97.0,18.0,28.0,0.0
20240716T0200,19.230246,22.319998,27.6,92.0,13.0,13.0,0.0
20240716T0300,18.810246,20.519999,18.6,62.0,8.0,7.0,0.0
20240716T0400,18.310246,20.519999,21.0,16.0,8.0,21.0,0.0
20240716T0500,18.610245,23.039999,14.0,0.0,13.0,14.0,37.0
20240716T0600,19.220245,24.84,40.0,0.0,40.0,4.0,121.0
20240716T0700,19.780245,19.8,35.0,0.0,35.0,7.0,269.0
20240716T0800,20.270245,21.599998,25.0,0.0,25.0,17.0,262.0
20240716T0900,20.870245,23.759998,20.0,0.0,20.0,20.0,364.0
20240716T1000,21.690245,25.919998,52.0,1.0,52.0,29.0,513.0
20240716T1100,22.720245,33.12,36.0,0.0,34.0,36.0,687.0
20240716T1200,23.500246,37.44,32.0,16.0,31.0,32.0,777.0
20240716T1300,23.820246,37.44,26.0,24.0,26.0,21.0,687.0
20240716T1400,24.090246,37.8,29.0,5.0,16.0,29.0,663.0
20240716T1500,23.920246,37.44,12.0,22.0,12.0,7.0,593.0
20240716T1600,23.910246,35.64,10.0,7.0,10.0,9.0,455.0
20240716T1700,23.480246,32.039997,10.0,0.0,10.0,4.0,302.0
20240716T1800,22.700245,24.84,9.0,0.0,9.0,5.0,191.0
20240716T1900,20.640245,16.919998,5.0,0.0,4.0,5.0,60.0
20240716T2000,18.630245,13.679999,9.6,32.0,5.0,3.0,2.0
20240716T2100,17.680244,13.679999,29.400002,98.0,13.0,7.0,0.0
20240716T2200,16.780245,12.599999,14.0,1.0,14.0,10.0,0.0
20240716T2300,15.940246,11.879999,15.000001,50.0,11.0,8.0,0.0
20240717T0000,15.740245,11.159999,25.800001,86.0,20.0,5.0,0.0
20240717T0100,15.510245,10.08,24.900002,83.0,18.0,5.0,0.0
20240717T0200,15.600245,8.64,26.0,63.0,26.0,4.0,0.0
20240717T0300,15.660245,8.28,50.0,67.0,50.0,5.0,0.0
20240717T0400,15.750245,7.92,26.0,17.0,26.0,4.0,0.0
20240717T0500,15.160245,7.5599995,7.0,1.0,7.0,7.0,41.0
20240717T0600,17.480246,8.64,8.0,0.0,4.0,8.0,180.0
20240717T0700,20.050245,9.36,7.0,0.0,7.0,6.0,290.0
20240717T0800,21.890245,11.879999,11.0,0.0,11.0,10.0,465.0
20240717T0900,23.030245,14.04,15.0,0.0,15.0,8.0,654.0
20240717T1000,23.780245,15.4800005,21.0,0.0,16.0,21.0,750.0
20240717T1100,24.400246,17.28,76.0,0.0,26.0,76.0,572.0
20240717T1200,24.850245,18.0,75.0,0.0,44.0,75.0,527.0
20240717T1300,25.410246,19.44,68.0,0.0,68.0,60.0,589.0
20240717T1400,25.520245,19.08,63.0,0.0,63.0,63.0,545.0
20240717T1500,25.700245,19.44,60.0,0.0,60.0,9.0,476.0
20240717T1600,25.590246,19.44,58.0,0.0,58.0,58.0,345.0
20240717T1700,25.010244,19.08,67.0,0.0,67.0,41.0,273.0
20240717T1800,23.610245,17.28,58.0,0.0,58.0,32.0,146.0
20240717T1900,21.220245,17.28,47.0,0.0,47.0,11.0,63.0
20240717T2000,19.270245,14.759999,19.0,0.0,19.0,9.0,2.0
20240717T2100,18.050245,14.759999,15.0,0.0,15.0,8.0,0.0
20240717T2200,16.730246,14.4,9.0,4.0,1.0,9.0,0.0
20240717T2300,16.150246,14.04,5.0,14.0,0.0,5.0,0.0
20240718T0000,15.600245,14.04,5.4,18.0,0.0,2.0,0.0
20240718T0100,15.120245,14.4,7.0,1.0,1.0,7.0,0.0
20240718T0200,14.440246,14.4,4.0,0.0,0.0,4.0,0.0
20240718T0300,14.120245,14.04,2.0,0.0,0.0,2.0,0.0
20240718T0400,14.260245,12.599999,2.4,8.0,0.0,0.0,0.0
20240718T0500,15.410245,11.159999,5.4,18.0,0.0,0.0,47.0
20240718T0600,17.970245,11.879999,18.6,62.0,0.0,0.0,178.0
20240718T0700,20.400246,13.679999,26.1,87.0,0.0,0.0,326.0
20240718T0800,22.450245,15.4800005,26.7,89.0,0.0,0.0,481.0
20240718T0900,24.070246,16.56,18.900002,63.0,0.0,0.0,614.0
20240718T1000,25.470245,18.359999,10.200001,34.0,0.0,0.0,754.0
20240718T1100,26.700245,20.16,9.6,32.0,0.0,0.0,850.0
20240718T1200,27.810246,20.16,4.8,16.0,0.0,0.0,860.0
20240718T1300,28.510244,18.359999,1.0,2.0,1.0,0.0,844.0
20240718T1400,28.800245,15.84,2.0,0.0,2.0,0.0,760.0
20240718T1500,28.840246,16.56,1.5,5.0,1.0,0.0,652.0
20240718T1600,28.570246,19.44,0.0,0.0,0.0,0.0,508.0
20240718T1700,27.650246,20.880001,0.0,0.0,0.0,0.0,372.0
20240718T1800,26.140245,19.44,0.0,0.0,0.0,0.0,193.0
20240718T1900,23.070246,14.759999,0.0,0.0,0.0,0.0,67.0
20240718T2000,20.730246,12.959999,1.0,0.0,0.0,1.0,2.0
20240718T2100,19.580246,12.959999,0.0,0.0,0.0,0.0,0.0
20240718T2200,20.050245,11.879999,6.6000004,22.0,0.0,2.0,0.0
20240718T2300,18.820246,9.36,4.8,16.0,0.0,1.0,0.0
20240719T0000,18.300245,7.92,1.5,5.0,0.0,0.0,0.0
20240719T0100,17.370245,7.5599995,0.0,0.0,0.0,0.0,0.0
20240719T0200,16.650246,7.92,0.0,0.0,0.0,0.0,0.0
20240719T0300,16.130245,8.64,0.0,0.0,0.0,0.0,0.0
20240719T0400,16.300245,8.28,2.0,0.0,2.0,0.0,0.0
20240719T0500,17.480246,8.64,6.0,18.0,6.0,0.0,43.0
20240719T0600,20.060246,10.799999,11.700001,39.0,2.0,0.0,171.0
20240719T0700,22.540245,9.72,6.0,20.0,4.0,0.0,320.0
20240719T0800,24.540245,10.440001,3.0,5.0,3.0,0.0,495.0
20240719T0900,26.310246,11.879999,2.0,3.0,2.0,0.0,645.0
20240719T1000,27.760244,12.599999,0.90000004,3.0,0.0,0.0,755.0
20240719T1100,28.710245,12.599999,0.3,1.0,0.0,0.0,763.0
20240719T1200,29.730246,14.04,0.0,0.0,0.0,0.0,822.0
20240719T1300,30.420246,18.72,3.0,0.0,3.0,1.0,796.0
20240719T1400,30.720245,18.72,1.0,1.0,1.0,0.0,726.0
20240719T1500,30.920246,15.84,0.6,2.0,0.0,0.0,637.0
20240719T1600,30.990246,15.119999,5.0,4.0,5.0,1.0,447.0
20240719T1700,30.090246,12.599999,7.0,12.0,7.0,1.0,337.0
20240719T1800,28.310246,10.08,11.0,19.0,11.0,5.0,175.0
20240719T1900,25.650246,12.599999,7.0,23.0,7.0,1.0,64.0
20240719T2000,23.430244,11.5199995,2.0,4.0,2.0,1.0,2.0
20240719T2100,22.050245,10.08,0.6,2.0,0.0,0.0,0.0
20240719T2200,21.770245,6.12,18.0,7.0,18.0,0.0,0.0
20240719T2300,19.640245,6.12,8.0,3.0,8.0,3.0,0.0
20240720T0000,18.870245,7.92,5.0,5.0,5.0,2.0,0.0
20240720T0100,18.250246,8.28,3.0,0.0,3.0,0.0,0.0
20240720T0200,17.640245,8.64,7.0,0.0,7.0,0.0,0.0
20240720T0300,17.280245,9.0,2.0,0.0,2.0,0.0,0.0
20240720T0400,17.300245,9.0,1.0,0.0,1.0,0.0,0.0
20240720T0500,18.680244,9.72,1.0,0.0,1.0,0.0,42.0
20240720T0600,21.010244,11.5199995,1.0,0.0,1.0,0.0,169.0
20240720T0700,23.520245,11.5199995,7.0,0.0,7.0,0.0,328.0
20240720T0800,26.060246,12.599999,14.0,0.0,14.0,0.0,489.0
20240720T0900,27.860245,14.04,26.0,0.0,26.0,0.0,620.0
20240720T1000,29.160246,15.4800005,26.0,48.0,26.0,0.0,739.0
20240720T1100,29.820246,15.84,26.0,27.0,26.0,0.0,759.0
20240720T1200,30.620245,15.84,28.0,10.0,28.0,1.0,835.0
20240720T1300,30.920246,14.759999,17.0,18.0,17.0,1.0,841.0
20240720T1400,31.170246,14.04,12.6,42.0,9.0,0.0,629.0
20240720T1500,30.830246,11.879999,16.0,26.0,16.0,1.0,561.0
20240720T1600,30.620245,10.08,7.0,12.0,7.0,0.0,445.0
20240720T1700,30.510244,10.440001,8.0,13.0,8.0,0.0,317.0
20240720T1800,28.400246,9.72,7.0,23.0,7.0,0.0,168.0
20240720T1900,25.180244,10.08,8.1,27.0,6.0,1.0,57.0
20240720T2000,23.010244,11.879999,9.0,30.0,9.0,0.0,1.0
20240720T2100,22.180244,11.5199995,10.0,14.0,10.0,0.0,0.0
20240720T2200,21.340246,12.959999,16.0,18.0,16.0,0.0,0.0
20240720T2300,20.930244,13.32,38.0,46.0,38.0,0.0,0.0
20240721T0000,20.190245,12.599999,42.0,71.0,42.0,0.0,0.0
20240721T0100,20.080246,11.879999,54.0,58.0,54.0,0.0,0.0
20240721T0200,20.190245,13.32,34.0,72.0,34.0,0.0,0.0
20240721T0300,20.080246,12.959999,69.0,89.0,69.0,0.0,0.0
20240721T0400,20.140245,15.119999,57.0,97.0,57.0,0.0,0.0
20240721T0500,20.130245,17.28,77.0,100.0,77.0,0.0,24.0
20240721T0600,20.330246,18.72,76.0,100.0,76.0,0.0,98.0
20240721T0700,21.300245,13.32,80.0,100.0,80.0,0.0,95.0
20240721T0800,22.710245,14.04,75.0,100.0,75.0,0.0,186.0
20240721T0900,24.670246,15.4800005,53.0,99.0,53.0,2.0,338.0
20240721T1000,25.520245,14.4,31.0,100.0,31.0,2.0,383.0
20240721T1100,26.170246,16.56,27.300001,91.0,11.0,2.0,627.0
20240721T1200,26.460245,20.519999,16.2,54.0,11.0,5.0,653.0
20240721T1300,26.500246,21.599998,26.0,41.0,26.0,3.0,671.0
20240721T1400,25.980246,22.319998,16.0,42.0,16.0,3.0,501.0
20240721T1500,25.110245,24.48,44.0,42.0,44.0,1.0,320.0
20240721T1600,24.500246,23.039999,68.0,55.0,68.0,21.0,247.0
20240721T1700,24.500246,19.8,78.0,61.0,78.0,14.0,191.0
20240721T1800,24.060246,14.4,69.0,77.0,69.0,10.0,129.0
20240721T1900,22.650246,12.24,55.0,74.0,55.0,9.0,37.0
20240721T2000,21.070246,10.799999,39.0,16.0,39.0,8.0,1.0
20240721T2100,20.390245,11.879999,20.0,0.0,20.0,11.0,0.0
20240721T2200,19.370245,12.24,21.0,0.0,21.0,3.0,0.0
20240721T2300,19.370245,12.24,26.0,5.0,26.0,3.0,0.0
20240722T0000,19.370245,11.5199995,23.0,56.0,23.0,3.0,0.0
20240722T0100,19.300245,11.159999,21.0,70.0,16.0,8.0,0.0
20240722T0200,19.140245,12.24,25.0,47.0,25.0,25.0,0.0
20240722T0300,19.170246,12.959999,36.0,30.0,30.0,36.0,0.0
20240722T0400,19.270245,13.679999,60.0,8.0,60.0,49.0,0.0
20240722T0500,19.360245,13.32,64.0,2.0,64.0,29.0,11.0
20240722T0600,19.670246,13.32,61.0,1.0,61.0,30.0,31.0
20240722T0700,20.540245,19.44,47.0,0.0,47.0,40.0,208.0
20240722T0800,21.570246,18.72,40.0,1.0,40.0,30.0,144.0
20240722T0900,22.270245,19.08,32.0,0.0,25.0,32.0,325.0
20240722T1000,23.280245,18.359999,57.0,0.0,57.0,22.0,354.0
20240722T1100,24.120245,19.44,43.0,0.0,40.0,43.0,535.0
20240722T1200,24.730246,21.599998,42.0,0.0,23.0,42.0,523.0
20240722T1300,25.170246,24.119999,49.0,0.0,26.0,49.0,545.0
20240722T1400,25.510244,24.119999,38.0,0.0,11.0,38.0,480.0
20240722T1500,25.640245,24.119999,32.0,0.0,5.0,32.0,449.0
20240722T1600,25.700245,23.4,14.0,0.0,2.0,14.0,309.0
20240722T1700,25.090246,21.599998,16.0,0.0,2.0,16.0,323.0
20240722T1800,24.030245,18.72,22.0,0.0,6.0,22.0,185.0
20240722T1900,21.780245,15.84,16.0,0.0,4.0,16.0,49.0
20240722T2000,19.540245,12.959999,15.0,0.0,7.0,15.0,1.0
20240722T2100,18.340246,10.799999,15.0,0.0,3.0,15.0,0.0
20240722T2200,17.570246,10.799999,7.0,0.0,0.0,7.0,0.0
20240722T2300,17.180244,10.799999,10.0,1.0,2.0,10.0,0.0
20240723T0000,16.690245,10.799999,11.0,5.0,1.0,11.0,0.0
20240723T0100,16.260246,10.440001,14.0,9.0,0.0,14.0,0.0
20240723T0200,15.880245,10.08,17.0,16.0,1.0,17.0,0.0
20240723T0300,15.240245,10.08,24.0,21.0,2.0,24.0,0.0
20240723T0400,15.120245,10.08,25.0,8.0,3.0,25.0,0.0
20240723T0500,16.020247,10.08,29.0,4.0,4.0,29.0,29.0
20240723T0600,17.940245,12.599999,33.0,12.0,0.0,33.0,125.0
20240723T0700,19.690245,14.759999,39.0,37.0,3.0,39.0,283.0
20240723T0800,21.340246,19.44,38.0,30.0,5.0,38.0,445.0
20240723T0900,22.490246,21.599998,74.0,0.0,6.0,74.0,512.0
20240723T1000,23.360245,23.039999,74.0,0.0,23.0,74.0,554.0
20240723T1100,24.330246,25.919998,99.0,0.0,32.0,99.0,559.0
20240723T1200,24.980246,27.72,89.0,0.0,39.0,89.0,487.0
20240723T1300,25.420246,31.319998,89.0,0.0,72.0,89.0,496.0
20240723T1400,25.130245,31.319998,83.0,0.0,83.0,54.0,342.0
20240723T1500,25.110245,32.039997,54.0,1.0,54.0,26.0,368.0
20240723T1600,24.280245,33.48,65.0,0.0,65.0,5.0,321.0
20240723T1700,23.530245,31.319998,75.0,0.0,75.0,19.0,134.0
20240723T1800,22.790245,22.68,66.0,0.0,66.0,47.0,57.0
20240723T1900,21.760244,20.880001,68.0,0.0,64.0,68.0,33.0
20240723T2000,21.130245,20.16,62.0,0.0,62.0,43.0,0.0
20240723T2100,20.450245,18.359999,53.0,0.0,53.0,34.0,0.0
20240723T2200,19.900246,18.0,34.0,0.0,29.0,34.0,0.0
20240723T2300,19.480246,18.72,22.0,23.0,22.0,18.0,0.0
20240724T0000,19.030245,16.56,48.0,100.0,30.0,48.0,0.0
20240724T0100,18.460245,11.879999,80.0,100.0,80.0,76.0,0.0
20240724T0200,17.980246,9.72,74.0,100.0,73.0,74.0,0.0
20240724T0300,17.660246,8.64,67.0,96.0,66.0,67.0,0.0
20240724T0400,17.090246,9.0,63.0,67.0,50.0,63.0,0.0
20240724T0500,17.180244,9.36,65.0,30.0,35.0,65.0,22.0
20240724T0600,18.120245,10.440001,56.0,10.0,29.0,56.0,100.0
20240724T0700,19.470245,14.4,39.0,0.0,17.0,39.0,252.0
20240724T0800,20.420246,16.199999,45.0,0.0,14.0,45.0,416.0
20240724T0900,21.020245,18.359999,46.0,0.0,10.0,46.0,557.0
20240724T1000,21.680244,19.44,60.0,0.0,5.0,60.0,552.0
20240724T1100,22.350245,20.16,63.0,0.0,3.0,63.0,475.0
20240724T1200,22.890245,19.8,73.0,0.0,2.0,73.0,551.0
20240724T1300,23.440245,19.44,99.0,0.0,3.0,99.0,519.0
20240724T1400,23.870245,18.0,98.0,0.0,6.0,98.0,525.0
20240724T1500,23.900246,17.64,91.0,0.0,1.0,91.0,470.0
20240724T1600,23.740246,16.919998,83.0,0.0,0.0,83.0,339.0
20240724T1700,23.200245,16.199999,73.0,0.0,1.0,73.0,258.0
20240724T1800,21.890245,15.84,58.0,59.0,5.0,58.0,162.0
20240724T1900,19.980246,17.64,61.0,92.0,7.0,61.0,47.0
20240724T2000,18.290245,14.759999,46.0,92.0,17.0,46.0,0.0
20240724T2100,17.650246,12.959999,27.000002,90.0,13.0,24.0,0.0
20240724T2200,15.980246,12.24,29.400002,98.0,13.0,29.0,0.0
20240724T2300,15.670245,11.159999,29.7,99.0,7.0,19.0,0.0
20240725T0000,15.340245,10.440001,29.400002,98.0,7.0,7.0,0.0
20240725T0100,15.480246,10.08,29.1,97.0,5.0,8.0,0.0
20240725T0200,15.280245,9.36,26.1,87.0,5.0,15.0,0.0
20240725T0300,14.400246,10.440001,35.0,15.0,7.0,35.0,0.0
20240725T0400,14.5602455,10.440001,34.0,0.0,3.0,34.0,0.0
20240725T0500,14.380245,10.08,29.0,0.0,1.0,29.0,32.0
20240725T0600,16.800245,10.08,22.0,0.0,1.0,22.0,160.0
20240725T0700,19.000246,12.959999,17.0,0.0,2.0,17.0,324.0
20240725T0800,20.810246,14.04,14.0,2.0,0.0,14.0,481.0
20240725T0900,22.440245,15.84,41.0,0.0,2.0,41.0,617.0
20240725T1000,23.790245,17.28,31.0,1.0,0.0,31.0,750.0
20240725T1100,24.850245,18.0,35.0,0.0,0.0,35.0,810.0
20240725T1200,25.990246,17.64,18.900002,63.0,1.0,0.0,860.0
20240725T1300,26.610245,16.199999,27.900002,93.0,0.0,1.0,801.0
20240725T1400,26.900246,14.759999,25.800001,86.0,0.0,0.0,728.0
20240725T1500,27.040245,13.679999,24.0,80.0,0.0,0.0,602.0
20240725T1600,26.880245,13.679999,29.400002,98.0,0.0,0.0,454.0
20240725T1700,26.280245,14.4,29.1,97.0,0.0,0.0,290.0
20240725T1800,24.270245,14.04,27.900002,93.0,8.0,0.0,155.0
20240725T1900,20.760244,10.799999,29.1,97.0,1.0,0.0,49.0
20240725T2000,18.690245,10.799999,28.2,94.0,0.0,0.0,0.0
20240725T2100,18.170246,10.08,27.000002,90.0,0.0,0.0,0.0
20240725T2200,16.820246,9.0,28.2,94.0,16.0,1.0,0.0
20240725T2300,16.220245,8.28,27.6,92.0,26.0,4.0,0.0
20240726T0000,15.850245,7.2,40.0,15.0,40.0,3.0,0.0
20240726T0100,15.380245,7.2,43.0,25.0,43.0,0.0,0.0
20240726T0200,15.710245,7.5599995,45.0,70.0,45.0,0.0,0.0
20240726T0300,15.840245,6.8399997,34.0,92.0,34.0,0.0,0.0
20240726T0400,15.250245,6.8399997,26.0,76.0,26.0,0.0,0.0
20240726T0500,16.010246,8.28,19.0,42.0,19.0,0.0,25.0
20240726T0600,18.110245,10.799999,15.900001,53.0,5.0,1.0,117.0
20240726T0700,20.900246,9.72,26.7,89.0,1.0,2.0,274.0
20240726T0800,23.380245,11.5199995,24.6,82.0,0.0,1.0,408.0
20240726T0900,25.080246,12.959999,10.5,35.0,0.0,0.0,565.0
20240726T1000,26.390245,15.119999,8.1,27.0,0.0,0.0,712.0
20240726T1100,27.220245,16.919998,6.0,20.0,1.0,0.0,746.0
20240726T1200,27.700245,16.919998,6.6000004,22.0,4.0,0.0,743.0
20240726T1300,28.350245,16.56,13.0,17.0,1.0,13.0,688.0
20240726T1400,28.500246,16.56,27.0,0.0,27.0,27.0,720.0
20240726T1500,28.700245,15.119999,3.0,0.0,3.0,0.0,660.0
20240726T1600,28.250246,14.04,1.0,3.0,1.0,1.0,506.0
20240726T1700,27.370245,12.959999,4.0,7.0,3.0,4.0,317.0
20240726T1800,25.630245,11.879999,3.0,2.0,2.0,3.0,167.0
20240726T1900,23.170246,11.159999,4.0,4.0,4.0,1.0,52.0
20240726T2000,21.660246,11.5199995,5.0,0.0,5.0,2.0,0.0
20240726T2100,20.710245,11.159999,10.0,0.0,10.0,0.0,0.0
20240726T2200,19.380245,10.440001,46.0,33.0,46.0,0.0,0.0
20240726T2300,18.950245,9.72,37.0,19.0,37.0,0.0,0.0
20240727T0000,18.640245,9.0,28.0,55.0,28.0,2.0,0.0
20240727T0100,18.220245,7.92,33.0,84.0,33.0,0.0,0.0
20240727T0200,17.590246,7.92,76.0,96.0,76.0,0.0,0.0
20240727T0300,17.380245,8.28,55.0,86.0,55.0,0.0,0.0
20240727T0400,17.360245,9.0,33.0,61.0,33.0,0.0,0.0
20240727T0500,18.160246,10.799999,24.0,33.0,24.0,0.0,30.0
20240727T0600,19.620245,12.959999,19.0,39.0,19.0,0.0,150.0
20240727T0700,22.220245,10.08,38.0,61.0,38.0,0.0,288.0
20240727T0800,24.670246,10.08,45.0,55.0,45.0,0.0,370.0
20240727T0900,26.550245,12.599999,50.0,46.0,50.0,0.0,442.0
20240727T1000,27.640245,15.119999,43.0,80.0,43.0,0.0,699.0
20240727T1100,28.620245,14.759999,45.0,47.0,45.0,0.0,717.0
20240727T1200,28.710245,20.519999,65.0,70.0,65.0,0.0,788.0
20240727T1300,28.200245,32.399998,79.0,97.0,79.0,2.0,759.0
20240727T1400,27.310246,34.56,51.0,98.0,51.0,0.0,699.0
20240727T1500,25.250246,26.28,56.0,98.0,56.0,0.0,290.0
20240727T1600,24.890245,23.4,84.0,93.0,84.0,2.0,291.0
20240727T1700,24.450245,33.12,51.0,69.0,51.0,0.0,141.0
20240727T1800,23.830246,13.679999,52.0,37.0,52.0,0.0,68.0
20240727T1900,22.470245,14.759999,63.0,63.0,63.0,0.0,27.0
20240727T2000,21.970245,9.36,67.0,62.0,67.0,9.0,0.0
20240727T2100,21.480246,14.759999,64.0,38.0,64.0,12.0,0.0
20240727T2200,21.060246,15.84,62.0,64.0,47.0,62.0,0.0
20240727T2300,20.910246,18.0,99.0,58.0,87.0,99.0,0.0
20240728T0000,20.790245,24.119999,100.0,36.0,99.0,100.0,0.0
20240728T0100,20.230246,23.759998,96.0,7.0,96.0,75.0,0.0
20240728T0200,19.830246,19.08,92.0,0.0,92.0,35.0,0.0
20240728T0300,19.270245,19.44,93.0,0.0,93.0,19.0,0.0
20240728T0400,18.800245,19.08,81.0,0.0,81.0,18.0,0.0
20240728T0500,18.270245,14.04,54.0,0.0,54.0,22.0,9.0
20240728T0600,18.070246,18.72,63.0,0.0,63.0,16.0,76.0
20240728T0700,18.230246,20.16,48.0,0.0,48.0,30.0,145.0
20240728T0800,18.860245,24.119999,48.0,0.0,48.0,38.0,277.0
20240728T0900,19.920246,28.08,39.0,0.0,10.0,39.0,435.0
20240728T1000,20.890245,28.44,90.0,0.0,1.0,90.0,455.0
20240728T1100,21.990246,25.199999,94.0,0.0,1.0,94.0,605.0
20240728T1200,23.110245,23.039999,80.0,0.0,0.0,80.0,663.0
20240728T1300,24.080246,22.68,55.0,0.0,0.0,55.0,657.0
20240728T1400,24.560246,22.68,56.0,0.0,0.0,56.0,536.0
20240728T1500,24.900246,23.039999,1.0,0.0,0.0,1.0,563.0
20240728T1600,24.850245,23.039999,0.0,0.0,0.0,0.0,443.0
20240728T1700,24.060246,23.4,0.0,0.0,0.0,0.0,333.0
20240728T1800,22.520245,22.319998,0.0,0.0,0.0,0.0,176.0
20240728T1900,20.160246,17.64,0.0,0.0,0.0,0.0,51.0
20240728T2000,18.440245,15.84,0.0,0.0,0.0,0.0,0.0
20240728T2100,17.450245,15.119999,0.0,0.0,0.0,0.0,0.0
20240728T2200,16.610245,14.04,0.0,0.0,0.0,0.0,0.0
20240728T2300,16.220245,13.679999,1.0,0.0,0.0,1.0,0.0
20240729T0000,15.760245,13.32,1.0,0.0,0.0,1.0,0.0
20240729T0100,15.280245,13.32,5.0,0.0,0.0,5.0,0.0
20240729T0200,14.860246,12.959999,2.0,0.0,0.0,2.0,0.0
20240729T0300,14.440246,12.959999,2.0,0.0,0.0,2.0,0.0
20240729T0400,13.980246,11.879999,1.0,0.0,0.0,1.0,0.0
20240729T0500,15.250245,11.5199995,2.0,0.0,0.0,2.0,29.0
20240729T0600,17.790245,12.24,0.0,0.0,0.0,0.0,154.0
20240729T0700,20.050245,14.759999,0.0,0.0,0.0,0.0,314.0
20240729T0800,21.970245,16.919998,1.0,0.0,0.0,1.0,482.0
20240729T0900,23.640245,19.08,2.0,0.0,0.0,2.0,628.0
20240729T1000,25.200245,20.880001,2.0,0.0,0.0,2.0,753.0
20240729T1100,26.490246,22.319998,0.0,0.0,0.0,0.0,835.0
20240729T1200,27.640245,22.319998,0.0,0.0,0.0,0.0,866.0
20240729T1300,28.570246,21.24,0.0,0.0,0.0,0.0,846.0
20240729T1400,29.170246,19.08,0.0,0.0,0.0,0.0,769.0
20240729T1500,29.490246,17.64,0.0,0.0,0.0,0.0,666.0
20240729T1600,29.440245,15.119999,0.0,0.0,0.0,0.0,519.0
20240729T1700,28.720245,13.679999,0.0,0.0,0.0,0.0,352.0
20240729T1800,27.090246,11.5199995,0.0,0.0,0.0,0.0,184.0
20240729T1900,24.940245,11.5199995,0.0,0.0,0.0,0.0,48.0
20240729T2000,22.890245,10.440001,0.0,0.0,0.0,0.0,0.0
20240729T2100,20.350245,11.159999,0.0,0.0,0.0,0.0,0.0
20240729T2200,19.460245,11.5199995,0.0,0.0,0.0,0.0,0.0
20240729T2300,18.820246,12.959999,0.90000004,3.0,0.0,0.0,0.0
20240730T0000,18.510244,12.959999,3.9,13.0,0.0,0.0,0.0
20240730T0100,18.390245,12.959999,2.1000001,7.0,1.0,0.0,0.0
20240730T0200,18.010244,12.599999,4.0,1.0,4.0,0.0,0.0
20240730T0300,17.400246,11.879999,2.0,0.0,2.0,0.0,0.0
20240730T0400,16.900246,11.879999,1.0,1.0,1.0,0.0,0.0
20240730T0500,17.520245,10.799999,8.0,4.0,8.0,0.0,27.0
20240730T0600,19.640245,12.24,15.0,6.0,15.0,0.0,147.0
20240730T0700,22.360245,14.4,17.0,1.0,17.0,0.0,291.0
20240730T0800,24.630245,14.04,13.0,33.0,13.0,0.0,424.0
20240730T0900,26.700245,15.119999,22.2,74.0,19.0,0.0,606.0
20240730T1000,28.470245,15.4800005,29.0,96.0,29.0,0.0,702.0
20240730T1100,30.080246,15.84,20.0,46.0,20.0,0.0,778.0
20240730T1200,31.620245,15.119999,9.3,31.0,3.0,0.0,838.0
20240730T1300,32.84025,14.4,6.3,21.0,0.0,0.0,828.0
20240730T1400,33.710247,13.679999,7.5000005,25.0,0.0,0.0,765.0
20240730T1500,34.11025,11.159999,10.0,14.0,10.0,0.0,657.0
20240730T1600,33.660248,10.08,18.0,40.0,18.0,0.0,505.0
20240730T1700,32.130245,10.799999,21.0,1.0,21.0,0.0,343.0
20240730T1800,29.200245,10.440001,8.0,1.0,8.0,0.0,174.0
20240730T1900,25.400246,8.28,3.0,3.0,3.0,0.0,44.0
20240730T2000,23.710245,11.159999,12.0,40.0,11.0,0.0,0.0
20240730T2100,21.710245,11.159999,17.400002,58.0,8.0,0.0,0.0
20240730T2200,21.200245,10.440001,28.0,24.0,28.0,0.0,0.0
20240730T2300,21.140245,9.72,13.0,21.0,13.0,0.0,0.0
20240731T0000,20.600245,7.92,7.0,23.0,7.0,0.0,0.0
20240731T0100,19.750246,9.36,11.0,17.0,11.0,0.0,0.0
20240731T0200,19.380245,9.36,9.6,32.0,7.0,0.0,0.0
20240731T0300,19.290245,9.0,15.6,52.0,2.0,0.0,0.0
20240731T0400,18.960245,9.36,13.8,46.0,1.0,0.0,0.0
20240731T0500,19.720245,9.36,8.1,27.0,0.0,0.0,25.0
20240731T0600,22.030245,10.799999,2.0,3.0,2.0,0.0,143.0
20240731T0700,24.790245,14.759999,7.0,3.0,7.0,0.0,278.0
20240731T0800,27.220245,13.679999,11.0,0.0,11.0,0.0,400.0
20240731T0900,28.970245,16.919998,8.0,0.0,8.0,0.0,458.0
20240731T1000,29.850245,16.199999,30.000002,100.0,17.0,0.0,548.0
20240731T1100,30.480246,15.119999,29.7,99.0,2.0,0.0,687.0
20240731T1200,31.200245,12.599999,25.500002,85.0,3.0,0.0,806.0
20240731T1300,30.630245,15.119999,22.5,75.0,7.0,1.0,696.0
20240731T1400,30.240246,14.759999,30.000002,100.0,8.0,5.0,581.0
20240731T1500,29.460245,14.759999,29.400002,98.0,18.0,3.0,594.0
20240731T1600,28.470245,15.119999,26.400002,88.0,26.0,1.0,444.0
20240731T1700,27.040245,14.04,22.2,74.0,20.0,0.0,279.0
20240731T1800,24.880245,9.72,15.0,41.0,15.0,0.0,96.0
20240731T1900,24.380245,4.68,27.0,37.0,27.0,0.0,39.0
20240731T2000,22.630245,7.2,16.2,54.0,5.0,0.0,0.0
20240731T2100,21.690245,8.28,14.400001,48.0,3.0,0.0,0.0
20240731T2200,21.080246,7.92,83.0,41.0,1.0,83.0,0.0
20240731T2300,20.580246,8.28,70.0,64.0,0.0,70.0,0.0
20240801T0000,19.960245,10.08,79.0,77.0,1.0,79.0,0.0
20240801T0100,19.460245,10.08,77.0,99.0,9.0,77.0,0.0
20240801T0200,19.320246,9.72,74.0,100.0,22.0,74.0,0.0
20240801T0300,19.240246,10.799999,46.0,99.0,19.0,46.0,0.0
20240801T0400,19.380245,11.879999,48.0,91.0,48.0,35.0,0.0
20240801T0500,19.860245,14.759999,62.0,59.0,62.0,12.0,23.0
20240801T0600,20.470245,15.4800005,41.0,58.0,41.0,16.0,127.0
20240801T0700,21.890245,12.959999,76.0,59.0,64.0,76.0,112.0
20240801T0800,22.870245,19.8,61.0,58.0,61.0,61.0,247.0
20240801T0900,23.820246,29.88,31.0,49.0,22.0,31.0,393.0
20240801T1000,24.750246,30.239998,53.0,49.0,53.0,39.0,598.0
20240801T1100,25.720245,28.8,28.0,71.0,28.0,14.0,714.0
20240801T1200,26.540245,32.399998,27.0,89.0,27.0,11.0,659.0
20240801T1300,26.890245,33.48,27.300001,91.0,1.0,3.0,570.0
20240801T1400,26.350245,33.839996,18.900002,63.0,0.0,0.0,363.0
20240801T1500,26.610245,26.28,17.7,59.0,7.0,1.0,128.0
20240801T1600,26.170246,24.84,27.0,67.0,27.0,7.0,193.0
20240801T1700,25.690245,27.72,50.0,71.0,50.0,22.0,169.0
20240801T1800,24.470245,23.039999,34.0,41.0,34.0,23.0,90.0
20240801T1900,22.520245,15.119999,27.0,59.0,27.0,23.0,29.0
20240801T2000,21.460245,16.199999,27.000002,90.0,21.0,8.0,0.0
20240801T2100,20.950245,15.119999,27.300001,91.0,19.0,8.0,0.0
20240801T2200,20.430244,15.84,96.0,90.0,96.0,2.0,0.0
20240801T2300,19.790245,15.4800005,89.0,95.0,89.0,1.0,0.0
20240802T0000,19.410246,12.959999,55.0,88.0,55.0,0.0,0.0
20240802T0100,19.090246,15.84,58.0,19.0,58.0,9.0,0.0
20240802T0200,18.630245,16.199999,19.0,19.0,19.0,11.0,0.0
20240802T0300,18.460245,15.4800005,11.0,25.0,7.0,11.0,0.0
20240802T0400,17.890245,12.599999,6.0,0.0,2.0,6.0,0.0
20240802T0500,18.380245,10.08,3.0,0.0,1.0,3.0,15.0
20240802T0600,20.430244,13.32,4.0,0.0,1.0,4.0,97.0
20240802T0700,22.220245,10.799999,0.3,1.0,0.0,0.0,280.0
20240802T0800,23.780245,13.679999,4.0,3.0,1.0,4.0,462.0
20240802T0900,25.430244,15.4800005,9.0,0.0,6.0,9.0,618.0
20240802T1000,26.540245,18.0,20.0,13.0,20.0,12.0,673.0
20240802T1100,27.410246,20.880001,27.0,22.0,27.0,15.0,694.0
20240802T1200,27.850245,19.44,23.0,33.0,23.0,12.0,654.0
20240802T1300,27.810246,18.359999,16.0,31.0,16.0,4.0,726.0
20240802T1400,27.470245,17.64,12.0,17.0,12.0,3.0,617.0
20240802T1500,27.110245,16.919998,16.5,55.0,12.0,1.0,492.0
20240802T1600,26.780245,14.759999,27.900002,93.0,15.0,3.0,394.0
20240802T1700,24.450245,21.96,27.900002,93.0,9.0,2.0,175.0
20240802T1800,23.010244,18.72,20.1,67.0,16.0,0.0,118.0
20240802T1900,21.420246,20.880001,27.0,47.0,27.0,1.0,31.0
20240802T2000,20.180244,13.32,39.0,16.0,39.0,4.0,0.0
20240802T2100,19.380245,11.159999,34.0,9.0,34.0,5.0,0.0
20240802T2200,18.200245,11.879999,41.0,3.0,41.0,5.0,0.0
20240802T2300,18.020245,10.799999,37.0,0.0,37.0,13.0,0.0
20240803T0000,17.590246,10.440001,49.0,0.0,49.0,16.0,0.0
20240803T0100,17.480246,9.72,38.0,0.0,38.0,9.0,0.0
20240803T0200,17.240246,10.08,26.0,2.0,26.0,3.0,0.0
20240803T0300,17.430244,10.799999,28.0,2.0,28.0,6.0,0.0
20240803T0400,17.620245,12.24,34.0,4.0,34.0,3.0,0.0
20240803T0500,17.960245,13.679999,36.0,11.0,36.0,17.0,8.0
20240803T0600,19.120245,15.84,20.0,1.0,20.0,10.0,46.0
20240803T0700,20.650246,12.24,15.0,0.0,15.0,5.0,251.0
20240803T0800,22.380245,18.0,13.0,0.0,13.0,8.0,414.0
20240803T0900,23.520245,19.44,13.0,0.0,13.0,13.0,471.0
20240803T1000,24.680244,21.96,28.0,11.0,28.0,20.0,652.0
20240803T1100,25.260244,22.319998,47.0,11.0,47.0,15.0,659.0
20240803T1200,26.110245,23.039999,46.0,38.0,46.0,15.0,715.0
20240803T1300,26.380245,23.4,29.0,31.0,29.0,4.0,663.0
20240803T1400,26.740246,23.039999,26.0,3.0,26.0,6.0,602.0
20240803T1500,27.090246,23.4,24.0,0.0,24.0,2.0,569.0
20240803T1600,26.810246,22.68,26.0,6.0,26.0,5.0,452.0
20240803T1700,26.060246,22.319998,21.0,4.0,21.0,3.0,309.0
20240803T1800,24.260244,20.16,18.0,5.0,18.0,14.0,153.0
20240803T1900,22.040245,13.679999,19.0,41.0,17.0,19.0,29.0
20240803T2000,20.800245,11.879999,24.300001,81.0,14.0,14.0,0.0
20240803T2100,20.140245,12.24,14.0,46.0,14.0,13.0,0.0
20240803T2200,19.390245,13.679999,28.500002,95.0,16.0,7.0,0.0
20240803T2300,18.870245,13.679999,28.2,94.0,11.0,8.0,0.0
20240804T0000,18.220245,14.04,27.0,79.0,27.0,4.0,0.0
20240804T0100,17.770245,12.24,47.0,40.0,47.0,2.0,0.0
20240804T0200,17.070246,9.72,24.0,15.0,24.0,0.0,0.0
20240804T0300,16.680244,10.440001,11.0,0.0,11.0,1.0,0.0
20240804T0400,16.320246,10.440001,21.0,34.0,21.0,7.0,0.0
20240804T0500,16.640245,10.799999,16.0,39.0,16.0,13.0,17.0
20240804T0600,18.320246,11.879999,21.6,72.0,18.0,16.0,102.0
20240804T0700,20.050245,11.879999,29.7,99.0,15.0,24.0,217.0
20240804T0800,21.420246,14.4,31.0,91.0,23.0,31.0,374.0
20240804T0900,22.630245,16.199999,36.0,100.0,25.0,36.0,478.0
20240804T1000,23.460245,18.72,96.0,100.0,60.0,96.0,618.0
20240804T1100,24.430244,20.16,86.0,100.0,63.0,86.0,580.0
20240804T1200,24.780245,21.599998,99.0,100.0,67.0,99.0,597.0
20240804T1300,25.200245,24.119999,90.0,99.0,55.0,90.0,496.0
20240804T1400,25.230246,25.919998,65.0,92.0,56.0,65.0,439.0
20240804T1500,24.960245,25.919998,56.0,99.0,54.0,56.0,288.0
20240804T1600,24.530245,24.119999,73.0,100.0,73.0,51.0,214.0
20240804T1700,23.870245,20.16,86.0,100.0,86.0,36.0,142.0
20240804T1800,22.890245,14.759999,79.0,98.0,79.0,39.0,69.0
20240804T1900,21.830246,13.32,44.0,100.0,44.0,38.0,17.0
20240804T2000,21.470245,11.5199995,29.0,80.0,23.0,29.0,0.0
20240804T2100,20.610245,10.799999,32.0,30.0,19.0,32.0,0.0
20240804T2200,19.620245,7.5599995,21.0,29.0,12.0,21.0,0.0
20240804T2300,18.940245,6.4799995,21.0,69.0,1.0,21.0,0.0
20240805T0000,18.330246,6.12,25.2,84.0,3.0,17.0,0.0
20240805T0100,17.730246,5.3999996,24.300001,81.0,2.0,21.0,0.0
20240805T0200,17.260244,5.04,25.0,50.0,4.0,25.0,0.0
20240805T0300,17.020245,5.7599998,23.0,6.0,5.0,23.0,0.0
20240805T0400,16.580246,6.4799995,23.0,1.0,3.0,23.0,0.0
20240805T0500,16.760244,6.4799995,21.0,10.0,2.0,21.0,16.0
20240805T0600,18.270245,7.92,17.0,46.0,3.0,17.0,119.0
20240805T0700,20.570246,9.36,23.1,77.0,5.0,17.0,261.0
20240805T0800,22.440245,11.879999,27.6,92.0,0.0,18.0,407.0
20240805T0900,23.920246,14.04,42.0,91.0,0.0,42.0,561.0
20240805T1000,24.940245,14.4,19.0,56.0,1.0,19.0,617.0
20240805T1100,25.780245,15.119999,9.0,27.0,0.0,9.0,685.0
20240805T1200,26.600245,16.199999,12.0,40.0,0.0,2.0,778.0
20240805T1300,27.230246,17.28,9.0,30.0,0.0,0.0,823.0
20240805T1400,27.600245,18.0,8.400001,28.0,0.0,0.0,758.0
20240805T1500,27.650246,17.64,12.900001,43.0,0.0,0.0,641.0
20240805T1600,27.450245,18.0,4.5,15.0,0.0,0.0,494.0
20240805T1700,26.510244,19.08,1.5,5.0,0.0,0.0,327.0
20240805T1800,24.660246,18.72,0.6,2.0,0.0,0.0,161.0
20240805T1900,21.470245,14.759999,0.0,0.0,0.0,0.0,33.0
20240805T2000,19.530245,12.959999,0.3,1.0,0.0,0.0,0.0
20240805T2100,19.180244,12.959999,0.6,2.0,0.0,0.0,0.0
20240805T2200,18.360245,11.5199995,1.8000001,6.0,0.0,0.0,0.0
20240805T2300,18.110245,10.440001,8.700001,29.0,0.0,0.0,0.0
20240806T0000,17.630245,9.36,10.8,36.0,0.0,0.0,0.0
20240806T0100,17.380245,7.92,11.700001,39.0,0.0,0.0,0.0
20240806T0200,16.670246,7.2,9.6,32.0,0.0,0.0,0.0
20240806T0300,15.690246,7.2,5.4,18.0,0.0,0.0,0.0
20240806T0400,15.050245,8.28,6.3,21.0,0.0,0.0,0.0
20240806T0500,15.790245,8.64,0.0,0.0,0.0,0.0,18.0
20240806T0600,18.590246,9.36,0.0,0.0,0.0,0.0,132.0
20240806T0700,21.430244,10.440001,0.0,0.0,0.0,0.0,295.0
20240806T0800,23.630245,10.440001,0.0,0.0,0.0,0.0,463.0
20240806T0900,25.480246,11.5199995,0.3,1.0,0.0,0.0,614.0
20240806T1000,26.870245,12.599999,1.5,5.0,0.0,0.0,735.0
20240806T1100,28.080246,14.4,0.90000004,3.0,0.0,0.0,813.0
20240806T1200,29.050245,15.4800005,1.5,5.0,0.0,0.0,849.0
20240806T1300,29.760244,16.199999,2.7,9.0,0.0,0.0,821.0
20240806T1400,30.090246,16.199999,3.0,5.0,3.0,0.0,724.0
20240806T1500,30.290245,15.84,10.0,12.0,10.0,0.0,619.0
20240806T1600,30.110245,14.4,5.0,1.0,5.0,0.0,467.0
20240806T1700,29.350245,12.24,4.0,0.0,4.0,0.0,296.0
20240806T1800,27.100245,10.08,3.0,0.0,3.0,1.0,126.0
20240806T1900,25.810246,11.159999,3.0,0.0,2.0,3.0,28.0
20240806T2000,23.850245,10.440001,5.0,0.0,3.0,5.0,0.0
20240806T2100,22.830246,8.28,5.0,0.0,5.0,4.0,0.0
20240806T2200,20.540245,6.8399997,2.0,1.0,2.0,1.0,0.0
20240806T2300,19.300245,7.5599995,3.0,0.0,3.0,0.0,0.0
20240807T0000,18.370245,8.28,5.0,9.0,5.0,2.0,0.0
20240807T0100,18.000246,8.28,6.0,11.0,6.0,2.0,0.0
20240807T0200,17.640245,8.28,21.6,72.0,6.0,2.0,0.0
20240807T0300,17.820246,8.28,28.2,94.0,3.0,1.0,0.0
20240807T0400,17.950245,8.64,29.7,99.0,3.0,2.0,0.0
20240807T0500,19.030245,10.08,30.0,97.0,30.0,1.0,13.0
20240807T0600,19.410246,12.959999,73.0,100.0,73.0,0.0,57.0
20240807T0700,19.550245,11.159999,83.0,100.0,83.0,0.0,110.0
20240807T0800,19.950245,14.4,86.0,100.0,86.0,0.0,113.0
20240807T0900,20.170246,15.84,92.0,100.0,92.0,1.0,87.0
20240807T1000,21.150246,15.119999,30.000002,100.0,18.0,4.0,153.0
20240807T1100,23.360245,17.28,20.7,69.0,0.0,1.0,361.0
20240807T1200,24.840246,19.08,16.2,54.0,4.0,3.0,589.0
20240807T1300,25.610245,19.08,10.0,24.0,10.0,2.0,663.0
20240807T1400,26.500246,20.519999,16.0,12.0,16.0,1.0,721.0
20240807T1500,27.100245,20.16,18.0,6.0,18.0,2.0,573.0
20240807T1600,27.550245,18.359999,27.0,0.0,27.0,16.0,324.0
20240807T1700,27.590246,15.119999,17.0,0.0,17.0,5.0,238.0
20240807T1800,25.650246,13.32,19.0,0.0,19.0,7.0,101.0
20240807T1900,23.090246,9.72,18.0,0.0,18.0,10.0,23.0
20240807T2000,22.010244,10.08,12.0,0.0,12.0,10.0,0.0
20240807T2100,21.420246,9.0,15.0,0.0,12.0,15.0,0.0
20240807T2200,21.520245,11.5199995,35.0,2.0,35.0,12.0,0.0
20240807T2300,20.400246,12.959999,30.0,0.0,30.0,21.0,0.0
20240808T0000,20.180244,11.879999,40.0,58.0,40.0,38.0,0.0
20240808T0100,20.060246,11.159999,53.0,98.0,35.0,53.0,0.0
20240808T0200,19.490246,9.36,46.0,26.0,46.0,28.0,0.0
20240808T0300,19.410246,8.28,28.800001,96.0,24.0,28.0,0.0
20240808T0400,19.720245,7.2,29.1,97.0,28.0,27.0,0.0
20240808T0500,19.800245,7.2,62.0,98.0,62.0,28.0,4.0
20240808T0600,20.250246,7.5599995,86.0,97.0,86.0,31.0,14.0
20240808T0700,20.770245,11.159999,52.0,93.0,52.0,27.0,136.0
20240808T0800,21.680244,16.919998,33.0,48.0,33.0,30.0,311.0
20240808T0900,22.450245,20.16,31.0,2.0,18.0,31.0,420.0
20240808T1000,23.710245,19.44,33.0,0.0,8.0,33.0,521.0
20240808T1100,24.620245,16.919998,34.0,0.0,8.0,34.0,622.0
20240808T1200,25.370245,18.0,28.0,0.0,5.0,28.0,761.0
20240808T1300,25.750246,18.0,28.0,0.0,10.0,28.0,698.0
20240808T1400,26.250246,17.28,17.0,0.0,7.0,17.0,707.0
20240808T1500,26.340246,16.56,5.0,2.0,1.0,5.0,599.0
20240808T1600,26.180244,14.4,2.0,0.0,0.0,2.0,454.0
20240808T1700,25.600245,12.599999,1.0,0.0,0.0,1.0,315.0
20240808T1800,23.620245,10.799999,0.0,0.0,0.0,0.0,155.0
20240808T1900,21.970245,12.24,7.0,0.0,7.0,0.0,27.0
20240808T2000,20.280245,11.5199995,6.0,0.0,6.0,0.0,0.0
20240808T2100,18.340246,9.72,10.0,0.0,10.0,0.0,0.0
20240808T2200,17.090246,8.28,0.0,0.0,0.0,0.0,0.0
20240808T2300,15.830245,7.92,3.0,0.0,3.0,0.0,0.0
20240809T0000,15.170245,7.92,9.0,0.0,9.0,0.0,0.0
20240809T0100,15.030245,6.8399997,7.0,19.0,7.0,0.0,0.0
20240809T0200,14.340245,7.5599995,14.700001,49.0,4.0,1.0,0.0
20240809T0300,14.200245,7.92,9.6,32.0,1.0,0.0,0.0
20240809T0400,13.8102455,7.92,11.1,37.0,1.0,0.0,0.0
20240809T0500,14.820246,8.64,3.6000001,12.0,0.0,0.0,14.0
20240809T0600,17.630245,11.5199995,4.8,16.0,0.0,0.0,118.0
20240809T0700,20.680244,11.879999,5.4,18.0,0.0,0.0,273.0
20240809T0800,23.100245,14.4,12.0,40.0,0.0,0.0,444.0
20240809T0900,24.990246,16.56,29.400002,98.0,0.0,0.0,593.0
20240809T1000,26.130245,18.72,14.1,47.0,0.0,0.0,707.0
20240809T1100,27.100245,20.519999,5.4,18.0,2.0,0.0,786.0
20240809T1200,28.040245,22.68,22.5,75.0,1.0,1.0,834.0
20240809T1300,28.680244,23.759998,23.400002,78.0,0.0,1.0,799.0
20240809T1400,29.180244,24.84,23.400002,78.0,3.0,4.0,688.0
20240809T1500,29.210245,24.84,30.0,31.0,27.0,30.0,456.0
20240809T1600,28.930244,24.119999,16.0,0.0,14.0,16.0,413.0
20240809T1700,28.140245,22.319998,17.0,0.0,14.0,17.0,274.0
20240809T1800,26.370245,17.28,3.0,0.0,3.0,2.0,121.0
20240809T1900,23.200245,15.119999,2.0,0.0,0.0,2.0,23.0
20240809T2000,21.280245,13.679999,4.0,0.0,3.0,4.0,0.0
20240809T2100,20.380245,13.32,1.0,0.0,0.0,1.0,0.0
20240809T2200,19.890245,12.24,4.0,0.0,1.0,4.0,0.0
20240809T2300,19.470245,10.799999,6.0,0.0,0.0,6.0,0.0
20240810T0000,19.250246,9.36,8.0,0.0,1.0,8.0,0.0
20240810T0100,19.500246,8.28,7.0,0.0,1.0,7.0,0.0
20240810T0200,19.040245,7.5599995,18.0,0.0,1.0,18.0,0.0
20240810T0300,17.920246,6.4799995,13.0,0.0,3.0,13.0,0.0
20240810T0400,17.270245,6.8399997,13.0,0.0,2.0,13.0,0.0
20240810T0500,17.280245,7.2,11.0,0.0,1.0,11.0,13.0
20240810T0600,19.830246,8.28,10.0,0.0,1.0,10.0,114.0
20240810T0700,22.500246,10.440001,8.0,0.0,0.0,8.0,273.0
20240810T0800,24.760244,10.440001,3.0,0.0,0.0,3.0,412.0
20240810T0900,26.320246,12.24,1.0,0.0,0.0,1.0,578.0
20240810T1000,27.470245,14.04,2.0,0.0,0.0,2.0,723.0
20240810T1100,28.510244,15.119999,4.0,0.0,0.0,4.0,792.0
20240810T1200,29.230246,15.4800005,5.0,7.0,0.0,5.0,771.0
20240810T1300,29.780245,14.759999,9.0,30.0,0.0,0.0,696.0
20240810T1400,30.310246,15.119999,9.900001,33.0,0.0,0.0,701.0
20240810T1500,30.390245,15.4800005,0.0,0.0,0.0,0.0,614.0
20240810T1600,30.230246,15.4800005,0.0,0.0,0.0,0.0,474.0
20240810T1700,29.190245,15.4800005,0.0,0.0,0.0,0.0,305.0
20240810T1800,26.950245,14.4,0.0,0.0,0.0,0.0,143.0
20240810T1900,23.660246,15.4800005,0.0,0.0,0.0,0.0,23.0
20240810T2000,22.190245,13.32,0.0,0.0,0.0,0.0,0.0
20240810T2100,21.270245,12.959999,0.0,0.0,0.0,0.0,0.0
20240810T2200,20.400246,13.32,0.6,2.0,0.0,0.0,0.0
20240810T2300,19.720245,13.679999,0.0,0.0,0.0,0.0,0.0
20240811T0000,19.380245,13.32,0.0,0.0,0.0,0.0,0.0
20240811T0100,18.780245,11.879999,0.0,0.0,0.0,0.0,0.0
20240811T0200,18.170246,11.159999,0.0,0.0,0.0,0.0,0.0
20240811T0300,17.710245,11.5199995,0.3,1.0,0.0,0.0,0.0
20240811T0400,17.680244,11.159999,2.1000001,7.0,0.0,0.0,0.0
20240811T0500,17.710245,10.440001,12.6,42.0,0.0,0.0,12.0
20240811T0600,20.290245,11.159999,13.200001,44.0,0.0,0.0,117.0
20240811T0700,22.700245,14.04,12.900001,43.0,0.0,0.0,277.0
20240811T0800,24.720245,18.0,4.8,16.0,0.0,0.0,444.0
20240811T0900,26.530245,21.24,3.9,13.0,0.0,0.0,593.0
20240811T1000,28.400246,22.319998,2.1000001,7.0,0.0,0.0,712.0
20240811T1100,29.760244,22.319998,3.6000001,12.0,0.0,0.0,793.0
20240811T1200,31.010244,22.68,5.1000004,17.0,0.0,0.0,818.0
20240811T1300,31.860245,21.599998,15.000001,50.0,0.0,0.0,796.0
20240811T1400,32.370247,20.880001,16.2,54.0,1.0,0.0,726.0
20240811T1500,32.510246,19.8,21.6,72.0,6.0,0.0,608.0
20240811T1600,32.170246,19.08,27.000002,90.0,6.0,0.0,456.0
20240811T1700,31.030245,17.64,27.000002,90.0,0.0,0.0,282.0
20240811T1800,28.800245,14.4,24.6,82.0,0.0,0.0,115.0
20240811T1900,25.720245,14.04,19.800001,66.0,0.0,0.0,20.0
20240811T2000,25.240246,12.24,22.800001,76.0,0.0,0.0,0.0
20240811T2100,23.590246,11.159999,23.1,77.0,0.0,0.0,0.0
20240811T2200,22.150246,10.440001,17.1,57.0,0.0,0.0,0.0
20240811T2300,21.390245,10.08,13.8,46.0,10.0,0.0,0.0
20240812T0000,21.000246,9.72,35.0,49.0,35.0,0.0,0.0
20240812T0100,21.050245,10.08,27.6,92.0,27.0,0.0,0.0
20240812T0200,21.070246,10.08,29.7,99.0,15.0,0.0,0.0
20240812T0300,21.300245,9.72,33.0,99.0,33.0,0.0,0.0
20240812T0400,21.170246,9.0,51.0,99.0,51.0,0.0,0.0
20240812T0500,20.930244,8.64,40.0,98.0,40.0,0.0,10.0
20240812T0600,22.070246,11.159999,27.300001,91.0,17.0,0.0,112.0
20240812T0700,23.780245,14.04,22.5,75.0,10.0,0.0,253.0
20240812T0800,26.160246,14.759999,14.1,47.0,12.0,0.0,376.0
20240812T0900,28.440245,16.199999,10.0,30.0,10.0,0.0,566.0
20240812T1000,30.790245,15.119999,2.4,8.0,1.0,0.0,681.0
20240812T1100,32.160248,15.4800005,6.0,16.0,6.0,0.0,733.0
20240812T1200,33.45025,18.0,23.0,48.0,23.0,0.0,767.0
20240812T1300,33.500248,21.24,25.2,84.0,16.0,0.0,748.0
20240812T1400,34.260246,21.24,28.2,94.0,10.0,0.0,629.0
20240812T1500,34.04025,14.759999,29.1,97.0,1.0,0.0,495.0
20240812T1600,33.460247,11.879999,22.800001,76.0,3.0,0.0,376.0
20240812T1700,32.070248,10.440001,23.400002,78.0,4.0,0.0,242.0
20240812T1800,30.610245,6.12,20.7,69.0,4.0,0.0,112.0
20240812T1900,29.590246,6.12,18.900002,63.0,2.0,0.0,15.0
20240812T2000,27.270245,14.759999,16.2,54.0,2.0,0.0,0.0
20240812T2100,25.710245,20.880001,14.400001,48.0,5.0,0.0,0.0
20240812T2200,23.330246,17.28,27.900002,93.0,12.0,0.0,0.0
20240812T2300,22.130245,10.440001,29.400002,98.0,8.0,0.0,0.0
20240813T0000,21.760244,11.879999,29.7,99.0,0.0,0.0,0.0
20240813T0100,20.950245,11.159999,29.400002,98.0,0.0,0.0,0.0
20240813T0200,20.400246,10.440001,18.300001,61.0,0.0,0.0,0.0
20240813T0300,19.480246,10.799999,10.5,35.0,3.0,0.0,0.0
20240813T0400,19.010244,10.440001,13.500001,45.0,0.0,0.0,0.0
20240813T0500,18.970245,10.08,2.4,8.0,0.0,0.0,9.0
20240813T0600,20.500246,11.879999,0.0,0.0,0.0,0.0,104.0
20240813T0700,22.950245,12.24,0.0,0.0,0.0,0.0,271.0
20240813T0800,25.500246,14.04,3.0,10.0,0.0,0.0,425.0
20240813T0900,27.430244,15.119999,3.6000001,12.0,0.0,0.0,585.0
20240813T1000,29.160246,16.199999,4.0,13.0,4.0,0.0,708.0
20240813T1100,30.410246,16.199999,9.0,1.0,9.0,0.0,789.0
20240813T1200,31.590246,15.84,12.0,0.0,12.0,0.0,814.0
20240813T1300,32.560246,17.64,7.0,3.0,7.0,0.0,782.0
20240813T1400,32.740246,16.919998,6.0,14.0,6.0,0.0,703.0
20240813T1500,33.18025,12.24,5.0,14.0,5.0,0.0,572.0
20240813T1600,32.870247,11.879999,6.3,21.0,3.0,0.0,456.0
20240813T1700,32.010246,11.159999,8.400001,28.0,5.0,0.0,275.0
20240813T1800,28.620245,8.28,6.0,20.0,3.0,0.0,114.0
20240813T1900,26.290245,14.4,5.1000004,17.0,2.0,0.0,17.0
20240813T2000,25.500246,11.5199995,16.5,55.0,6.0,0.0,0.0
20240813T2100,23.790245,9.36,18.900002,63.0,6.0,0.0,0.0
20240813T2200,23.080246,8.28,13.200001,44.0,11.0,0.0,0.0
20240813T2300,22.130245,7.5599995,18.0,36.0,18.0,0.0,0.0
20240814T0000,21.830246,11.5199995,36.0,19.0,36.0,0.0,0.0
20240814T0100,20.820246,12.24,35.0,25.0,35.0,0.0,0.0
20240814T0200,20.340246,10.799999,22.0,36.0,22.0,0.0,0.0
20240814T0300,19.890245,10.799999,17.1,57.0,16.0,0.0,0.0
20240814T0400,19.460245,11.5199995,13.500001,45.0,7.0,0.0,0.0
20240814T0500,19.210245,11.879999,23.1,77.0,0.0,0.0,8.0
20240814T0600,20.960245,16.56,27.900002,93.0,0.0,2.0,80.0
20240814T0700,23.020245,11.879999,24.900002,83.0,3.0,11.0,197.0
20240814T0800,24.950245,13.32,32.0,24.0,4.0,32.0,366.0
20240814T0900,26.080246,15.84,56.0,29.0,4.0,56.0,529.0
20240814T1000,27.750246,24.119999,22.0,23.0,22.0,12.0,645.0
20240814T1100,28.600245,31.319998,18.0,27.0,18.0,9.0,675.0
20240814T1200,28.720245,33.839996,21.300001,71.0,10.0,0.0,726.0
20240814T1300,28.900246,34.2,31.0,89.0,31.0,0.0,723.0
20240814T1400,28.940245,34.92,20.7,69.0,11.0,4.0,624.0
20240814T1500,27.740246,34.56,19.0,46.0,11.0,19.0,451.0
20240814T1600,26.650246,27.359999,28.0,44.0,12.0,28.0,259.0
20240814T1700,26.210245,21.24,30.0,60.0,24.0,30.0,197.0
20240814T1800,24.880245,17.28,33.0,78.0,24.0,33.0,86.0
20240814T1900,22.820246,15.119999,28.2,94.0,25.0,26.0,12.0
20240814T2000,21.200245,10.440001,27.900002,93.0,20.0,16.0,0.0
20240814T2100,20.060246,9.0,29.1,97.0,18.0,27.0,0.0
20240814T2200,20.290245,8.64,39.0,74.0,39.0,3.0,0.0
20240814T2300,19.600245,8.64,31.0,74.0,31.0,7.0,0.0
20240815T0000,18.840246,11.159999,25.0,54.0,25.0,0.0,0.0
20240815T0100,18.310246,11.5199995,18.0,34.0,18.0,1.0,0.0
20240815T0200,18.150246,11.5199995,21.0,26.0,21.0,2.0,0.0
20240815T0300,17.880245,10.440001,15.0,25.0,15.0,2.0,0.0
20240815T0400,17.510244,11.5199995,15.0,18.0,15.0,2.0,0.0
20240815T0500,17.680244,11.879999,11.0,14.0,11.0,1.0,8.0
20240815T0600,19.100245,12.24,12.0,14.0,12.0,12.0,93.0
20240815T0700,20.970245,12.959999,6.0,4.0,6.0,6.0,239.0
20240815T0800,23.010244,15.4800005,2.7,9.0,2.0,2.0,413.0
20240815T0900,24.770245,18.359999,4.8,16.0,0.0,0.0,554.0
20240815T1000,26.380245,20.16,6.0,0.0,6.0,0.0,696.0
20240815T1100,27.590246,20.16,14.0,0.0,14.0,0.0,748.0
20240815T1200,28.360245,19.08,3.0,0.0,3.0,0.0,753.0
20240815T1300,29.080246,18.72,1.0,0.0,1.0,0.0,649.0
20240815T1400,29.540245,19.44,3.0,0.0,3.0,0.0,600.0
20240815T1500,29.580246,19.8,8.0,0.0,8.0,3.0,575.0
20240815T1600,29.260244,21.96,16.0,0.0,2.0,16.0,397.0
20240815T1700,28.310246,22.319998,31.0,0.0,6.0,31.0,267.0
20240815T1800,26.570246,20.519999,17.0,0.0,17.0,5.0,107.0
20240815T1900,23.870245,16.56,15.0,0.0,15.0,8.0,13.0
20240815T2000,22.060246,13.32,13.0,0.0,13.0,5.0,0.0
20240815T2100,20.660246,11.159999,17.0,0.0,15.0,17.0,0.0
20240815T2200,21.610245,10.440001,34.0,0.0,19.0,34.0,0.0
20240815T2300,20.900246,9.0,23.0,0.0,16.0,23.0,0.0
20240816T0000,19.970245,9.72,29.0,0.0,29.0,27.0,0.0
20240816T0100,19.290245,10.799999,39.0,2.0,39.0,14.0,0.0
20240816T0200,19.300245,10.799999,38.0,3.0,38.0,8.0,0.0
20240816T0300,19.200245,9.72,48.0,0.0,48.0,6.0,0.0
20240816T0400,19.100245,7.5599995,48.0,0.0,48.0,9.0,0.0
20240816T0500,18.880245,6.4799995,46.0,0.0,46.0,23.0,6.0
20240816T0600,20.300245,6.8399997,39.0,0.0,39.0,22.0,67.0
20240816T0700,22.820246,11.5199995,50.0,1.0,50.0,11.0,148.0
20240816T0800,24.820246,15.119999,45.0,0.0,45.0,16.0,268.0
20240816T0900,26.300245,16.919998,23.0,0.0,23.0,14.0,401.0
20240816T1000,27.170246,17.64,40.0,0.0,40.0,19.0,508.0
20240816T1100,28.020245,19.08,27.0,0.0,27.0,20.0,639.0
20240816T1200,28.670246,19.8,34.0,1.0,29.0,34.0,671.0
20240816T1300,29.460245,20.519999,22.0,0.0,22.0,4.0,658.0
20240816T1400,29.640245,21.24,30.0,0.0,30.0,0.0,637.0
20240816T1500,30.090246,19.8,20.0,0.0,20.0,2.0,508.0
20240816T1600,29.990246,18.72,11.0,3.0,11.0,0.0,329.0
20240816T1700,29.100245,16.199999,25.0,0.0,25.0,2.0,213.0
20240816T1800,27.140245,9.72,24.0,0.0,24.0,7.0,83.0
20240816T1900,24.880245,14.4,27.0,0.0,27.0,13.0,11.0
20240816T2000,23.710245,13.32,30.0,0.0,30.0,17.0,0.0
20240816T2100,22.430244,11.159999,32.0,0.0,32.0,22.0,0.0
20240816T2200,21.410246,11.159999,48.0,18.0,39.0,48.0,0.0
20240816T2300,20.560246,12.24,48.0,29.0,48.0,46.0,0.0
20240817T0000,20.090246,11.5199995,50.0,49.0,50.0,43.0,0.0
20240817T0100,19.300245,10.08,40.0,50.0,40.0,26.0,0.0
20240817T0200,19.120245,8.28,32.0,39.0,32.0,21.0,0.0
20240817T0300,18.450245,8.64,27.0,39.0,27.0,9.0,0.0
20240817T0400,18.460245,8.64,36.0,16.0,36.0,10.0,0.0
20240817T0500,18.080246,8.28,37.0,17.0,37.0,23.0,5.0
20240817T0600,19.530245,7.92,41.0,16.0,41.0,23.0,74.0
20240817T0700,21.560246,10.08,46.0,18.0,46.0,21.0,149.0
20240817T0800,23.690245,10.799999,50.0,33.0,50.0,38.0,256.0
20240817T0900,25.300245,13.679999,42.0,54.0,42.0,16.0,440.0
20240817T1000,26.380245,14.4,28.500002,95.0,22.0,8.0,582.0
20240817T1100,27.220245,14.759999,31.0,91.0,31.0,9.0,562.0
20240817T1200,28.020245,13.679999,33.0,80.0,33.0,5.0,428.0
20240817T1300,28.420246,14.04,39.0,90.0,39.0,8.0,416.0
20240817T1400,28.700245,15.84,38.0,92.0,38.0,10.0,565.0
20240817T1500,28.350245,15.4800005,31.0,95.0,31.0,10.0,460.0
20240817T1600,27.640245,14.759999,39.0,99.0,39.0,4.0,284.0
20240817T1700,26.360245,14.4,29.7,99.0,28.0,8.0,145.0
20240817T1800,24.880245,14.04,39.0,97.0,39.0,6.0,56.0
20240817T1900,23.310246,7.2,46.0,99.0,46.0,9.0,6.0
20240817T2000,22.320246,7.2,30.000002,100.0,24.0,5.0,0.0
20240817T2100,21.820246,8.28,47.0,98.0,47.0,6.0,0.0
20240817T2200,21.000246,9.0,40.0,100.0,40.0,21.0,0.0
20240817T2300,20.780245,9.36,57.0,100.0,57.0,24.0,0.0
20240818T0000,20.540245,7.5599995,94.0,99.0,94.0,14.0,0.0
20240818T0100,20.230246,5.3999996,99.0,100.0,99.0,10.0,0.0
20240818T0200,19.910246,6.4799995,100.0,100.0,100.0,6.0,0.0
20240818T0300,19.430244,8.64,100.0,100.0,100.0,6.0,0.0
20240818T0400,19.040245,11.879999,100.0,100.0,100.0,3.0,0.0
20240818T0500,18.730246,15.119999,100.0,100.0,100.0,6.0,1.0
20240818T0600,18.630245,16.919998,100.0,100.0,100.0,40.0,22.0
20240818T0700,19.060246,15.119999,98.0,100.0,98.0,80.0,47.0
20240818T0800,19.550245,18.0,99.0,100.0,99.0,86.0,74.0
20240818T0900,20.230246,18.72,100.0,100.0,100.0,88.0,68.0
20240818T1000,20.100245,19.8,73.0,99.0,73.0,70.0,123.0
20240818T1100,20.630245,20.880001,100.0,100.0,40.0,100.0,181.0
20240818T1200,20.910246,23.4,100.0,100.0,63.0,100.0,260.0
20240818T1300,21.080246,23.039999,94.0,100.0,88.0,94.0,197.0
20240818T1400,20.450245,21.96,99.0,100.0,96.0,99.0,105.0
20240818T1500,19.730246,23.759998,99.0,100.0,99.0,85.0,142.0
20240818T1600,19.210245,24.119999,99.0,100.0,99.0,64.0,49.0
20240818T1700,18.890245,19.44,100.0,99.0,100.0,34.0,46.0
20240818T1800,18.520245,16.199999,97.0,99.0,97.0,11.0,16.0
20240818T1900,18.240246,12.24,92.0,98.0,92.0,14.0,2.0
20240818T2000,18.070246,12.599999,93.0,99.0,93.0,20.0,0.0
20240818T2100,17.970245,13.32,80.0,100.0,80.0,17.0,0.0
20240818T2200,17.680244,12.959999,64.0,98.0,64.0,52.0,0.0
20240818T2300,17.310246,14.759999,66.0,95.0,51.0,66.0,0.0
20240819T0000,17.090246,11.159999,61.0,94.0,61.0,60.0,0.0
20240819T0100,16.970245,10.799999,67.0,96.0,67.0,58.0,0.0
20240819T0200,16.910246,10.08,70.0,95.0,70.0,44.0,0.0
20240819T0300,16.690245,9.0,67.0,85.0,67.0,51.0,0.0
20240819T0400,16.450245,9.36,80.0,53.0,80.0,54.0,0.0
20240819T0500,16.180246,10.08,71.0,68.0,71.0,58.0,3.0
20240819T0600,16.720245,14.4,54.0,70.0,54.0,53.0,57.0
20240819T0700,18.210245,17.64,41.0,38.0,41.0,36.0,165.0
20240819T0800,19.520245,19.8,27.0,56.0,22.0,27.0,341.0
20240819T0900,20.850245,23.039999,27.0,33.0,7.0,27.0,490.0
20240819T1000,21.710245,27.359999,54.0,58.0,32.0,54.0,654.0
20240819T1100,22.620245,29.519999,77.0,48.0,20.0,77.0,596.0
20240819T1200,23.070246,29.88,88.0,0.0,20.0,88.0,532.0
20240819T1300,23.620245,30.599998,87.0,0.0,24.0,87.0,465.0
20240819T1400,24.030245,30.239998,86.0,0.0,17.0,86.0,378.0
20240819T1500,24.200245,28.44,85.0,0.0,43.0,85.0,401.0
20240819T1600,23.920246,25.919998,89.0,0.0,42.0,89.0,229.0
20240819T1700,23.080246,22.68,89.0,0.0,0.0,89.0,156.0
20240819T1800,21.330246,19.08,65.0,0.0,0.0,65.0,98.0
20240819T1900,19.150246,14.04,52.0,0.0,7.0,52.0,8.0
20240819T2000,18.450245,12.599999,52.0,2.0,16.0,52.0,0.0
20240819T2100,17.780245,12.599999,14.0,6.0,2.0,14.0,0.0
20240819T2200,17.300245,12.24,9.0,1.0,0.0,9.0,0.0
20240819T2300,16.900246,11.5199995,12.0,0.0,0.0,12.0,0.0
20240820T0000,17.120245,9.36,24.0,0.0,0.0,24.0,0.0
20240820T0100,16.860245,7.92,30.0,0.0,0.0,30.0,0.0
20240820T0200,16.010246,7.92,30.0,0.0,0.0,30.0,0.0
20240820T0300,14.830245,9.72,18.0,0.0,2.0,18.0,0.0
20240820T0400,15.280245,9.36,15.0,0.0,1.0,15.0,0.0
20240820T0500,15.090245,7.92,11.0,1.0,0.0,11.0,4.0
20240820T0600,16.760244,8.28,28.0,2.0,0.0,28.0,86.0
20240820T0700,18.760244,9.36,29.0,5.0,0.0,29.0,228.0
20240820T0800,20.280245,10.440001,60.0,9.0,0.0,60.0,377.0
20240820T0900,21.660246,12.24,85.0,9.0,0.0,85.0,503.0
20240820T1000,22.920246,13.32,95.0,0.0,0.0,95.0,519.0
20240820T1100,23.990246,13.32,98.0,0.0,0.0,98.0,478.0
20240820T1200,24.790245,13.679999,100.0,0.0,0.0,100.0,391.0
20240820T1300,25.660246,15.84,100.0,0.0,0.0,100.0,374.0
20240820T1400,26.080246,16.919998,100.0,0.0,0.0,100.0,289.0
20240820T1500,26.460245,18.72,100.0,0.0,0.0,100.0,312.0
20240820T1600,26.250246,19.8,100.0,0.0,4.0,100.0,210.0
20240820T1700,25.390245,19.44,95.0,0.0,7.0,95.0,120.0
20240820T1800,23.650246,16.919998,85.0,0.0,8.0,85.0,39.0
20240820T1900,21.260244,11.5199995,81.0,0.0,17.0,81.0,5.0
20240820T2000,20.490246,13.679999,54.0,0.0,22.0,54.0,0.0
20240820T2100,20.110245,15.4800005,53.0,0.0,8.0,53.0,0.0
20240820T2200,20.220245,16.199999,49.0,0.0,19.0,49.0,0.0
20240820T2300,19.770245,16.56,31.0,0.0,22.0,31.0,0.0
20240821T0000,19.240246,15.84,23.0,0.0,23.0,14.0,0.0
20240821T0100,18.910246,16.56,35.0,0.0,35.0,18.0,0.0
20240821T0200,19.000246,19.44,27.0,0.0,27.0,11.0,0.0
20240821T0300,18.570246,19.8,22.0,0.0,22.0,21.0,0.0
20240821T0400,18.390245,24.84,49.0,0.0,32.0,49.0,0.0
20240821T0500,17.960245,22.68,75.0,0.0,42.0,75.0,2.0
20240821T0600,17.990246,24.119999,74.0,8.0,42.0,74.0,22.0
20240821T0700,18.070246,28.44,49.0,56.0,24.0,49.0,115.0
20240821T0800,18.670246,30.599998,46.0,58.0,20.0,46.0,170.0
20240821T0900,19.180244,27.72,34.0,57.0,7.0,34.0,317.0
20240821T1000,20.180244,25.56,57.0,67.0,0.0,57.0,529.0
20240821T1100,21.120245,26.64,25.0,66.0,1.0,25.0,710.0
20240821T1200,21.780245,26.28,21.900002,73.0,0.0,18.0,689.0
20240821T1300,22.450245,23.759998,29.400002,98.0,0.0,9.0,756.0
20240821T1400,23.020245,22.319998,28.2,94.0,0.0,3.0,694.0
20240821T1500,22.960245,21.24,22.5,75.0,0.0,1.0,589.0
20240821T1600,22.630245,19.8,14.1,47.0,0.0,0.0,444.0
20240821T1700,21.800245,18.72,14.400001,48.0,0.0,0.0,270.0
20240821T1800,19.190245,16.199999,24.900002,83.0,0.0,0.0,103.0
20240821T1900,17.630245,12.959999,12.6,42.0,0.0,0.0,7.0
20240821T2000,15.940246,11.159999,6.0,20.0,0.0,0.0,0.0
20240821T2100,14.640245,10.08,17.400002,58.0,0.0,0.0,0.0
20240821T2200,14.270246,10.08,8.400001,28.0,0.0,0.0,0.0
20240821T2300,12.990245,11.159999,18.6,62.0,0.0,0.0,0.0
20240822T0000,12.230246,11.5199995,25.500002,85.0,0.0,0.0,0.0
20240822T0100,12.150246,11.879999,26.7,89.0,0.0,0.0,0.0
20240822T0200,12.500245,11.159999,27.000002,90.0,0.0,1.0,0.0
20240822T0300,12.050245,10.08,27.300001,91.0,0.0,0.0,0.0
20240822T0400,11.710245,8.64,25.2,84.0,0.0,1.0,0.0
20240822T0500,11.430245,7.2,22.800001,76.0,0.0,0.0,4.0
20240822T0600,12.670245,6.12,2.4,8.0,0.0,1.0,85.0
20240822T0700,15.440246,9.36,0.0,0.0,0.0,0.0,250.0
20240822T0800,18.000246,11.159999,0.3,1.0,0.0,0.0,425.0
20240822T0900,20.110245,13.32,0.6,2.0,0.0,0.0,584.0
20240822T1000,21.940245,14.759999,0.0,0.0,0.0,0.0,706.0
20240822T1100,23.560246,15.84,0.3,1.0,0.0,0.0,785.0
20240822T1200,25.030245,16.56,0.0,0.0,0.0,0.0,813.0
20240822T1300,26.070246,16.919998,0.3,1.0,0.0,0.0,795.0
20240822T1400,26.750246,16.919998,0.0,0.0,0.0,0.0,718.0
20240822T1500,27.010244,16.56,0.0,0.0,0.0,0.0,594.0
20240822T1600,26.560246,15.84,0.0,0.0,0.0,0.0,442.0
20240822T1700,25.150246,14.4,0.0,0.0,0.0,0.0,267.0
20240822T1800,22.270245,10.440001,0.0,0.0,0.0,0.0,103.0
20240822T1900,19.470245,7.5599995,0.0,0.0,0.0,0.0,6.0
20240822T2000,18.040245,8.64,0.0,0.0,0.0,0.0,0.0
20240822T2100,16.050245,10.440001,0.0,0.0,0.0,0.0,0.0
20240822T2200,13.960245,10.799999,2.1000001,7.0,0.0,0.0,0.0
20240822T2300,13.470245,11.879999,16.800001,56.0,0.0,0.0,0.0
20240823T0000,13.170245,14.04,25.2,84.0,0.0,0.0,0.0
20240823T0100,12.680245,14.759999,27.000002,90.0,0.0,0.0,0.0
20240823T0200,12.510245,14.04,28.500002,95.0,0.0,0.0,0.0
20240823T0300,12.250245,12.959999,28.500002,95.0,0.0,0.0,0.0
20240823T0400,12.190246,13.679999,27.900002,93.0,0.0,0.0,0.0
20240823T0500,12.120245,14.04,27.6,92.0,0.0,0.0,3.0
20240823T0600,14.190246,16.199999,24.900002,83.0,0.0,0.0,86.0
20240823T0700,17.900246,18.0,0.0,0.0,0.0,0.0,245.0
20240823T0800,21.650246,19.8,2.1000001,7.0,0.0,0.0,421.0
20240823T0900,24.540245,23.759998,6.9,23.0,0.0,0.0,574.0
20240823T1000,26.440245,28.8,10.200001,34.0,0.0,0.0,694.0
20240823T1100,27.760244,32.039997,12.900001,43.0,0.0,0.0,768.0
20240823T1200,28.640245,34.92,19.800001,66.0,0.0,0.0,800.0
20240823T1300,29.260244,36.0,14.700001,49.0,0.0,0.0,772.0
20240823T1400,29.510244,36.0,6.3,21.0,0.0,0.0,694.0
20240823T1500,29.530245,35.28,3.3000002,11.0,0.0,0.0,585.0
20240823T1600,29.000246,32.760002,3.6000001,12.0,0.0,0.0,430.0
20240823T1700,27.620245,28.08,4.8,16.0,0.0,0.0,257.0
20240823T1800,24.370245,18.359999,0.0,0.0,0.0,0.0,95.0
20240823T1900,22.760244,15.119999,0.0,0.0,0.0,0.0,5.0
20240823T2000,21.140245,12.24,0.0,0.0,0.0,0.0,0.0
20240823T2100,18.360245,10.08,0.0,0.0,0.0,0.0,0.0
20240823T2200,17.300245,11.159999,0.0,0.0,0.0,0.0,0.0
20240823T2300,16.460245,11.5199995,0.0,0.0,0.0,0.0,0.0
20240824T0000,16.030245,11.159999,0.3,1.0,0.0,0.0,0.0
20240824T0100,15.730246,10.440001,0.6,2.0,0.0,0.0,0.0
20240824T0200,15.650246,10.440001,0.6,2.0,0.0,0.0,0.0
20240824T0300,15.550245,10.799999,0.3,1.0,0.0,0.0,0.0
20240824T0400,15.3102455,11.159999,0.3,1.0,0.0,0.0,0.0
20240824T0500,15.420245,12.24,0.3,1.0,0.0,0.0,3.0
20240824T0600,17.440245,15.119999,1.2,4.0,0.0,0.0,82.0
20240824T0700,21.000246,18.72,0.0,0.0,0.0,0.0,238.0
20240824T0800,24.280245,20.16,0.0,0.0,0.0,0.0,406.0
20240824T0900,27.140245,22.68,0.0,0.0,0.0,0.0,559.0
20240824T1000,29.590246,25.56,0.6,2.0,0.0,0.0,679.0
20240824T1100,31.600245,27.0,16.0,3.0,16.0,0.0,758.0
20240824T1200,33.050247,29.519999,21.0,3.0,21.0,0.0,790.0
20240824T1300,34.190247,32.760002,21.0,0.0,21.0,0.0,767.0
20240824T1400,34.670246,34.56,1.0,0.0,1.0,0.0,690.0
20240824T1500,34.77025,38.519997,1.5,5.0,0.0,0.0,553.0
20240824T1600,33.79025,37.44,1.0,1.0,1.0,0.0,414.0
20240824T1700,32.100246,29.16,0.3,1.0,0.0,0.0,235.0
20240824T1800,28.750246,22.319998,16.0,24.0,16.0,2.0,89.0
20240824T1900,28.800245,29.16,21.0,53.0,21.0,0.0,3.0
20240824T2000,26.510244,27.72,18.0,42.0,18.0,3.0,0.0
20240824T2100,24.140245,36.0,23.1,77.0,20.0,1.0,0.0
20240824T2200,23.310246,44.639996,50.0,98.0,50.0,22.0,0.0
20240824T2300,21.860245,39.96,74.0,100.0,74.0,27.0,0.0
20240825T0000,20.720245,32.760002,99.0,100.0,99.0,7.0,0.0
20240825T0100,18.940245,31.68,98.0,100.0,98.0,14.0,0.0
20240825T0200,17.790245,33.48,100.0,100.0,100.0,13.0,0.0
20240825T0300,16.840246,38.519997,97.0,100.0,97.0,22.0,0.0
20240825T0400,16.360247,33.839996,79.0,97.0,79.0,33.0,0.0
20240825T0500,16.020247,21.96,62.0,55.0,62.0,36.0,0.0
20240825T0600,16.000246,21.96,24.0,24.0,10.0,24.0,25.0
20240825T0700,16.850245,19.44,33.0,20.0,13.0,33.0,174.0
20240825T0800,17.800245,21.96,37.0,28.0,25.0,37.0,320.0
20240825T0900,18.650246,22.68,54.0,23.0,29.0,54.0,359.0
20240825T1000,19.490246,22.68,81.0,4.0,50.0,81.0,420.0
20240825T1100,20.210245,21.24,76.0,6.0,37.0,76.0,448.0
20240825T1200,20.810246,18.359999,79.0,5.0,22.0,79.0,462.0
20240825T1300,21.260244,16.199999,73.0,3.0,40.0,73.0,470.0
20240825T1400,21.430244,14.759999,69.0,1.0,46.0,69.0,375.0
20240825T1500,21.520245,14.4,49.0,0.0,49.0,39.0,316.0
20240825T1600,21.640245,14.4,36.0,0.0,36.0,28.0,270.0
20240825T1700,20.720245,13.32,27.0,0.0,27.0,22.0,173.0
20240825T1800,19.070246,12.959999,19.0,0.0,19.0,14.0,71.0
20240825T1900,17.010244,9.36,20.0,9.0,20.0,16.0,2.0
20240825T2000,16.190247,8.28,20.0,37.0,19.0,20.0,0.0
20240825T2100,15.660245,6.12,23.0,26.0,22.0,23.0,0.0
20240825T2200,16.420246,4.32,39.0,18.0,22.0,39.0,0.0
20240825T2300,15.250245,7.5599995,68.0,1.0,23.0,68.0,0.0
20240826T0000,14.0602455,10.799999,69.0,0.0,33.0,69.0,0.0
20240826T0100,13.5602455,11.879999,72.0,0.0,50.0,72.0,0.0
20240826T0200,13.480246,11.879999,66.0,0.0,44.0,66.0,0.0
20240826T0300,13.110246,12.24,62.0,0.0,42.0,62.0,0.0
20240826T0400,13.000245,12.24,64.0,0.0,34.0,64.0,0.0
20240826T0500,13.220245,12.599999,52.0,0.0,36.0,52.0,2.0
20240826T0600,14.120245,13.679999,56.0,0.0,45.0,56.0,66.0
20240826T0700,15.520246,19.08,39.0,0.0,32.0,39.0,148.0
20240826T0800,17.260244,22.319998,48.0,0.0,31.0,48.0,206.0
20240826T0900,19.030245,22.68,55.0,0.0,24.0,55.0,297.0
20240826T1000,20.200245,23.759998,51.0,0.0,28.0,51.0,449.0
20240826T1100,21.520245,24.119999,56.0,0.0,16.0,56.0,497.0
20240826T1200,22.150246,23.759998,61.0,1.0,9.0,61.0,451.0
20240826T1300,22.750246,24.119999,62.0,3.0,10.0,62.0,418.0
20240826T1400,22.930244,24.84,62.0,2.0,57.0,62.0,350.0
20240826T1500,23.000246,25.199999,62.0,4.0,62.0,61.0,267.0
20240826T1600,22.590246,24.48,49.0,0.0,44.0,49.0,198.0
20240826T1700,21.980246,22.319998,39.0,0.0,39.0,32.0,134.0
20240826T1800,20.320246,16.199999,27.0,0.0,17.0,27.0,49.0
20240826T1900,18.130245,13.32,23.0,0.0,7.0,23.0,3.0
20240826T2000,16.930244,11.879999,6.0,0.0,1.0,6.0,0.0
20240826T2100,16.700245,12.599999,2.0,0.0,1.0,2.0,0.0
20240826T2200,13.970245,12.24,3.0,0.0,1.0,3.0,0.0
20240826T2300,13.230246,12.24,0.0,0.0,0.0,0.0,0.0
20240827T0000,12.890245,12.599999,0.0,0.0,0.0,0.0,0.0
20240827T0100,12.5602455,13.32,0.0,0.0,0.0,0.0,0.0
20240827T0200,12.130245,13.679999,0.0,0.0,0.0,0.0,0.0
20240827T0300,11.970245,14.04,1.0,0.0,0.0,1.0,0.0
20240827T0400,11.520246,13.679999,3.0,0.0,0.0,3.0,0.0
20240827T0500,11.500245,14.04,4.0,0.0,0.0,4.0,1.0
20240827T0600,14.040245,14.4,6.0,0.0,0.0,6.0,76.0
20240827T0700,16.680244,15.4800005,1.0,0.0,0.0,1.0,223.0
20240827T0800,19.130245,19.08,11.0,0.0,0.0,11.0,376.0
20240827T0900,20.890245,23.039999,20.0,0.0,0.0,20.0,517.0
20240827T1000,22.650246,25.56,46.0,0.0,0.0,46.0,635.0
20240827T1100,23.700245,25.199999,48.0,0.0,0.0,48.0,706.0
20240827T1200,24.640245,24.48,69.0,0.0,4.0,69.0,721.0
20240827T1300,25.430244,23.759998,35.0,0.0,0.0,35.0,674.0
20240827T1400,26.180244,22.319998,1.0,0.0,0.0,1.0,686.0
20240827T1500,26.550245,21.24,0.0,0.0,0.0,0.0,561.0
20240827T1600,26.370245,19.08,1.0,0.0,0.0,1.0,407.0
20240827T1700,25.470245,16.56,0.0,0.0,0.0,0.0,237.0
20240827T1800,22.430244,11.159999,1.0,0.0,0.0,1.0,80.0
20240827T1900,20.310246,15.119999,2.0,0.0,0.0,2.0,2.0
20240827T2000,19.060246,14.04,0.0,0.0,0.0,0.0,0.0
20240827T2100,18.200245,14.04,0.0,0.0,0.0,0.0,0.0
20240827T2200,17.540245,13.32,0.0,0.0,0.0,0.0,0.0
20240827T2300,16.730246,12.24,0.0,0.0,0.0,0.0,0.0
20240828T0000,16.000246,10.799999,0.0,0.0,0.0,0.0,0.0
20240828T0100,15.710245,10.799999,0.0,0.0,0.0,0.0,0.0
20240828T0200,15.440246,11.5199995,0.0,0.0,0.0,0.0,0.0
20240828T0300,15.460245,11.5199995,1.0,0.0,1.0,0.0,0.0
20240828T0400,15.200245,11.159999,1.0,0.0,1.0,1.0,0.0
20240828T0500,14.910245,11.5199995,1.0,0.0,1.0,1.0,1.0
20240828T0600,16.340246,13.679999,1.0,0.0,0.0,1.0,72.0
20240828T0700,19.210245,17.64,2.0,0.0,2.0,2.0,223.0
20240828T0800,21.990246,15.84,1.0,0.0,1.0,0.0,383.0
20240828T0900,24.540245,16.199999,1.0,0.0,1.0,0.0,524.0
20240828T1000,27.140245,17.64,44.0,0.0,44.0,0.0,621.0
20240828T1100,28.980246,18.359999,40.0,0.0,40.0,0.0,726.0
20240828T1200,30.400246,18.0,33.0,0.0,33.0,0.0,760.0
20240828T1300,31.350245,16.56,29.0,0.0,29.0,0.0,714.0
20240828T1400,31.920246,15.119999,19.0,0.0,19.0,0.0,643.0
20240828T1500,32.080246,12.959999,26.0,0.0,26.0,0.0,455.0
20240828T1600,31.550245,10.440001,17.0,2.0,17.0,0.0,365.0
20240828T1700,30.080246,8.28,2.0,1.0,2.0,0.0,196.0
20240828T1800,27.660246,7.5599995,2.0,0.0,2.0,0.0,65.0
20240828T1900,25.450245,10.08,3.0,0.0,3.0,0.0,1.0
20240828T2000,22.630245,10.799999,3.0,0.0,3.0,0.0,0.0
20240828T2100,21.290245,10.799999,9.0,0.0,9.0,0.0,0.0
20240828T2200,20.590246,11.5199995,35.0,0.0,35.0,0.0,0.0
20240828T2300,19.840246,11.879999,24.0,0.0,24.0,0.0,0.0
20240829T0000,19.290245,12.24,28.0,0.0,28.0,0.0,0.0
20240829T0100,18.400246,12.599999,21.0,0.0,21.0,0.0,0.0
20240829T0200,17.520245,12.959999,16.0,3.0,16.0,0.0,0.0
20240829T0300,17.100245,12.599999,17.0,0.0,17.0,0.0,0.0
20240829T0400,16.740246,12.959999,1.0,0.0,1.0,0.0,0.0
20240829T0500,16.770245,13.32,5.0,0.0,5.0,0.0,1.0
20240829T0600,18.660246,15.119999,4.0,0.0,4.0,0.0,67.0
20240829T0700,21.920246,15.4800005,8.0,1.0,8.0,0.0,205.0
20240829T0800,25.190245,15.119999,5.0,0.0,5.0,0.0,363.0
20240829T0900,27.990246,15.4800005,8.0,0.0,8.0,0.0,441.0
20240829T1000,29.630245,16.56,20.0,0.0,20.0,0.0,589.0
20240829T1100,31.030245,16.56,33.0,1.0,33.0,0.0,694.0
20240829T1200,32.010246,16.199999,24.0,8.0,24.0,0.0,748.0
20240829T1300,32.520245,15.84,24.0,35.0,24.0,0.0,666.0
20240829T1400,32.500248,14.04,20.0,48.0,20.0,0.0,609.0
20240829T1500,32.350246,11.879999,18.0,30.0,18.0,0.0,388.0
20240829T1600,31.730246,9.0,18.0,17.0,18.0,0.0,299.0
20240829T1700,30.260244,8.28,9.0,16.0,9.0,0.0,171.0
20240829T1800,27.400246,5.3999996,10.8,36.0,5.0,0.0,56.0
20240829T1900,25.680244,10.440001,12.0,40.0,10.0,0.0,1.0
20240829T2000,23.760244,10.799999,16.5,55.0,7.0,0.0,0.0
20240829T2100,21.580246,10.799999,9.0,29.0,9.0,0.0,0.0
20240829T2200,19.890245,10.440001,15.3,51.0,14.0,0.0,0.0
20240829T2300,19.210245,9.36,27.300001,91.0,27.0,0.0,0.0
20240830T0000,18.560246,9.0,25.2,84.0,7.0,0.0,0.0
20240830T0100,18.110245,9.0,24.6,82.0,12.0,0.0,0.0
20240830T0200,17.900246,9.0,26.1,87.0,16.0,0.0,0.0
20240830T0300,17.780245,9.36,29.400002,98.0,10.0,0.0,0.0
20240830T0400,17.660246,9.36,29.1,97.0,9.0,0.0,0.0
20240830T0500,17.730246,8.28,28.2,94.0,12.0,0.0,1.0
20240830T0600,19.220245,9.72,27.6,92.0,3.0,0.0,62.0
20240830T0700,22.400246,11.159999,24.900002,83.0,2.0,0.0,186.0
20240830T0800,24.910246,11.879999,24.6,82.0,3.0,0.0,364.0
20240830T0900,27.100245,11.879999,27.900002,93.0,1.0,0.0,505.0
20240830T1000,28.440245,13.32,25.800001,86.0,2.0,0.0,622.0
20240830T1100,29.890245,14.759999,14.400001,48.0,1.0,0.0,701.0
20240830T1200,30.740246,15.119999,4.8,16.0,3.0,0.0,741.0
20240830T1300,31.530245,15.119999,9.0,16.0,9.0,0.0,725.0
20240830T1400,31.570246,15.4800005,18.0,38.0,18.0,0.0,621.0
20240830T1500,31.460245,15.84,17.7,59.0,9.0,0.0,521.0
20240830T1600,30.720245,16.199999,23.7,79.0,11.0,0.0,316.0
20240830T1700,28.590246,14.759999,26.7,89.0,1.0,0.0,155.0
20240830T1800,26.680244,14.04,28.800001,96.0,8.0,0.0,45.0
20240830T1900,24.250246,13.679999,29.400002,98.0,2.0,0.0,1.0
20240830T2000,22.730246,12.24,26.400002,88.0,6.0,0.0,0.0
20240830T2100,21.910246,13.32,24.900002,83.0,6.0,0.0,0.0
20240830T2200,22.820246,13.32,28.800001,96.0,10.0,0.0,0.0
20240830T2300,22.150246,11.5199995,23.7,79.0,5.0,0.0,0.0
20240831T0000,21.580246,9.72,25.800001,86.0,11.0,0.0,0.0
20240831T0100,20.310246,10.440001,25.2,84.0,6.0,0.0,0.0
20240831T0200,19.620245,10.08,21.6,72.0,18.0,0.0,0.0
20240831T0300,19.040245,9.36,12.3,41.0,8.0,0.0,0.0
20240831T0400,18.820246,9.0,17.1,57.0,15.0,0.0,0.0
20240831T0500,18.090246,8.64,21.6,72.0,17.0,0.0,0.0
20240831T0600,19.190245,9.36,15.000001,50.0,8.0,0.0,59.0
20240831T0700,21.170246,12.959999,18.0,60.0,7.0,0.0,199.0
20240831T0800,23.390245,14.4,16.800001,56.0,3.0,0.0,342.0
20240831T0900,25.660246,16.56,9.6,32.0,2.0,0.0,494.0
20240831T1000,27.640245,18.0,15.900001,53.0,0.0,0.0,624.0
20240831T1100,29.210245,19.08,26.1,87.0,1.0,0.0,707.0
20240831T1200,30.230246,19.8,28.500002,95.0,2.0,0.0,658.0
20240831T1300,31.090246,18.72,28.500002,95.0,0.0,0.0,665.0
20240831T1400,31.120245,18.359999,29.1,97.0,1.0,0.0,534.0
20240831T1500,30.810246,18.0,27.900002,93.0,0.0,0.0,419.0
20240831T1600,30.170246,18.359999,27.000002,90.0,0.0,0.0,296.0
20240831T1700,28.730246,16.199999,24.6,82.0,1.0,0.0,146.0
20240831T1800,25.960245,12.24,15.3,51.0,1.0,0.0,46.0
20240831T1900,25.070246,11.879999,9.3,31.0,0.0,0.0,0.0
20240831T2000,24.350245,10.440001,9.6,32.0,0.0,0.0,0.0
20240831T2100,21.830246,10.08,10.5,35.0,1.0,0.0,0.0
20240831T2200,20.940245,10.440001,20.1,67.0,0.0,0.0,0.0
20240831T2300,20.420246,10.799999,29.400002,98.0,3.0,2.0,0.0
20240901T0000,19.840246,10.799999,28.500002,95.0,1.0,0.0,0.0
20240901T0100,19.370245,10.440001,27.6,92.0,2.0,0.0,0.0
20240901T0200,18.960245,10.440001,25.500002,85.0,0.0,0.0,0.0
20240901T0300,18.440245,10.08,23.1,77.0,2.0,1.0,0.0
20240901T0400,18.100245,10.08,20.1,67.0,0.0,0.0,0.0
20240901T0500,17.990246,10.08,18.6,62.0,0.0,0.0,0.0
20240901T0600,19.510244,11.5199995,14.400001,48.0,0.0,0.0,58.0
20240901T0700,22.260244,11.5199995,6.6000004,22.0,0.0,0.0,193.0
20240901T0800,24.700245,11.159999,4.8,16.0,1.0,0.0,355.0
20240901T0900,26.870245,11.159999,5.7000003,19.0,0.0,0.0,489.0
20240901T1000,28.580246,12.959999,16.2,54.0,15.0,0.0,609.0
20240901T1100,29.880245,15.119999,17.7,59.0,3.0,0.0,603.0
20240901T1200,30.700245,16.919998,12.3,41.0,0.0,0.0,611.0
20240901T1300,30.500246,18.72,15.900001,53.0,5.0,0.0,565.0
20240901T1400,29.770245,19.44,18.900002,63.0,1.0,0.0,411.0
20240901T1500,28.830246,14.759999,20.7,69.0,4.0,5.0,265.0
20240901T1600,28.230246,11.879999,33.0,85.0,33.0,21.0,201.0
20240901T1700,27.490246,9.0,30.000002,100.0,8.0,9.0,100.0
20240901T1800,25.080246,8.64,30.000002,100.0,2.0,0.0,36.0
20240901T1900,24.080246,10.08,29.7,99.0,2.0,0.0,0.0
20240901T2000,22.710245,10.799999,29.400002,98.0,0.0,0.0,0.0
20240901T2100,21.200245,11.159999,28.800001,96.0,0.0,1.0,0.0
20240901T2200,20.530245,10.799999,96.0,87.0,11.0,96.0,0.0
20240901T2300,19.250246,10.08,82.0,83.0,3.0,82.0,0.0
20240902T0000,18.830246,8.64,75.0,66.0,25.0,75.0,0.0
20240902T0100,19.060246,8.64,53.0,58.0,26.0,53.0,0.0
20240902T0200,18.760244,10.799999,39.0,71.0,39.0,28.0,0.0
20240902T0300,18.850245,12.959999,54.0,59.0,54.0,24.0,0.0
20240902T0400,18.740246,14.04,36.0,19.0,36.0,27.0,0.0
20240902T0500,18.290245,14.04,34.0,19.0,29.0,34.0,0.0
20240902T0600,18.600245,14.4,32.0,30.0,5.0,32.0,47.0
20240902T0700,19.620245,15.4800005,43.0,33.0,10.0,43.0,146.0
20240902T0800,20.920246,15.84,52.0,32.0,13.0,52.0,222.0
20240902T0900,22.590246,15.119999,84.0,3.0,29.0,84.0,258.0
20240902T1000,24.190245,15.84,66.0,37.0,66.0,15.0,316.0
20240902T1100,25.580246,16.919998,64.0,25.0,64.0,10.0,412.0
20240902T1200,26.430244,20.16,60.0,25.0,60.0,0.0,484.0
20240902T1300,26.860245,20.519999,50.0,19.0,50.0,2.0,516.0
20240902T1400,27.450245,20.16,25.0,18.0,25.0,1.0,460.0
20240902T1500,27.560246,18.359999,21.0,17.0,21.0,3.0,455.0
20240902T1600,26.940245,16.199999,20.0,26.0,20.0,13.0,264.0
20240902T1700,25.670246,14.04,32.0,43.0,32.0,4.0,123.0
20240902T1800,24.410246,6.8399997,40.0,13.0,40.0,2.0,32.0
20240902T1900,22.930244,11.159999,33.0,22.0,33.0,3.0,0.0
20240902T2000,21.510244,8.28,43.0,12.0,43.0,1.0,0.0
20240902T2100,20.560246,8.64,45.0,0.0,45.0,0.0,0.0
20240902T2200,21.130245,8.64,10.0,15.0,10.0,0.0,0.0
20240902T2300,19.740246,7.2,18.0,31.0,18.0,3.0,0.0
20240903T0000,19.340246,7.92,22.0,40.0,22.0,8.0,0.0
20240903T0100,19.060246,8.64,27.0,15.0,27.0,1.0,0.0
20240903T0200,18.620245,8.28,29.0,6.0,29.0,8.0,0.0
20240903T0300,18.080246,8.64,36.0,18.0,36.0,0.0,0.0
20240903T0400,17.770245,8.64,15.0,23.0,15.0,0.0,0.0
20240903T0500,18.050245,8.64,9.0,8.0,9.0,1.0,0.0
20240903T0600,19.090246,8.64,8.0,0.0,8.0,2.0,45.0
20240903T0700,21.080246,11.879999,17.0,0.0,17.0,6.0,145.0
20240903T0800,23.290245,11.5199995,27.0,1.0,27.0,9.0,256.0
20240903T0900,25.340246,12.24,40.0,3.0,40.0,1.0,459.0
20240903T1000,26.700245,14.4,28.0,5.0,28.0,0.0,530.0
20240903T1100,27.760244,14.759999,25.0,2.0,25.0,3.0,642.0
20240903T1200,28.630245,19.44,31.0,3.0,31.0,5.0,627.0
20240903T1300,29.170246,17.64,33.0,9.0,33.0,5.0,576.0
20240903T1400,29.160246,14.759999,21.0,19.0,21.0,0.0,532.0
20240903T1500,28.010244,14.4,18.0,54.0,18.0,4.0,418.0
20240903T1600,26.650246,14.04,20.400002,68.0,19.0,0.0,304.0
20240903T1700,25.260244,12.599999,20.400002,68.0,19.0,11.0,145.0
20240903T1800,22.330246,10.799999,21.900002,73.0,7.0,8.0,36.0
20240903T1900,21.410246,13.679999,21.6,72.0,13.0,4.0,0.0
20240903T2000,21.740246,11.879999,28.800001,96.0,19.0,5.0,0.0
20240903T2100,20.650246,8.64,25.500002,85.0,13.0,2.0,0.0
20240903T2200,20.750246,8.64,28.500002,95.0,10.0,3.0,0.0
20240903T2300,20.860245,8.28,36.0,97.0,36.0,0.0,0.0
20240904T0000,20.870245,7.92,64.0,99.0,64.0,1.0,0.0
20240904T0100,20.450245,6.12,85.0,100.0,85.0,1.0,0.0
20240904T0200,19.510244,7.2,99.0,100.0,99.0,3.0,0.0
20240904T0300,19.280245,6.8399997,99.0,100.0,99.0,2.0,0.0
20240904T0400,18.910246,7.2,95.0,99.0,95.0,1.0,0.0
20240904T0500,18.820246,7.92,99.0,100.0,99.0,0.0,0.0
20240904T0600,19.420246,9.36,92.0,98.0,92.0,1.0,36.0
20240904T0700,20.250246,7.2,92.0,98.0,92.0,3.0,64.0
20240904T0800,21.010244,10.08,82.0,69.0,82.0,10.0,183.0
20240904T0900,22.130245,13.679999,89.0,69.0,89.0,27.0,265.0
20240904T1000,22.450245,15.84,49.0,57.0,49.0,32.0,306.0
20240904T1100,23.370245,21.599998,47.0,38.0,17.0,47.0,418.0
20240904T1200,24.290245,21.599998,30.0,84.0,2.0,30.0,333.0
20240904T1300,24.690245,20.519999,27.000002,90.0,14.0,16.0,366.0
20240904T1400,24.860245,16.56,28.2,94.0,21.0,8.0,314.0
20240904T1500,25.260244,15.84,29.1,97.0,9.0,14.0,279.0
20240904T1600,25.010244,16.199999,28.800001,96.0,18.0,5.0,219.0
20240904T1700,23.940245,14.759999,35.0,99.0,35.0,31.0,118.0
20240904T1800,22.380245,8.64,29.7,99.0,20.0,17.0,22.0
20240904T1900,21.540245,15.4800005,30.000002,100.0,26.0,7.0,0.0
20240904T2000,20.850245,14.04,36.0,91.0,36.0,6.0,0.0
20240904T2100,20.670246,18.0,27.6,92.0,21.0,7.0,0.0
20240904T2200,19.970245,19.08,52.0,91.0,52.0,28.0,0.0
20240904T2300,19.640245,16.919998,53.0,96.0,53.0,10.0,0.0
20240905T0000,19.590246,13.679999,55.0,92.0,55.0,4.0,0.0
20240905T0100,19.410246,14.759999,29.0,63.0,29.0,9.0,0.0
20240905T0200,19.240246,15.4800005,23.7,79.0,0.0,4.0,0.0
20240905T0300,19.210245,16.56,29.1,97.0,1.0,7.0,0.0
20240905T0400,18.890245,16.199999,30.000002,100.0,1.0,12.0,0.0
20240905T0500,18.730246,14.04,30.000002,100.0,0.0,14.0,0.0
20240905T0600,19.120245,12.599999,30.000002,100.0,0.0,29.0,31.0
20240905T0700,19.780245,12.959999,76.0,100.0,0.0,76.0,143.0
20240905T0800,20.620245,13.32,83.0,100.0,4.0,83.0,234.0
20240905T0900,21.530245,12.959999,60.0,100.0,8.0,60.0,286.0
20240905T1000,22.040245,12.959999,81.0,99.0,81.0,33.0,322.0
20240905T1100,23.380245,16.56,97.0,98.0,97.0,33.0,391.0
20240905T1200,23.800245,22.319998,42.0,98.0,42.0,30.0,353.0
20240905T1300,22.570246,32.760002,63.0,100.0,35.0,63.0,295.0
20240905T1400,20.990246,38.16,84.0,100.0,67.0,84.0,107.0
20240905T1500,19.480246,40.32,89.0,100.0,76.0,89.0,99.0
20240905T1600,18.510244,34.92,99.0,100.0,84.0,99.0,61.0
20240905T1700,17.810246,29.88,99.0,100.0,95.0,99.0,34.0
20240905T1800,17.120245,25.199999,100.0,100.0,100.0,94.0,8.0
20240905T1900,16.810246,18.359999,100.0,100.0,100.0,90.0,0.0
20240905T2000,16.680244,19.8,99.0,100.0,99.0,79.0,0.0
20240905T2100,16.470245,19.44,100.0,100.0,100.0,73.0,0.0
20240905T2200,16.410246,16.199999,98.0,100.0,98.0,72.0,0.0
20240905T2300,16.160246,15.119999,94.0,100.0,94.0,62.0,0.0
20240906T0000,16.010246,14.4,74.0,97.0,74.0,53.0,0.0
20240906T0100,15.720245,12.599999,41.0,97.0,20.0,41.0,0.0
20240906T0200,15.390245,11.879999,66.0,97.0,57.0,66.0,0.0
20240906T0300,14.980246,11.5199995,67.0,97.0,46.0,67.0,0.0
20240906T0400,14.570246,9.0,61.0,98.0,29.0,61.0,0.0
20240906T0500,14.260245,8.28,61.0,98.0,16.0,61.0,0.0
20240906T0600,14.740245,10.440001,66.0,83.0,8.0,66.0,39.0
20240906T0700,15.940246,12.599999,51.0,26.0,1.0,51.0,119.0
20240906T0800,17.510244,14.04,56.0,1.0,3.0,56.0,284.0
20240906T0900,19.180244,13.32,66.0,0.0,0.0,66.0,360.0
20240906T1000,20.480246,13.32,90.0,0.0,0.0,90.0,433.0
20240906T1100,22.230246,16.199999,90.0,0.0,0.0,90.0,574.0
20240906T1200,23.710245,16.919998,94.0,30.0,0.0,94.0,501.0
20240906T1300,24.460245,16.56,82.0,82.0,0.0,82.0,540.0
20240906T1400,25.060246,15.84,29.0,67.0,0.0,29.0,584.0
20240906T1500,25.340246,14.04,23.7,79.0,0.0,19.0,446.0
20240906T1600,25.010244,12.959999,22.800001,76.0,0.0,0.0,310.0
20240906T1700,23.410246,12.24,26.7,89.0,0.0,0.0,148.0
20240906T1800,19.930244,11.159999,27.900002,93.0,0.0,0.0,35.0
20240906T1900,18.500246,15.119999,24.300001,81.0,0.0,0.0,0.0
20240906T2000,17.530245,12.599999,25.500002,85.0,0.0,0.0,0.0
20240906T2100,16.600245,11.879999,24.0,80.0,1.0,0.0,0.0
20240906T2200,17.020245,10.08,8.700001,29.0,0.0,0.0,0.0
20240906T2300,16.550245,9.0,3.0,10.0,0.0,0.0,0.0
20240907T0000,15.240245,7.92,7.0,0.0,7.0,0.0,0.0
20240907T0100,14.610246,8.28,2.0,0.0,2.0,0.0,0.0
20240907T0200,14.410245,8.64,5.0,0.0,5.0,0.0,0.0
20240907T0300,14.390245,8.64,4.0,0.0,4.0,0.0,0.0
20240907T0400,14.200245,9.0,7.0,0.0,7.0,0.0,0.0
20240907T0500,13.950245,9.36,11.0,0.0,11.0,3.0,0.0
20240907T0600,15.650246,10.799999,7.0,0.0,7.0,4.0,45.0
20240907T0700,18.250246,14.04,3.0,3.0,3.0,0.0,151.0
20240907T0800,21.020245,14.4,2.4,8.0,2.0,0.0,294.0
20240907T0900,23.420246,14.4,9.0,30.0,1.0,0.0,467.0
20240907T1000,25.050245,16.199999,19.800001,66.0,0.0,0.0,620.0
20240907T1100,26.690245,18.359999,15.3,51.0,0.0,0.0,692.0
20240907T1200,27.660246,19.08,16.2,54.0,4.0,0.0,706.0
20240907T1300,28.510244,19.44,25.0,74.0,25.0,0.0,653.0
20240907T1400,28.960245,19.44,24.0,80.0,1.0,0.0,542.0
20240907T1500,28.990246,19.44,14.1,47.0,2.0,0.0,437.0
20240907T1600,28.290245,17.64,8.700001,29.0,6.0,0.0,297.0
20240907T1700,25.930244,13.679999,16.5,55.0,13.0,0.0,139.0
20240907T1800,23.040245,11.5199995,21.0,45.0,21.0,0.0,34.0
20240907T1900,21.800245,14.759999,26.0,68.0,26.0,0.0,0.0
20240907T2000,20.920246,12.24,27.6,92.0,22.0,0.0,0.0
20240907T2100,20.240246,11.879999,39.0,94.0,39.0,5.0,0.0
20240907T2200,20.610245,16.919998,38.0,98.0,38.0,28.0,0.0
20240907T2300,20.200245,19.8,36.0,97.0,36.0,14.0,0.0
20240908T0000,19.490246,18.0,36.0,88.0,36.0,17.0,0.0
20240908T0100,19.180244,17.64,37.0,23.0,37.0,11.0,0.0
20240908T0200,18.970245,20.16,33.0,5.0,33.0,19.0,0.0
20240908T0300,19.060246,21.599998,49.0,7.0,49.0,32.0,0.0
20240908T0400,18.740246,19.8,59.0,16.0,59.0,30.0,0.0
20240908T0500,18.430244,17.28,74.0,28.0,74.0,28.0,0.0
20240908T0600,18.380245,13.679999,77.0,38.0,77.0,29.0,25.0
20240908T0700,18.460245,16.919998,80.0,26.0,80.0,51.0,68.0
20240908T0800,18.730246,19.08,76.0,19.0,76.0,45.0,196.0
20240908T0900,19.370245,20.880001,80.0,24.0,80.0,58.0,199.0
20240908T1000,20.700245,21.96,45.0,82.0,45.0,16.0,256.0
20240908T1100,20.910246,21.599998,47.0,97.0,47.0,4.0,301.0
20240908T1200,20.590246,20.880001,80.0,99.0,80.0,2.0,256.0
20240908T1300,20.460245,13.679999,96.0,100.0,96.0,2.0,299.0
20240908T1400,19.880245,11.879999,98.0,100.0,98.0,2.0,317.0
20240908T1500,19.260244,12.599999,79.0,98.0,79.0,0.0,233.0
20240908T1600,18.820246,12.959999,97.0,91.0,97.0,0.0,132.0
20240908T1700,18.150246,12.959999,96.0,100.0,96.0,0.0,57.0
20240908T1800,17.180244,11.5199995,69.0,100.0,69.0,0.0,12.0
20240908T1900,16.110247,16.919998,90.0,99.0,90.0,0.0,0.0
20240908T2000,15.5602455,18.0,79.0,85.0,79.0,1.0,0.0
20240908T2100,15.420245,12.24,97.0,72.0,97.0,1.0,0.0
20240908T2200,15.410245,15.4800005,100.0,68.0,96.0,100.0,0.0
20240908T2300,15.760245,16.199999,100.0,93.0,99.0,100.0,0.0
20240909T0000,15.900246,15.119999,100.0,98.0,98.0,100.0,0.0
20240909T0100,15.960245,15.4800005,98.0,100.0,93.0,98.0,0.0
20240909T0200,15.760245,19.08,57.0,100.0,51.0,57.0,0.0
20240909T0300,15.700245,21.24,29.1,97.0,12.0,28.0,0.0
20240909T0400,15.370245,23.759998,39.0,63.0,36.0,39.0,0.0
20240909T0500,15.250245,25.199999,88.0,2.0,88.0,53.0,0.0
20240909T0600,15.350245,27.72,96.0,0.0,96.0,69.0,26.0
20240909T0700,15.620245,32.399998,100.0,0.0,98.0,100.0,45.0
20240909T0800,15.780245,32.399998,100.0,0.0,86.0,100.0,35.0
20240909T0900,16.260246,32.399998,99.0,0.0,77.0,99.0,52.0
20240909T1000,17.350245,37.079998,93.0,0.0,62.0,93.0,186.0
20240909T1100,17.850245,44.639996,83.0,0.0,83.0,82.0,205.0
20240909T1200,18.240246,43.92,75.0,1.0,59.0,75.0,193.0
20240909T1300,18.820246,39.96,58.0,3.0,38.0,58.0,317.0
20240909T1400,19.550245,41.039997,47.0,11.0,24.0,47.0,311.0
20240909T1500,18.430244,42.839996,27.0,25.0,26.0,27.0,321.0
20240909T1600,18.390245,39.96,26.0,2.0,20.0,26.0,244.0
20240909T1700,18.010244,34.2,35.0,10.0,35.0,30.0,124.0
20240909T1800,17.050245,33.12,73.0,0.0,73.0,48.0,22.0
20240909T1900,16.920246,32.039997,85.0,0.0,63.0,85.0,0.0
20240909T2000,16.850245,31.68,97.0,14.0,67.0,97.0,0.0
20240909T2100,16.650246,32.039997,98.0,29.0,85.0,98.0,0.0
20240909T2200,16.570246,31.68,100.0,1.0,99.0,100.0,0.0
20240909T2300,16.160246,30.960001,100.0,0.0,54.0,100.0,0.0
20240910T0000,16.010246,30.239998,100.0,0.0,72.0,100.0,0.0
20240910T0100,15.870245,28.08,100.0,0.0,85.0,100.0,0.0
20240910T0200,15.720245,25.56,97.0,2.0,81.0,97.0,0.0
20240910T0300,15.640245,22.319998,92.0,3.0,82.0,92.0,0.0
20240910T0400,15.520246,20.519999,94.0,0.0,79.0,94.0,0.0
20240910T0500,15.040245,21.24,97.0,3.0,82.0,97.0,0.0
20240910T0600,15.200245,20.519999,92.0,4.0,72.0,92.0,14.0
20240910T0700,15.590245,20.880001,85.0,0.0,69.0,85.0,71.0
20240910T0800,15.850245,24.48,70.0,0.0,54.0,70.0,212.0
20240910T0900,16.020247,27.72,68.0,0.0,68.0,63.0,362.0
20240910T1000,16.860245,28.8,55.0,2.0,55.0,44.0,341.0
20240910T1100,17.370245,32.039997,55.0,5.0,50.0,55.0,439.0
20240910T1200,17.860245,34.56,67.0,33.0,32.0,67.0,524.0
20240910T1300,18.210245,37.44,65.0,57.0,17.0,65.0,592.0
20240910T1400,18.130245,37.079998,58.0,93.0,12.0,58.0,461.0
20240910T1500,18.000246,34.92,29.0,95.0,5.0,29.0,365.0
20240910T1600,17.430244,33.12,46.0,85.0,3.0,46.0,238.0
20240910T1700,16.390245,31.68,24.0,76.0,4.0,24.0,125.0
20240910T1800,15.020246,24.84,15.0,43.0,9.0,15.0,28.0
20240910T1900,13.980246,19.8,27.0,44.0,27.0,8.0,0.0
20240910T2000,13.380245,17.28,24.0,80.0,20.0,8.0,0.0
20240910T2100,13.280245,18.359999,27.6,92.0,15.0,8.0,0.0
20240910T2200,12.980246,19.8,17.0,47.0,17.0,11.0,0.0
20240910T2300,13.050245,21.24,25.0,0.0,0.0,25.0,0.0
20240911T0000,13.050245,21.96,49.0,0.0,0.0,49.0,0.0
20240911T0100,13.230246,23.4,73.0,0.0,3.0,73.0,0.0
20240911T0200,13.790245,26.64,91.0,0.0,9.0,91.0,0.0
20240911T0300,14.030245,29.88,95.0,5.0,4.0,95.0,0.0
20240911T0400,14.240245,32.760002,55.0,7.0,3.0,55.0,0.0
20240911T0500,14.110246,34.56,53.0,51.0,17.0,53.0,0.0
20240911T0600,14.210245,36.719997,65.0,98.0,65.0,58.0,22.0
20240911T0700,14.540245,39.239998,98.0,100.0,98.0,85.0,63.0
20240911T0800,15.010245,37.079998,100.0,98.0,100.0,97.0,85.0
20240911T0900,15.0602455,41.399998,100.0,98.0,100.0,99.0,45.0
20240911T1000,15.270246,41.039997,100.0,99.0,100.0,100.0,46.0
20240911T1100,15.180245,40.68,100.0,99.0,100.0,100.0,44.0
20240911T1200,14.980246,39.96,100.0,98.0,100.0,99.0,65.0
20240911T1300,14.870245,37.8,100.0,97.0,100.0,100.0,54.0
20240911T1400,13.880245,33.12,100.0,99.0,100.0,100.0,55.0
20240911T1500,12.750245,29.519999,100.0,100.0,100.0,100.0,47.0
20240911T1600,11.550245,27.0,100.0,97.0,100.0,99.0,30.0
20240911T1700,10.540245,24.119999,100.0,100.0,100.0,73.0,13.0
20240911T1800,10.290245,19.8,100.0,100.0,100.0,59.0,2.0
20240911T1900,10.200245,11.879999,99.0,100.0,99.0,27.0,0.0
20240911T2000,9.910245,9.36,100.0,67.0,100.0,7.0,0.0
20240911T2100,9.610246,12.599999,94.0,1.0,94.0,7.0,0.0
20240911T2200,9.210245,15.4800005,92.0,7.0,92.0,36.0,0.0
20240911T2300,9.3102455,16.56,79.0,1.0,75.0,79.0,0.0
20240912T0000,9.3102455,15.84,86.0,0.0,62.0,86.0,0.0
20240912T0100,8.970245,13.679999,95.0,5.0,39.0,95.0,0.0
20240912T0200,8.630245,11.159999,96.0,24.0,11.0,96.0,0.0
20240912T0300,8.420245,10.440001,96.0,26.0,4.0,96.0,0.0
20240912T0400,8.330246,10.440001,75.0,7.0,12.0,75.0,0.0
20240912T0500,8.160246,10.799999,75.0,0.0,19.0,75.0,0.0
20240912T0600,8.460245,13.32,56.0,0.0,14.0,56.0,22.0
20240912T0700,9.680245,14.759999,44.0,0.0,9.0,44.0,112.0
20240912T0800,10.930245,22.319998,29.0,0.0,5.0,29.0,265.0
20240912T0900,12.080245,24.119999,47.0,0.0,12.0,47.0,364.0
20240912T1000,13.040245,25.56,27.0,1.0,19.0,27.0,483.0
20240912T1100,13.270246,25.56,42.0,45.0,23.0,42.0,541.0
20240912T1200,13.670245,25.919998,27.0,88.0,20.0,27.0,583.0
20240912T1300,13.5602455,26.64,39.0,83.0,39.0,23.0,524.0
20240912T1400,13.630245,24.84,46.0,78.0,46.0,34.0,447.0
20240912T1500,13.670245,23.759998,44.0,84.0,44.0,19.0,285.0
20240912T1600,13.030245,17.64,77.0,88.0,77.0,37.0,203.0
20240912T1700,11.800245,17.28,97.0,85.0,97.0,24.0,109.0
20240912T1800,10.140245,17.28,92.0,58.0,92.0,10.0,20.0
20240912T1900,9.110246,10.08,74.0,21.0,74.0,10.0,0.0
20240912T2000,8.340245,9.36,47.0,0.0,47.0,13.0,0.0
20240912T2100,7.710245,9.72,26.0,0.0,26.0,12.0,0.0
20240912T2200,6.9902453,10.440001,81.0,0.0,81.0,2.0,0.0
20240912T2300,7.230245,10.08,54.0,0.0,54.0,1.0,0.0
20240913T0000,7.110245,9.72,43.0,0.0,43.0,2.0,0.0
20240913T0100,7.000245,11.5199995,21.0,2.0,21.0,4.0,0.0
20240913T0200,6.8402452,13.679999,21.0,3.0,16.0,21.0,0.0
20240913T0300,7.4702454,14.759999,19.0,1.0,9.0,19.0,0.0
20240913T0400,7.2402453,14.04,26.0,0.0,21.0,26.0,0.0
20240913T0500,7.170245,15.4800005,34.0,1.0,19.0,34.0,0.0
20240913T0600,7.8102455,14.4,49.0,0.0,17.0,49.0,18.0
20240913T0700,8.860246,15.119999,51.0,0.0,0.0,51.0,97.0
20240913T0800,9.8102455,21.96,37.0,0.0,1.0,37.0,215.0
20240913T0900,10.570246,28.44,46.0,4.0,16.0,46.0,365.0
20240913T1000,11.590245,32.399998,64.0,6.0,26.0,64.0,472.0
20240913T1100,12.490245,33.48,46.0,1.0,21.0,46.0,493.0
20240913T1200,13.090245,34.56,34.0,1.0,25.0,34.0,506.0
20240913T1300,13.460245,35.64,39.0,5.0,29.0,39.0,610.0
20240913T1400,13.640245,36.0,39.0,16.0,38.0,39.0,553.0
20240913T1500,13.450245,36.0,50.0,43.0,50.0,43.0,399.0
20240913T1600,13.500245,34.92,36.0,12.0,36.0,23.0,219.0
20240913T1700,12.280245,33.839996,46.0,68.0,46.0,12.0,96.0
20240913T1800,10.870245,30.239998,55.0,90.0,55.0,32.0,14.0
20240913T1900,10.010245,24.84,40.0,98.0,38.0,40.0,0.0
20240913T2000,9.820246,19.44,39.0,99.0,39.0,38.0,0.0
20240913T2100,9.730246,15.84,30.0,98.0,25.0,30.0,0.0
20240913T2200,10.140245,13.32,30.000002,100.0,28.0,25.0,0.0
20240913T2300,9.790245,13.32,49.0,100.0,49.0,43.0,0.0
20240914T0000,9.5602455,13.32,62.0,100.0,62.0,57.0,0.0
20240914T0100,9.720245,14.759999,46.0,0.0,46.0,35.0,0.0
20240914T0200,9.700245,15.4800005,43.0,29.0,43.0,33.0,0.0
20240914T0300,9.690246,16.199999,34.0,34.0,7.0,34.0,0.0
20240914T0400,9.500245,16.56,39.0,40.0,5.0,39.0,0.0
20240914T0500,9.640245,16.199999,38.0,35.0,6.0,38.0,0.0
20240914T0600,9.590245,19.08,35.0,7.0,35.0,33.0,18.0
20240914T0700,10.3102455,17.28,50.0,0.0,50.0,37.0,93.0
20240914T0800,11.450245,27.359999,30.0,0.0,27.0,30.0,251.0
20240914T0900,12.280245,29.16,39.0,0.0,39.0,34.0,343.0
20240914T1000,13.120245,31.68,46.0,8.0,45.0,46.0,418.0
20240914T1100,13.750245,32.039997,60.0,1.0,46.0,60.0,321.0
20240914T1200,14.420245,31.319998,66.0,1.0,66.0,61.0,468.0
20240914T1300,14.890245,30.599998,70.0,0.0,70.0,59.0,338.0
20240914T1400,14.820246,30.599998,85.0,0.0,67.0,85.0,271.0
20240914T1500,14.590245,29.519999,67.0,0.0,59.0,67.0,203.0
20240914T1600,14.280245,29.519999,42.0,0.0,42.0,36.0,229.0
20240914T1700,13.200245,29.16,33.0,0.0,25.0,33.0,95.0
20240914T1800,11.510245,25.199999,27.0,0.0,11.0,27.0,14.0
20240914T1900,10.160245,20.519999,26.0,0.0,15.0,26.0,0.0
20240914T2000,8.890245,17.64,32.0,0.0,11.0,32.0,0.0
20240914T2100,7.6002455,15.4800005,31.0,0.0,14.0,31.0,0.0
20240914T2200,6.8202453,15.4800005,35.0,0.0,8.0,35.0,0.0
20240914T2300,6.380245,15.4800005,70.0,0.0,8.0,70.0,0.0
20240915T0000,6.150245,15.119999,54.0,0.0,11.0,54.0,0.0
20240915T0100,5.860245,15.4800005,36.0,0.0,13.0,36.0,0.0
20240915T0200,5.3102455,15.84,33.0,0.0,8.0,33.0,0.0
20240915T0300,4.8502455,16.199999,28.0,4.0,6.0,28.0,0.0
20240915T0400,4.5702453,16.199999,21.0,11.0,6.0,21.0,0.0
20240915T0500,4.3002453,15.84,19.0,22.0,4.0,19.0,0.0
20240915T0600,5.380245,16.199999,9.0,22.0,1.0,9.0,29.0
20240915T0700,8.430245,18.0,8.0,8.0,0.0,8.0,162.0
20240915T0800,10.950245,24.119999,9.0,7.0,1.0,9.0,329.0
20240915T0900,13.130245,30.239998,20.0,0.0,0.0,20.0,467.0
20240915T1000,14.510245,30.960001,38.0,0.0,0.0,38.0,569.0
20240915T1100,15.530245,29.519999,25.0,0.0,0.0,25.0,661.0
20240915T1200,16.380245,28.44,21.0,3.0,0.0,21.0,718.0
20240915T1300,16.800245,28.44,4.2000003,14.0,0.0,1.0,677.0
20240915T1400,17.270245,29.16,8.400001,28.0,0.0,4.0,583.0
20240915T1500,17.190245,29.16,4.0,1.0,0.0,4.0,467.0
20240915T1600,16.490246,28.8,5.0,0.0,0.0,5.0,302.0
20240915T1700,14.590245,27.0,3.0,0.0,0.0,3.0,141.0
20240915T1800,12.100245,23.039999,2.0,0.0,0.0,2.0,17.0
20240915T1900,10.020246,19.44,5.0,0.0,0.0,5.0,0.0
20240915T2000,8.650246,15.84,14.0,0.0,1.0,14.0,0.0
20240915T2100,9.620245,12.599999,26.0,0.0,3.0,26.0,0.0
20240915T2200,9.030245,9.72,28.0,7.0,2.0,28.0,0.0
20240915T2300,8.750245,8.28,42.0,18.0,2.0,42.0,0.0
20240916T0000,7.9902453,9.36,58.0,59.0,0.0,58.0,0.0
20240916T0100,8.450246,9.36,53.0,86.0,7.0,53.0,0.0
20240916T0200,7.900245,8.64,60.0,79.0,9.0,60.0,0.0
20240916T0300,8.070246,9.0,54.0,79.0,0.0,54.0,0.0
20240916T0400,8.170245,9.36,47.0,81.0,2.0,47.0,0.0
20240916T0500,8.160246,8.28,36.0,70.0,6.0,36.0,0.0
20240916T0600,8.660245,9.36,47.0,32.0,9.0,47.0,20.0
20240916T0700,9.610246,9.72,53.0,26.0,7.0,53.0,122.0
20240916T0800,11.110246,10.799999,57.0,93.0,15.0,57.0,185.0
20240916T0900,12.730246,15.84,58.0,98.0,5.0,58.0,287.0
20240916T1000,14.160245,24.84,91.0,99.0,91.0,60.0,360.0
20240916T1100,14.930245,25.919998,98.0,99.0,58.0,98.0,320.0
20240916T1200,15.460245,24.119999,100.0,20.0,58.0,100.0,317.0
20240916T1300,15.270246,24.119999,100.0,23.0,45.0,100.0,199.0
20240916T1400,14.930245,23.039999,100.0,5.0,74.0,100.0,157.0
20240916T1500,14.110246,21.96,100.0,9.0,89.0,100.0,125.0
20240916T1600,13.390245,18.72,98.0,0.0,98.0,98.0,48.0
20240916T1700,12.960245,11.879999,100.0,1.0,100.0,98.0,15.0
20240916T1800,12.440246,12.24,100.0,13.0,100.0,100.0,2.0
20240916T1900,12.220245,11.879999,97.0,87.0,95.0,97.0,0.0
20240916T2000,12.150246,12.24,91.0,91.0,91.0,89.0,0.0
20240916T2100,12.250245,12.599999,94.0,88.0,74.0,94.0,0.0
20240916T2200,12.410245,12.599999,100.0,95.0,46.0,100.0,0.0
20240916T2300,12.290245,12.599999,100.0,93.0,28.0,100.0,0.0
20240917T0000,12.320246,13.32,100.0,80.0,28.0,100.0,0.0
20240917T0100,12.450245,16.56,100.0,21.0,63.0,100.0,0.0
20240917T0200,12.470245,19.8,100.0,0.0,39.0,100.0,0.0
20240917T0300,12.590245,21.599998,100.0,0.0,68.0,100.0,0.0
20240917T0400,12.720245,23.4,99.0,0.0,92.0,99.0,0.0
20240917T0500,12.840245,24.48,99.0,0.0,77.0,99.0,0.0
20240917T0600,12.900246,25.56,97.0,0.0,41.0,97.0,2.0
20240917T0700,12.990245,28.8,100.0,0.0,72.0,100.0,19.0
20240917T0800,13.040245,29.16,100.0,0.0,80.0,100.0,22.0
20240917T0900,13.130245,31.68,100.0,0.0,80.0,100.0,42.0
20240917T1000,13.840245,35.28,100.0,0.0,69.0,100.0,73.0
20240917T1100,14.940246,37.079998,100.0,0.0,45.0,100.0,135.0
20240917T1200,16.130245,39.239998,100.0,0.0,19.0,100.0,119.0
20240917T1300,17.190245,44.28,97.0,0.0,33.0,97.0,131.0
20240917T1400,18.110245,39.96,43.0,0.0,9.0,43.0,269.0
20240917T1500,18.050245,41.399998,24.0,0.0,21.0,24.0,325.0
20240917T1600,18.030245,40.32,30.0,0.0,30.0,26.0,179.0
20240917T1700,17.100245,27.359999,30.0,0.0,13.0,30.0,83.0
20240917T1800,15.5602455,22.319998,19.0,0.0,4.0,19.0,9.0
20240917T1900,14.890245,30.239998,3.0,0.0,1.0,3.0,0.0
20240917T2000,14.420245,27.72,3.0,0.0,0.0,3.0,0.0
20240917T2100,14.020246,24.84,2.0,0.0,0.0,2.0,0.0
20240917T2200,13.400246,23.759998,2.0,0.0,0.0,2.0,0.0
20240917T2300,12.880245,23.759998,1.0,0.0,0.0,1.0,0.0
20240918T0000,12.160245,23.759998,0.0,0.0,0.0,0.0,0.0
20240918T0100,11.710245,23.4,0.0,0.0,0.0,0.0,0.0
20240918T0200,11.450245,23.039999,0.0,0.0,0.0,0.0,0.0
20240918T0300,11.840245,22.319998,2.0,0.0,0.0,2.0,0.0
20240918T0400,12.190246,20.880001,6.0,0.0,0.0,6.0,0.0
20240918T0500,12.380245,18.72,5.0,0.0,0.0,5.0,0.0
20240918T0600,11.450245,17.28,3.0,0.0,0.0,3.0,23.0
20240918T0700,14.080245,21.24,5.0,0.0,0.0,5.0,146.0
20240918T0800,16.010246,25.919998,25.0,0.0,0.0,25.0,279.0
20240918T0900,17.740246,36.719997,30.0,0.0,0.0,30.0,291.0
20240918T1000,18.610245,37.8,19.0,0.0,0.0,19.0,402.0
20240918T1100,19.700245,36.0,23.0,0.0,3.0,23.0,511.0
20240918T1200,20.610245,37.079998,24.0,0.0,16.0,24.0,511.0
20240918T1300,21.470245,39.239998,37.0,0.0,34.0,37.0,541.0
20240918T1400,22.010244,36.0,26.0,0.0,20.0,26.0,479.0
20240918T1500,22.220245,33.12,18.0,0.0,11.0,18.0,409.0
20240918T1600,21.530245,29.519999,24.0,0.0,17.0,24.0,240.0
20240918T1700,19.660246,19.44,22.0,0.0,17.0,22.0,115.0
20240918T1800,18.440245,17.28,10.0,0.0,7.0,10.0,10.0
20240918T1900,16.830246,14.759999,7.0,0.0,1.0,7.0,0.0
20240918T2000,14.370245,17.64,1.0,0.0,0.0,1.0,0.0
20240918T2100,13.210245,19.44,0.0,0.0,0.0,0.0,0.0
20240918T2200,12.650246,19.44,1.0,0.0,1.0,0.0,0.0
20240918T2300,12.500245,18.72,5.0,0.0,0.0,5.0,0.0
20240919T0000,12.750245,18.0,7.0,2.0,0.0,7.0,0.0
20240919T0100,13.080245,17.28,8.0,0.0,0.0,8.0,0.0
20240919T0200,12.320246,15.119999,4.0,0.0,0.0,4.0,0.0
20240919T0300,11.540245,13.32,1.0,0.0,0.0,1.0,0.0
20240919T0400,10.370245,12.24,1.0,0.0,0.0,1.0,0.0
20240919T0500,9.990245,11.879999,1.0,0.0,0.0,1.0,0.0
20240919T0600,10.570246,12.599999,0.0,0.0,0.0,0.0,22.0
20240919T0700,13.320246,13.679999,0.0,0.0,0.0,0.0,127.0
20240919T0800,15.790245,15.119999,1.0,0.0,0.0,1.0,244.0
20240919T0900,17.840246,21.599998,39.0,1.0,0.0,39.0,349.0
20240919T1000,19.370245,25.56,6.0,0.0,0.0,6.0,456.0
20240919T1100,20.740246,27.72,10.0,0.0,0.0,10.0,517.0
20240919T1200,21.600245,28.08,5.0,0.0,5.0,2.0,506.0
20240919T1300,22.060246,26.64,18.0,0.0,18.0,9.0,427.0
20240919T1400,22.330246,25.56,25.0,0.0,25.0,12.0,340.0
20240919T1500,22.450245,25.919998,31.0,0.0,31.0,19.0,358.0
20240919T1600,21.950245,21.599998,24.0,1.0,24.0,19.0,199.0
20240919T1700,19.450245,14.4,27.0,1.0,27.0,9.0,93.0
20240919T1800,16.430246,16.919998,21.0,0.0,21.0,11.0,8.0
20240919T1900,15.300245,15.119999,13.0,0.0,13.0,5.0,0.0
20240919T2000,13.630245,14.04,11.0,0.0,11.0,2.0,0.0
20240919T2100,12.640245,12.959999,3.0,0.0,3.0,1.0,0.0
20240919T2200,11.900246,11.5199995,8.0,4.0,8.0,1.0,0.0
20240919T2300,11.350245,11.5199995,14.0,16.0,14.0,1.0,0.0
20240920T0000,10.960245,11.159999,32.0,4.0,32.0,0.0,0.0
20240920T0100,10.600245,11.159999,17.0,3.0,17.0,0.0,0.0
20240920T0200,10.300245,10.799999,17.0,0.0,17.0,0.0,0.0
20240920T0300,10.150246,10.440001,5.0,0.0,5.0,4.0,0.0
20240920T0400,10.000245,10.440001,12.0,0.0,12.0,8.0,0.0
20240920T0500,10.080245,10.440001,17.0,0.0,17.0,8.0,0.0
20240920T0600,10.680245,10.799999,60.0,0.0,11.0,60.0,20.0
20240920T0700,13.0602455,14.759999,61.0,0.0,9.0,61.0,110.0
20240920T0800,15.650246,14.759999,2.0,0.0,2.0,2.0,235.0
20240920T0900,17.860245,15.119999,0.0,0.0,0.0,0.0,354.0
20240920T1000,19.390245,16.56,7.0,8.0,7.0,1.0,512.0
20240920T1100,21.100245,16.56,15.0,14.0,15.0,0.0,612.0
20240920T1200,22.400246,15.4800005,13.0,7.0,13.0,1.0,634.0
20240920T1300,23.370245,13.32,13.0,6.0,13.0,2.0,633.0
20240920T1400,23.700245,12.959999,12.0,7.0,12.0,1.0,548.0
20240920T1500,23.450245,13.32,5.0,5.0,5.0,1.0,405.0
20240920T1600,22.950245,12.599999,4.5,15.0,4.0,0.0,242.0
20240920T1700,20.400246,12.24,3.0,10.0,3.0,1.0,96.0
20240920T1800,17.280245,14.4,3.3000002,11.0,0.0,0.0,7.0
20240920T1900,15.650246,12.959999,2.1000001,7.0,0.0,0.0,0.0
20240920T2000,14.410245,10.799999,2.7,9.0,0.0,0.0,0.0
20240920T2100,13.080245,10.08,1.2,4.0,0.0,0.0,0.0
20240920T2200,12.280245,9.36,1.0,3.0,1.0,0.0,0.0
20240920T2300,11.610246,9.36,24.0,12.0,3.0,24.0,0.0
20240921T0000,11.480246,9.36,25.0,16.0,0.0,25.0,0.0
20240921T0100,11.290245,9.0,25.0,8.0,0.0,25.0,0.0
20240921T0200,11.230246,8.64,25.0,1.0,3.0,25.0,0.0
20240921T0300,11.140245,8.28,25.0,0.0,5.0,25.0,0.0
20240921T0400,10.8102455,8.28,25.0,0.0,16.0,25.0,0.0
20240921T0500,10.650246,8.64,100.0,0.0,3.0,100.0,0.0
20240921T0600,11.080245,9.0,99.0,1.0,0.0,99.0,19.0
20240921T0700,13.410245,14.759999,84.0,0.0,1.0,84.0,105.0
20240921T0800,16.290245,14.759999,0.0,0.0,0.0,0.0,233.0
20240921T0900,18.910246,13.32,0.0,0.0,0.0,0.0,400.0
20240921T1000,20.500246,12.959999,32.0,10.0,32.0,0.0,528.0
20240921T1100,22.000246,12.599999,25.0,0.0,25.0,0.0,622.0
20240921T1200,23.100245,13.679999,22.0,0.0,22.0,0.0,649.0
20240921T1300,23.660246,14.759999,15.0,0.0,15.0,2.0,569.0
20240921T1400,24.040245,15.84,8.0,0.0,8.0,0.0,513.0
20240921T1500,23.670246,15.84,8.0,17.0,8.0,0.0,352.0
20240921T1600,22.980246,15.4800005,18.0,60.0,2.0,0.0,224.0
20240921T1700,19.810246,11.5199995,5.1000004,17.0,5.0,0.0,87.0
20240921T1800,17.710245,11.5199995,3.9,13.0,3.0,0.0,6.0
20240921T1900,17.030245,12.599999,3.0,9.0,3.0,0.0,0.0
20240921T2000,14.850245,11.879999,23.7,79.0,1.0,0.0,0.0
20240921T2100,13.180245,11.5199995,27.6,92.0,0.0,0.0,0.0
20240921T2200,12.360246,10.799999,16.800001,56.0,3.0,0.0,0.0
20240921T2300,12.000245,9.0,4.5,15.0,1.0,0.0,0.0
20240922T0000,11.570246,8.64,6.3,21.0,0.0,0.0,0.0
20240922T0100,11.340245,9.0,22.5,75.0,1.0,0.0,0.0
20240922T0200,11.400246,9.0,15.6,52.0,0.0,0.0,0.0
20240922T0300,11.250245,8.64,16.800001,56.0,1.0,0.0,0.0
20240922T0400,11.130245,8.64,21.0,70.0,0.0,0.0,0.0
20240922T0500,11.0602455,9.0,27.900002,93.0,3.0,5.0,0.0
20240922T0600,11.650246,9.36,28.2,94.0,1.0,7.0,16.0
20240922T0700,13.680245,13.32,48.0,90.0,7.0,48.0,99.0
20240922T0800,16.510246,13.32,28.2,94.0,0.0,1.0,214.0
20240922T0900,19.160246,12.959999,28.2,94.0,0.0,0.0,363.0
20240922T1000,20.860245,12.959999,26.7,89.0,2.0,0.0,505.0
20240922T1100,22.040245,12.959999,26.1,87.0,25.0,1.0,588.0
20240922T1200,22.460245,12.599999,43.0,90.0,43.0,4.0,584.0
20240922T1300,22.880245,12.599999,54.0,96.0,54.0,5.0,501.0
20240922T1400,23.050245,10.799999,87.0,93.0,87.0,10.0,400.0
20240922T1500,22.810246,14.04,94.0,98.0,94.0,11.0,303.0
20240922T1600,21.430244,17.64,66.0,96.0,66.0,2.0,166.0
20240922T1700,19.630245,18.0,71.0,95.0,71.0,4.0,59.0
20240922T1800,17.790245,15.84,66.0,97.0,66.0,1.0,4.0
20240922T1900,17.290245,12.24,92.0,98.0,92.0,0.0,0.0
20240922T2000,16.440247,14.4,87.0,94.0,87.0,0.0,0.0
20240922T2100,15.880245,15.119999,91.0,90.0,91.0,0.0,0.0
20240922T2200,15.930245,15.119999,75.0,88.0,75.0,0.0,0.0
20240922T2300,15.450245,15.84,55.0,82.0,55.0,1.0,0.0
20240923T0000,14.880245,11.879999,56.0,77.0,56.0,5.0,0.0
20240923T0100,14.790245,11.159999,82.0,94.0,82.0,12.0,0.0
20240923T0200,14.920245,12.24,92.0,73.0,92.0,8.0,0.0
20240923T0300,14.770246,11.5199995,69.0,83.0,69.0,11.0,0.0
20240923T0400,14.740245,12.959999,71.0,87.0,71.0,14.0,0.0
20240923T0500,14.940246,13.32,64.0,96.0,64.0,13.0,0.0
20240923T0600,15.260245,12.599999,75.0,97.0,75.0,10.0,5.0
20240923T0700,15.720245,11.879999,80.0,93.0,80.0,14.0,72.0
20240923T0800,16.250246,15.4800005,80.0,94.0,80.0,31.0,121.0
20240923T0900,16.740246,12.599999,91.0,94.0,91.0,45.0,88.0
20240923T1000,17.200245,14.4,87.0,97.0,87.0,41.0,132.0
20240923T1100,17.030245,15.4800005,87.0,98.0,87.0,76.0,130.0
20240923T1200,16.860245,15.84,96.0,98.0,96.0,89.0,121.0
20240923T1300,16.380245,15.4800005,94.0,96.0,90.0,94.0,114.0
20240923T1400,16.120245,14.759999,98.0,98.0,98.0,75.0,123.0
20240923T1500,15.900246,15.119999,100.0,99.0,100.0,78.0,131.0
20240923T1600,15.690246,14.04,98.0,96.0,98.0,55.0,93.0
20240923T1700,15.260245,10.799999,92.0,98.0,92.0,21.0,48.0
20240923T1800,13.850245,10.799999,62.0,93.0,62.0,12.0,3.0
20240923T1900,13.510245,15.119999,39.0,90.0,39.0,8.0,0.0
20240923T2000,13.200245,12.959999,28.0,84.0,28.0,7.0,0.0
20240923T2100,12.870245,12.959999,24.0,59.0,24.0,13.0,0.0
20240923T2200,12.640245,12.959999,33.0,36.0,20.0,33.0,0.0
20240923T2300,12.280245,13.32,33.0,18.0,33.0,31.0,0.0
20240924T0000,12.110246,14.759999,75.0,28.0,75.0,21.0,0.0
20240924T0100,12.510245,17.64,69.0,36.0,69.0,14.0,0.0
20240924T0200,13.100245,17.64,61.0,40.0,61.0,17.0,0.0
20240924T0300,13.240245,18.0,70.0,25.0,70.0,24.0,0.0
20240924T0400,13.440246,20.16,58.0,26.0,58.0,28.0,0.0
20240924T0500,13.580245,28.44,68.0,13.0,68.0,30.0,0.0
20240924T0600,13.820246,24.48,76.0,8.0,76.0,55.0,4.0
20240924T0700,14.370245,28.44,57.0,39.0,57.0,46.0,55.0
20240924T0800,15.070246,32.039997,68.0,89.0,68.0,35.0,147.0
20240924T0900,16.250246,36.36,59.0,75.0,59.0,36.0,279.0
20240924T1000,17.260244,39.96,27.0,10.0,23.0,27.0,427.0
20240924T1100,17.590246,42.839996,40.0,2.0,23.0,40.0,521.0
20240924T1200,18.360245,46.079998,33.0,3.0,30.0,33.0,545.0
20240924T1300,18.600245,47.16,46.0,1.0,46.0,7.0,492.0
20240924T1400,18.470245,47.519997,41.0,0.0,41.0,19.0,440.0
20240924T1500,18.470245,45.36,68.0,3.0,68.0,17.0,243.0
20240924T1600,17.910246,33.839996,63.0,10.0,63.0,6.0,171.0
20240924T1700,16.530245,30.599998,36.0,6.0,36.0,7.0,58.0
20240924T1800,15.270246,25.919998,5.0,6.0,4.0,5.0,3.0
20240924T1900,14.610246,23.4,13.0,11.0,13.0,9.0,0.0
20240924T2000,14.030245,20.880001,26.0,7.0,26.0,10.0,0.0
20240924T2100,13.720245,21.24,35.0,0.0,35.0,14.0,0.0
20240924T2200,13.930245,20.880001,66.0,0.0,66.0,13.0,0.0
20240924T2300,13.5602455,19.8,54.0,0.0,54.0,15.0,0.0
20240925T0000,13.580245,18.359999,36.0,0.0,36.0,34.0,0.0
20240925T0100,13.510245,16.919998,36.0,0.0,36.0,30.0,0.0
20240925T0200,13.5602455,16.56,60.0,0.0,60.0,28.0,0.0
20240925T0300,13.850245,17.28,69.0,1.0,69.0,36.0,0.0
20240925T0400,13.890245,18.72,42.0,0.0,42.0,37.0,0.0
20240925T0500,13.780245,18.72,29.0,29.0,17.0,29.0,0.0
20240925T0600,14.070246,18.359999,28.800001,96.0,20.0,18.0,6.0
20240925T0700,15.260245,19.44,40.0,89.0,40.0,13.0,87.0
20240925T0800,16.720245,20.880001,57.0,100.0,57.0,8.0,192.0
20240925T0900,17.940245,24.84,43.0,100.0,43.0,3.0,291.0
20240925T1000,18.950245,33.12,30.000002,100.0,24.0,10.0,389.0
20240925T1100,19.820246,53.639996,51.0,97.0,17.0,51.0,396.0
20240925T1200,19.950245,48.239998,65.0,89.0,65.0,27.0,499.0
20240925T1300,19.940245,50.399998,97.0,100.0,97.0,28.0,477.0
20240925T1400,20.040245,44.639996,77.0,100.0,77.0,20.0,239.0
20240925T1500,18.970245,33.839996,54.0,100.0,54.0,0.0,134.0
20240925T1600,18.360245,29.88,72.0,100.0,72.0,0.0,103.0
20240925T1700,17.430244,27.359999,50.0,100.0,50.0,0.0,34.0
20240925T1800,16.390245,21.96,92.0,100.0,92.0,13.0,1.0
20240925T1900,16.250246,22.319998,100.0,100.0,100.0,14.0,0.0
20240925T2000,15.420245,21.96,99.0,100.0,99.0,14.0,0.0
20240925T2100,15.240245,24.84,98.0,100.0,98.0,10.0,0.0
20240925T2200,15.3102455,25.919998,100.0,100.0,100.0,16.0,0.0
20240925T2300,15.160245,27.359999,100.0,100.0,100.0,12.0,0.0
20240926T0000,15.050245,30.599998,100.0,100.0,100.0,24.0,0.0
20240926T0100,14.750245,34.2,100.0,100.0,100.0,62.0,0.0
20240926T0200,14.970245,36.36,100.0,100.0,100.0,43.0,0.0
20240926T0300,16.050245,38.519997,98.0,98.0,98.0,25.0,0.0
20240926T0400,16.850245,38.88,78.0,100.0,78.0,46.0,0.0
20240926T0500,17.470245,37.079998,97.0,99.0,97.0,89.0,0.0
20240926T0600,17.670246,34.2,96.0,94.0,96.0,83.0,1.0
20240926T0700,17.680244,48.239998,100.0,100.0,100.0,49.0,14.0
20240926T0800,17.740246,48.239998,99.0,100.0,99.0,14.0,94.0
20240926T0900,17.650246,46.44,99.0,100.0,99.0,3.0,95.0
20240926T1000,17.880245,40.32,97.0,100.0,97.0,1.0,69.0
20240926T1100,17.530245,28.08,88.0,99.0,88.0,9.0,56.0
20240926T1200,17.390245,34.2,94.0,96.0,94.0,8.0,64.0
20240926T1300,16.970245,34.56,98.0,96.0,98.0,31.0,39.0
20240926T1400,16.470245,26.28,100.0,100.0,100.0,83.0,46.0
20240926T1500,15.960245,43.199997,99.0,98.0,99.0,7.0,32.0
20240926T1600,16.220245,40.32,100.0,99.0,100.0,0.0,25.0
20240926T1700,16.370245,48.239998,100.0,32.0,100.0,4.0,12.0
20240926T1800,16.510246,46.079998,85.0,25.0,85.0,24.0,1.0
20240926T1900,16.900246,42.48,45.0,22.0,45.0,42.0,0.0
20240926T2000,17.040245,43.56,49.0,27.0,49.0,39.0,0.0
20240926T2100,16.430246,45.0,46.0,20.0,46.0,26.0,0.0
20240926T2200,16.450245,46.8,43.0,0.0,43.0,28.0,0.0
20240926T2300,16.100246,46.8,37.0,0.0,36.0,37.0,0.0
20240927T0000,16.030245,45.719997,54.0,0.0,23.0,54.0,0.0
20240927T0100,15.540245,44.28,68.0,0.0,14.0,68.0,0.0
20240927T0200,15.210245,40.32,35.0,0.0,14.0,35.0,0.0
20240927T0300,14.750245,34.2,24.0,0.0,7.0,24.0,0.0
20240927T0400,14.330245,30.239998,42.0,0.0,20.0,42.0,0.0
20240927T0500,14.0602455,27.72,45.0,0.0,45.0,16.0,0.0
20240927T0600,14.3102455,28.8,89.0,11.0,89.0,3.0,9.0
20240927T0700,15.120245,34.56,80.0,4.0,80.0,2.0,71.0
20240927T0800,15.370245,36.36,86.0,0.0,86.0,17.0,102.0
20240927T0900,15.720245,38.88,53.0,0.0,53.0,10.0,198.0
20240927T1000,15.400246,37.44,35.0,2.0,35.0,20.0,254.0
20240927T1100,15.550245,57.96,55.0,6.0,55.0,51.0,486.0
20240927T1200,14.410245,73.439995,72.0,37.0,72.0,16.0,470.0
20240927T1300,13.180245,58.679996,92.0,5.0,92.0,15.0,302.0
20240927T1400,14.040245,47.88,40.0,5.0,40.0,15.0,207.0
20240927T1500,14.710245,54.0,27.0,23.0,27.0,19.0,284.0
20240927T1600,14.480246,51.48,24.0,52.0,24.0,15.0,138.0
20240927T1700,13.930245,48.239998,31.0,25.0,31.0,16.0,54.0
20240927T1800,12.910245,37.8,25.0,13.0,25.0,13.0,1.0
20240927T1900,12.390245,29.88,28.0,6.0,28.0,16.0,0.0
20240927T2000,11.970245,28.8,26.0,7.0,26.0,18.0,0.0
20240927T2100,11.300245,27.72,25.0,3.0,25.0,21.0,0.0
20240927T2200,12.280245,27.72,53.0,59.0,53.0,49.0,0.0
20240927T2300,12.190246,27.0,96.0,52.0,96.0,57.0,0.0
20240928T0000,12.120245,34.56,83.0,53.0,83.0,81.0,0.0
20240928T0100,12.0602455,33.12,84.0,62.0,48.0,84.0,0.0
20240928T0200,11.900246,29.519999,100.0,65.0,73.0,100.0,0.0
20240928T0300,11.650246,27.72,98.0,63.0,84.0,98.0,0.0
20240928T0400,11.410245,25.56,99.0,54.0,88.0,99.0,0.0
20240928T0500,11.350245,22.68,85.0,40.0,69.0,85.0,0.0
20240928T0600,11.350245,22.319998,86.0,43.0,63.0,86.0,4.0
20240928T0700,11.610246,16.919998,99.0,23.0,84.0,99.0,20.0
20240928T0800,11.880245,21.96,78.0,7.0,78.0,73.0,33.0
20240928T0900,12.120245,27.359999,87.0,1.0,87.0,68.0,74.0
20240928T1000,12.450245,27.72,97.0,3.0,97.0,68.0,167.0
20240928T1100,12.850245,25.919998,93.0,0.0,93.0,40.0,178.0
20240928T1200,13.330245,26.64,58.0,0.0,58.0,32.0,338.0
20240928T1300,13.640245,29.16,51.0,0.0,51.0,38.0,500.0
20240928T1400,13.330245,29.519999,74.0,0.0,74.0,25.0,336.0
20240928T1500,13.220245,28.44,69.0,0.0,69.0,19.0,231.0
20240928T1600,12.880245,25.919998,62.0,0.0,62.0,26.0,130.0
20240928T1700,11.490245,20.16,49.0,0.0,49.0,32.0,43.0
20240928T1800,9.740245,14.04,33.0,0.0,33.0,27.0,1.0
20240928T1900,8.920245,9.0,26.0,0.0,23.0,26.0,0.0
20240928T2000,8.120246,8.28,36.0,0.0,22.0,36.0,0.0
20240928T2100,7.860245,7.2,27.0,0.0,13.0,27.0,0.0
20240928T2200,8.360246,5.7599998,58.0,0.0,58.0,25.0,0.0
20240928T2300,7.9902453,5.3999996,32.0,0.0,32.0,18.0,0.0
20240929T0000,7.8702455,4.32,73.0,0.0,4.0,73.0,0.0
20240929T0100,7.9702454,5.7599998,89.0,0.0,4.0,89.0,0.0
20240929T0200,6.3202453,9.36,95.0,0.0,2.0,95.0,0.0
20240929T0300,5.650245,11.879999,100.0,0.0,3.0,100.0,0.0
20240929T0400,5.0702453,12.24,100.0,0.0,0.0,100.0,0.0
20240929T0500,4.9302454,12.24,100.0,0.0,0.0,100.0,0.0
20240929T0600,5.3202453,12.599999,100.0,0.0,0.0,100.0,9.0
20240929T0700,7.110245,18.0,100.0,0.0,0.0,100.0,55.0
20240929T0800,9.170245,19.08,99.0,0.0,0.0,99.0,125.0
20240929T0900,11.160245,20.880001,86.0,34.0,0.0,86.0,216.0
20240929T1000,12.250245,27.359999,85.0,99.0,0.0,85.0,326.0
20240929T1100,13.830245,31.319998,82.0,99.0,0.0,82.0,429.0
20240929T1200,14.900246,31.319998,77.0,100.0,0.0,77.0,538.0
20240929T1300,15.260245,26.64,30.000002,100.0,0.0,4.0,495.0
20240929T1400,15.3102455,24.119999,40.0,100.0,40.0,1.0,351.0
20240929T1500,15.210245,21.96,82.0,100.0,82.0,2.0,220.0
20240929T1600,14.410245,18.0,92.0,100.0,92.0,2.0,111.0
20240929T1700,13.220245,10.440001,46.0,100.0,46.0,2.0,39.0
20240929T1800,11.8102455,11.5199995,28.500002,95.0,24.0,1.0,0.0
20240929T1900,11.110246,14.759999,44.0,85.0,44.0,2.0,0.0
20240929T2000,9.790245,15.119999,20.7,69.0,20.0,1.0,0.0
20240929T2100,9.430245,15.84,46.0,94.0,46.0,1.0,0.0
20240929T2200,8.950245,16.56,35.0,87.0,35.0,0.0,0.0
20240929T2300,9.120245,16.199999,26.7,89.0,26.0,2.0,0.0
20240930T0000,9.330245,16.199999,71.0,82.0,71.0,0.0,0.0
20240930T0100,9.710245,17.64,97.0,48.0,97.0,1.0,0.0
20240930T0200,10.010245,19.08,99.0,0.0,99.0,10.0,0.0
20240930T0300,10.3102455,19.08,94.0,0.0,94.0,21.0,0.0
20240930T0400,10.450245,20.16,98.0,0.0,98.0,66.0,0.0
20240930T0500,10.690246,20.880001,98.0,0.0,98.0,97.0,0.0
20240930T0600,10.960245,20.880001,93.0,0.0,93.0,92.0,3.0
20240930T0700,11.990245,21.599998,92.0,0.0,83.0,92.0,35.0
20240930T0800,13.930245,21.96,54.0,6.0,48.0,54.0,61.0
20240930T0900,16.340246,22.319998,41.0,1.0,41.0,36.0,211.0
20240930T1000,17.970245,29.88,49.0,0.0,49.0,13.0,418.0
20240930T1100,19.060246,35.64,48.0,1.0,48.0,16.0,355.0
20240930T1200,19.370245,46.079998,50.0,4.0,50.0,24.0,474.0
20240930T1300,19.020245,47.16,58.0,12.0,58.0,33.0,382.0
20240930T1400,19.100245,42.48,63.0,75.0,63.0,20.0,305.0
20240930T1500,19.150246,34.56,65.0,96.0,65.0,17.0,179.0
20240930T1600,18.340246,33.12,52.0,99.0,52.0,18.0,98.0
20240930T1700,16.930244,28.8,39.0,99.0,39.0,14.0,22.0
20240930T1800,15.770246,24.84,30.0,98.0,30.0,13.0,0.0
20240930T1900,15.750245,23.039999,32.0,97.0,30.0,32.0,0.0
20240930T2000,15.760245,19.8,40.0,98.0,23.0,40.0,0.0
20240930T2100,15.800245,19.44,55.0,97.0,33.0,55.0,0.0
20240930T2200,15.400246,20.16,38.0,92.0,37.0,38.0,0.0
20240930T2300,15.450245,22.319998,44.0,91.0,34.0,44.0,0.0
20241001T0000,15.380245,25.199999,46.0,93.0,37.0,46.0,0.0
20241001T0100,15.130245,25.919998,48.0,62.0,24.0,48.0,0.0
20241001T0200,14.860246,26.28,49.0,96.0,25.0,49.0,0.0
20241001T0300,14.740245,26.64,38.0,97.0,22.0,38.0,0.0
20241001T0400,14.450245,26.64,38.0,88.0,13.0,38.0,0.0
20241001T0500,14.220245,25.919998,80.0,100.0,80.0,34.0,0.0
20241001T0600,14.140245,26.28,99.0,100.0,99.0,42.0,3.0
20241001T0700,14.320246,23.4,98.0,100.0,98.0,38.0,41.0
20241001T0800,14.930245,23.4,100.0,100.0,100.0,28.0,106.0
20241001T0900,15.500245,24.84,94.0,93.0,94.0,9.0,156.0
20241001T1000,16.100246,28.8,98.0,100.0,98.0,61.0,208.0
20241001T1100,15.890245,32.039997,99.0,100.0,99.0,98.0,266.0
20241001T1200,15.490245,31.319998,100.0,98.0,100.0,94.0,197.0
20241001T1300,14.910245,24.84,99.0,88.0,99.0,89.0,167.0
20241001T1400,14.220245,16.199999,100.0,98.0,100.0,99.0,126.0
20241001T1500,13.430245,12.599999,100.0,100.0,100.0,98.0,53.0
20241001T1600,13.020246,11.5199995,100.0,100.0,100.0,100.0,17.0
20241001T1700,12.750245,12.24,100.0,100.0,100.0,100.0,4.0
20241001T1800,12.610246,11.5199995,100.0,99.0,100.0,100.0,0.0
20241001T1900,12.570246,10.440001,98.0,100.0,98.0,97.0,0.0
20241001T2000,12.510245,11.879999,100.0,99.0,100.0,62.0,0.0
20241001T2100,12.530245,10.799999,100.0,96.0,100.0,89.0,0.0
20241001T2200,12.570246,14.04,100.0,88.0,100.0,97.0,0.0
20241001T2300,12.600245,15.4800005,96.0,9.0,95.0,96.0,0.0
20241002T0000,12.650246,9.36,65.0,22.0,65.0,59.0,0.0
20241002T0100,12.510245,11.5199995,34.0,46.0,20.0,34.0,0.0
20241002T0200,12.420245,14.4,45.0,2.0,14.0,45.0,0.0
20241002T0300,12.240245,15.4800005,62.0,0.0,9.0,62.0,0.0
20241002T0400,11.990245,19.44,76.0,0.0,9.0,76.0,0.0
20241002T0500,11.550245,21.24,93.0,1.0,8.0,93.0,0.0
20241002T0600,11.210245,22.319998,89.0,3.0,9.0,89.0,2.0
20241002T0700,11.640245,21.24,72.0,0.0,23.0,72.0,51.0
20241002T0800,12.290245,20.16,62.0,0.0,39.0,62.0,93.0
20241002T0900,12.930245,20.519999,52.0,0.0,41.0,52.0,166.0
20241002T1000,13.410245,21.96,72.0,0.0,72.0,65.0,272.0
20241002T1100,13.430245,20.880001,87.0,0.0,87.0,67.0,274.0
20241002T1200,13.5602455,18.72,98.0,0.0,98.0,72.0,213.0
20241002T1300,13.920245,18.0,99.0,0.0,97.0,99.0,260.0
20241002T1400,13.960245,16.56,95.0,0.0,95.0,94.0,200.0
20241002T1500,14.050245,13.679999,97.0,0.0,95.0,97.0,125.0
20241002T1600,13.870245,10.08,97.0,0.0,97.0,95.0,98.0
20241002T1700,13.480246,7.2,95.0,0.0,95.0,94.0,22.0
20241002T1800,12.710245,6.4799995,98.0,0.0,98.0,98.0,0.0
20241002T1900,12.130245,5.04,98.0,0.0,93.0,98.0,0.0
20241002T2000,11.850245,5.04,92.0,0.0,78.0,92.0,0.0
20241002T2100,11.580245,5.3999996,78.0,0.0,78.0,15.0,0.0
20241002T2200,11.030245,6.12,66.0,0.0,65.0,66.0,0.0
20241002T2300,10.000245,9.72,66.0,0.0,66.0,26.0,0.0
20241003T0000,9.870245,13.32,55.0,0.0,55.0,22.0,0.0
20241003T0100,9.570246,14.4,39.0,0.0,39.0,28.0,0.0
20241003T0200,9.320246,15.119999,39.0,0.0,35.0,39.0,0.0
20241003T0300,9.300245,16.199999,52.0,1.0,52.0,35.0,0.0
20241003T0400,8.980246,16.56,64.0,2.0,64.0,25.0,0.0
20241003T0500,8.690246,17.28,58.0,2.0,58.0,21.0,0.0
20241003T0600,9.150246,18.0,27.0,4.0,24.0,27.0,5.0
20241003T0700,10.100245,25.919998,59.0,4.0,14.0,59.0,80.0
20241003T0800,11.220245,32.039997,99.0,0.0,19.0,99.0,139.0
20241003T0900,12.230246,35.64,100.0,0.0,18.0,100.0,150.0
20241003T1000,12.650246,34.92,63.0,45.0,54.0,63.0,250.0
20241003T1100,12.770246,35.64,46.0,90.0,46.0,7.0,285.0
20241003T1200,12.990245,38.88,51.0,100.0,51.0,28.0,425.0
20241003T1300,12.640245,39.96,51.0,100.0,51.0,43.0,285.0
20241003T1400,12.260245,39.6,62.0,100.0,62.0,27.0,223.0
20241003T1500,12.150246,37.8,70.0,99.0,70.0,34.0,170.0
20241003T1600,11.750245,36.719997,79.0,97.0,79.0,26.0,64.0
20241003T1700,11.330245,32.039997,61.0,98.0,61.0,21.0,26.0
20241003T1800,11.040245,29.88,71.0,84.0,71.0,31.0,0.0
20241003T1900,10.820246,30.599998,76.0,67.0,76.0,34.0,0.0
20241003T2000,10.480246,29.88,76.0,72.0,76.0,40.0,0.0
20241003T2100,10.290245,28.8,77.0,80.0,77.0,40.0,0.0
20241003T2200,10.230246,28.44,63.0,88.0,63.0,52.0,0.0
20241003T2300,10.260245,28.08,66.0,92.0,66.0,49.0,0.0
20241004T0000,10.170245,27.72,39.0,86.0,39.0,33.0,0.0
20241004T0100,9.980246,27.359999,57.0,88.0,38.0,57.0,0.0
20241004T0200,9.880245,27.0,65.0,80.0,36.0,65.0,0.0
20241004T0300,9.820246,27.359999,84.0,82.0,42.0,84.0,0.0
20241004T0400,9.650246,27.0,86.0,81.0,37.0,86.0,0.0
20241004T0500,9.600245,26.28,84.0,66.0,50.0,84.0,0.0
20241004T0600,9.500245,26.64,85.0,67.0,54.0,85.0,2.0
20241004T0700,9.750245,32.760002,90.0,58.0,43.0,90.0,26.0
20241004T0800,10.450245,36.719997,81.0,66.0,44.0,81.0,99.0
20241004T0900,11.200245,36.36,92.0,71.0,41.0,92.0,115.0
20241004T1000,12.220245,38.88,53.0,40.0,53.0,35.0,212.0
20241004T1100,12.650246,39.239998,39.0,18.0,39.0,23.0,253.0
20241004T1200,12.940246,39.6,30.0,16.0,26.0,30.0,284.0
20241004T1300,13.040245,37.079998,51.0,4.0,26.0,51.0,302.0
20241004T1400,12.990245,33.48,56.0,8.0,56.0,25.0,274.0
20241004T1500,12.890245,28.08,64.0,0.0,64.0,38.0,178.0
20241004T1600,12.280245,25.919998,66.0,0.0,66.0,30.0,126.0
20241004T1700,11.510245,22.319998,61.0,0.0,61.0,28.0,31.0
20241004T1800,11.040245,20.519999,76.0,0.0,76.0,29.0,0.0
20241004T1900,10.570246,18.359999,75.0,0.0,75.0,45.0,0.0
20241004T2000,10.190246,18.0,79.0,0.0,79.0,60.0,0.0
20241004T2100,10.0602455,16.919998,79.0,0.0,79.0,65.0,0.0
20241004T2200,9.750245,14.4,32.0,0.0,32.0,30.0,0.0
20241004T2300,9.470245,13.32,23.0,0.0,22.0,23.0,0.0
20241005T0000,9.110246,13.32,40.0,0.0,22.0,40.0,0.0
20241005T0100,8.870245,12.599999,79.0,0.0,18.0,79.0,0.0
20241005T0200,9.070246,11.879999,86.0,0.0,6.0,86.0,0.0
20241005T0300,8.700245,10.08,94.0,0.0,10.0,94.0,0.0
20241005T0400,8.760245,10.440001,91.0,0.0,16.0,91.0,0.0
20241005T0500,8.710245,11.5199995,95.0,0.0,23.0,95.0,0.0
20241005T0600,8.570246,11.5199995,97.0,0.0,32.0,97.0,2.0
20241005T0700,9.330245,18.359999,97.0,0.0,28.0,97.0,48.0
20241005T0800,10.340245,19.8,98.0,0.0,6.0,98.0,111.0
20241005T0900,11.480246,20.880001,99.0,0.0,0.0,99.0,207.0
20241005T1000,12.290245,22.68,96.0,0.0,14.0,96.0,247.0
20241005T1100,13.280245,23.759998,38.0,0.0,25.0,38.0,311.0
20241005T1200,13.860246,23.759998,49.0,0.0,19.0,49.0,299.0
20241005T1300,14.150246,22.68,92.0,0.0,19.0,92.0,236.0
20241005T1400,14.160245,24.48,89.0,0.0,20.0,89.0,235.0
20241005T1500,13.940246,24.119999,54.0,0.0,20.0,54.0,192.0
20241005T1600,13.340245,23.4,43.0,0.0,22.0,43.0,118.0
20241005T1700,10.860246,19.08,54.0,0.0,35.0,54.0,38.0
20241005T1800,9.080245,13.679999,26.0,0.0,4.0,26.0,0.0
20241005T1900,8.740245,14.759999,10.0,0.0,0.0,10.0,0.0
20241005T2000,8.480246,12.599999,7.0,0.0,0.0,7.0,0.0
20241005T2100,6.7002454,13.679999,3.0,0.0,0.0,3.0,0.0
20241005T2200,6.0502453,14.04,5.0,0.0,0.0,5.0,0.0
20241005T2300,5.8402452,12.959999,8.0,13.0,0.0,8.0,0.0
20241006T0000,5.5802455,13.32,20.400002,68.0,0.0,8.0,0.0
20241006T0100,5.8102455,12.959999,28.500002,95.0,0.0,10.0,0.0
20241006T0200,5.8402452,10.799999,30.000002,100.0,0.0,27.0,0.0
20241006T0300,5.7402453,11.879999,40.0,97.0,0.0,40.0,0.0
20241006T0400,5.940245,13.679999,60.0,99.0,0.0,60.0,0.0
20241006T0500,6.0702453,13.32,70.0,100.0,0.0,70.0,0.0
20241006T0600,6.2602453,12.959999,83.0,99.0,0.0,83.0,3.0
20241006T0700,7.610245,16.919998,88.0,100.0,0.0,88.0,59.0
20241006T0800,8.620245,17.28,29.7,99.0,0.0,16.0,147.0
20241006T0900,9.780245,17.64,30.000002,100.0,3.0,8.0,213.0
20241006T1000,11.410245,20.16,84.0,100.0,54.0,84.0,255.0
20241006T1100,12.330245,20.880001,56.0,49.0,56.0,26.0,239.0
20241006T1200,14.220245,21.599998,81.0,4.0,81.0,17.0,395.0
20241006T1300,15.680245,21.24,60.0,3.0,60.0,45.0,389.0
20241006T1400,16.510246,20.880001,85.0,0.0,79.0,85.0,315.0
20241006T1500,16.010246,20.519999,88.0,0.0,80.0,88.0,162.0
20241006T1600,15.030245,19.08,69.0,0.0,69.0,35.0,45.0
20241006T1700,14.0602455,19.08,85.0,0.0,68.0,85.0,15.0
20241006T1800,13.510245,18.72,61.0,4.0,36.0,61.0,0.0
20241006T1900,12.900246,20.880001,79.0,17.0,76.0,79.0,0.0
20241006T2000,12.720245,24.119999,85.0,17.0,82.0,85.0,0.0
20241006T2100,12.650246,26.28,74.0,25.0,74.0,50.0,0.0
20241006T2200,12.390245,21.599998,76.0,0.0,76.0,47.0,0.0
20241006T2300,12.460245,21.599998,70.0,0.0,70.0,33.0,0.0
20241007T0000,12.350245,20.880001,60.0,0.0,50.0,60.0,0.0
20241007T0100,12.220245,20.880001,66.0,10.0,42.0,66.0,0.0
20241007T0200,12.410245,19.08,60.0,13.0,47.0,60.0,0.0
20241007T0300,12.450245,18.359999,64.0,12.0,64.0,39.0,0.0
20241007T0400,12.150246,16.919998,43.0,1.0,43.0,24.0,0.0
20241007T0500,12.420245,15.84,65.0,7.0,65.0,31.0,0.0
20241007T0600,12.730246,16.919998,82.0,18.0,82.0,24.0,2.0
20241007T0700,13.470245,45.719997,83.0,28.0,83.0,33.0,21.0
20241007T0800,14.750245,46.44,55.0,18.0,55.0,28.0,47.0
20241007T0900,15.990245,22.68,60.0,95.0,55.0,60.0,63.0
20241007T1000,17.100245,20.16,54.0,94.0,21.0,54.0,192.0
20241007T1100,18.090246,18.72,42.0,92.0,18.0,42.0,225.0
20241007T1200,19.020245,19.8,39.0,93.0,21.0,39.0,323.0
20241007T1300,19.040245,20.16,32.0,98.0,18.0,32.0,320.0
20241007T1400,18.710245,39.239998,70.0,100.0,70.0,14.0,275.0
20241007T1500,18.270245,43.199997,96.0,100.0,96.0,11.0,183.0
20241007T1600,17.610245,28.44,100.0,100.0,100.0,15.0,50.0
20241007T1700,17.240246,27.72,100.0,99.0,100.0,23.0,16.0
20241007T1800,16.830246,28.44,96.0,97.0,96.0,11.0,0.0
20241007T1900,16.580246,33.48,66.0,98.0,66.0,12.0,0.0
20241007T2000,16.310246,19.44,60.0,100.0,60.0,5.0,0.0
20241007T2100,16.050245,23.759998,71.0,100.0,71.0,8.0,0.0
20241007T2200,15.500245,33.48,89.0,99.0,89.0,3.0,0.0
20241007T2300,15.510245,24.119999,93.0,99.0,93.0,18.0,0.0
20241008T0000,15.140245,20.880001,93.0,100.0,93.0,5.0,0.0
20241008T0100,14.710245,15.119999,75.0,100.0,75.0,5.0,0.0
20241008T0200,14.290245,15.119999,80.0,100.0,80.0,14.0,0.0
20241008T0300,14.210245,20.880001,87.0,100.0,87.0,16.0,0.0
20241008T0400,14.100245,18.359999,99.0,100.0,99.0,29.0,0.0
20241008T0500,14.090245,15.119999,100.0,100.0,100.0,74.0,0.0
20241008T0600,14.0602455,10.799999,100.0,100.0,100.0,72.0,1.0
20241008T0700,14.150246,21.599998,93.0,100.0,93.0,25.0,8.0
20241008T0800,14.430245,21.96,97.0,100.0,97.0,11.0,60.0
20241008T0900,14.630245,14.4,100.0,100.0,100.0,20.0,44.0
20241008T1000,15.030245,11.159999,100.0,100.0,100.0,25.0,43.0
20241008T1100,14.770246,8.28,100.0,100.0,100.0,21.0,58.0
20241008T1200,14.600245,8.64,100.0,100.0,100.0,39.0,49.0
20241008T1300,14.490245,9.36,100.0,100.0,100.0,100.0,41.0
20241008T1400,14.900246,11.879999,100.0,100.0,100.0,51.0,81.0
20241008T1500,15.110246,12.959999,99.0,100.0,99.0,1.0,93.0
20241008T1600,14.790245,12.24,98.0,100.0,98.0,7.0,65.0
20241008T1700,14.110246,12.959999,84.0,99.0,84.0,3.0,17.0
20241008T1800,13.480246,15.119999,41.0,98.0,41.0,7.0,0.0
20241008T1900,13.110246,16.56,29.400002,98.0,15.0,1.0,0.0
20241008T2000,12.790245,16.919998,28.500002,95.0,5.0,1.0,0.0
20241008T2100,12.330245,17.64,10.0,32.0,10.0,6.0,0.0
20241008T2200,11.930245,18.72,26.0,0.0,26.0,8.0,0.0
20241008T2300,11.440246,19.08,8.0,20.0,8.0,4.0,0.0
20241009T0000,11.100245,19.8,4.0,9.0,4.0,3.0,0.0
20241009T0100,10.690246,20.16,6.0,15.0,6.0,2.0,0.0
20241009T0200,10.280245,20.519999,25.2,84.0,10.0,7.0,0.0
20241009T0300,10.010245,21.24,11.0,19.0,11.0,2.0,0.0
20241009T0400,9.750245,21.24,75.0,29.0,75.0,1.0,0.0
20241009T0500,9.670245,21.24,32.0,0.0,32.0,1.0,0.0
20241009T0600,10.050245,22.319998,94.0,0.0,94.0,0.0,2.0
20241009T0700,11.290245,23.4,81.0,62.0,81.0,0.0,29.0
20241009T0800,12.940246,23.4,92.0,0.0,92.0,2.0,128.0
20241009T0900,14.290245,24.119999,98.0,30.0,98.0,4.0,169.0
20241009T1000,15.630245,24.84,99.0,19.0,99.0,8.0,188.0
20241009T1100,17.000246,24.84,100.0,17.0,100.0,8.0,194.0
20241009T1200,17.600245,25.56,100.0,0.0,100.0,12.0,184.0
20241009T1300,17.770245,27.359999,99.0,27.0,99.0,19.0,322.0
20241009T1400,18.030245,27.72,79.0,70.0,79.0,4.0,333.0
20241009T1500,17.760244,27.359999,24.900002,83.0,16.0,0.0,165.0
20241009T1600,17.240246,23.039999,45.0,80.0,45.0,0.0,117.0
20241009T1700,15.600245,20.519999,100.0,98.0,100.0,0.0,25.0
20241009T1800,15.470245,19.8,65.0,95.0,65.0,0.0,0.0
20241009T1900,15.630245,19.44,93.0,99.0,93.0,0.0,0.0
20241009T2000,16.300245,23.759998,100.0,100.0,100.0,0.0,0.0
20241009T2100,17.110245,31.319998,100.0,99.0,100.0,21.0,0.0
20241009T2200,17.450245,40.32,93.0,45.0,93.0,6.0,0.0
20241009T2300,18.170246,41.039997,93.0,1.0,93.0,7.0,0.0
20241010T0000,18.660246,38.88,98.0,68.0,98.0,72.0,0.0
20241010T0100,18.180244,55.8,99.0,85.0,99.0,69.0,0.0
20241010T0200,16.240246,65.159996,97.0,58.0,76.0,97.0,0.0
20241010T0300,14.390245,63.36,96.0,59.0,80.0,96.0,0.0
20241010T0400,13.900246,53.28,92.0,66.0,92.0,88.0,0.0
20241010T0500,13.520246,44.28,81.0,64.0,81.0,52.0,0.0
20241010T0600,13.180245,41.760002,69.0,72.0,65.0,69.0,1.0
20241010T0700,13.570246,35.28,78.0,76.0,50.0,78.0,36.0
20241010T0800,14.150246,38.88,64.0,46.0,33.0,64.0,82.0
20241010T0900,14.750245,34.2,48.0,4.0,28.0,48.0,141.0
20241010T1000,15.110246,39.96,37.0,0.0,37.0,28.0,272.0
20241010T1100,15.230246,40.32,34.0,4.0,34.0,22.0,347.0
20241010T1200,15.730246,41.399998,37.0,10.0,37.0,16.0,401.0
20241010T1300,15.600245,43.199997,42.0,21.0,42.0,7.0,362.0
20241010T1400,15.770246,44.28,67.0,39.0,67.0,34.0,326.0
20241010T1500,15.260245,43.199997,54.0,46.0,54.0,5.0,175.0
20241010T1600,14.510245,38.16,73.0,54.0,73.0,23.0,105.0
20241010T1700,13.780245,32.399998,68.0,17.0,68.0,40.0,20.0
20241010T1800,13.390245,27.359999,60.0,0.0,41.0,60.0,0.0
20241010T1900,13.000245,25.199999,60.0,0.0,37.0,60.0,0.0
20241010T2000,12.720245,27.0,53.0,0.0,20.0,53.0,0.0
20241010T2100,12.380245,27.0,46.0,0.0,21.0,46.0,0.0
20241010T2200,11.800245,25.199999,45.0,0.0,20.0,45.0,0.0
20241010T2300,11.720245,25.199999,74.0,5.0,64.0,74.0,0.0
20241011T0000,11.640245,26.64,84.0,3.0,76.0,84.0,0.0
20241011T0100,11.580245,27.72,81.0,0.0,58.0,81.0,0.0
20241011T0200,11.460245,27.72,72.0,0.0,24.0,72.0,0.0
20241011T0300,11.160245,26.28,74.0,0.0,5.0,74.0,0.0
20241011T0400,11.010245,23.4,68.0,0.0,10.0,68.0,0.0
20241011T0500,10.850245,21.96,65.0,0.0,12.0,65.0,0.0
20241011T0600,10.680245,20.16,67.0,0.0,12.0,67.0,0.0
20241011T0700,11.130245,22.319998,81.0,0.0,37.0,81.0,44.0
20241011T0800,11.990245,21.96,66.0,0.0,46.0,66.0,131.0
20241011T0900,12.870245,21.599998,93.0,0.0,42.0,93.0,197.0
20241011T1000,13.550245,20.519999,34.0,0.0,34.0,19.0,255.0
20241011T1100,13.890245,18.359999,47.0,0.0,47.0,23.0,305.0
20241011T1200,14.400246,18.0,28.0,0.0,28.0,16.0,415.0
20241011T1300,14.540245,15.84,21.0,0.0,21.0,8.0,371.0
20241011T1400,14.540245,16.56,20.0,0.0,20.0,20.0,350.0
20241011T1500,14.050245,17.28,40.0,0.0,40.0,9.0,230.0
20241011T1600,13.010245,15.119999,30.0,0.0,30.0,7.0,119.0
20241011T1700,10.940246,10.08,22.0,0.0,22.0,13.0,18.0
20241011T1800,9.870245,11.5199995,13.0,0.0,13.0,12.0,0.0
20241011T1900,8.840245,13.679999,16.0,0.0,16.0,15.0,0.0
20241011T2000,7.8302455,11.5199995,16.0,0.0,13.0,16.0,0.0
20241011T2100,7.0702453,11.879999,9.0,0.0,5.0,9.0,0.0
20241011T2200,6.5102453,12.599999,27.0,0.0,0.0,27.0,0.0
20241011T2300,5.9502454,12.599999,26.0,0.0,0.0,26.0,0.0
20241012T0000,5.5702453,12.24,28.0,8.0,0.0,28.0,0.0
20241012T0100,5.3702455,12.24,40.0,77.0,0.0,40.0,0.0
20241012T0200,5.190245,12.24,56.0,7.0,0.0,56.0,0.0
20241012T0300,4.920245,11.159999,100.0,12.0,0.0,100.0,0.0
20241012T0400,5.400245,11.879999,100.0,58.0,8.0,100.0,0.0
20241012T0500,5.650245,12.24,100.0,85.0,17.0,100.0,0.0
20241012T0600,5.8202453,11.879999,100.0,100.0,22.0,100.0,1.0
20241012T0700,6.630245,16.919998,100.0,100.0,3.0,100.0,31.0
20241012T0800,8.230246,18.0,43.0,99.0,4.0,43.0,94.0
20241012T0900,9.480246,19.08,30.000002,100.0,5.0,26.0,145.0
20241012T1000,11.120245,20.16,68.0,100.0,49.0,68.0,264.0
20241012T1100,12.610246,22.319998,93.0,100.0,93.0,23.0,445.0
20241012T1200,13.640245,29.16,99.0,100.0,99.0,14.0,417.0
20241012T1300,14.640245,27.359999,81.0,97.0,81.0,1.0,302.0
20241012T1400,14.340245,31.319998,94.0,86.0,94.0,47.0,183.0
20241012T1500,13.640245,23.759998,98.0,98.0,98.0,75.0,143.0
20241012T1600,13.360246,25.56,100.0,100.0,100.0,95.0,72.0
20241012T1700,12.820246,25.56,100.0,92.0,100.0,91.0,10.0
20241012T1800,12.400246,25.919998,84.0,90.0,84.0,50.0,0.0
20241012T1900,12.620245,45.36,72.0,94.0,72.0,12.0,0.0
20241012T2000,12.870245,47.88,73.0,40.0,73.0,21.0,0.0
20241012T2100,13.160245,30.239998,85.0,0.0,85.0,3.0,0.0
20241012T2200,13.250245,30.960001,87.0,0.0,87.0,39.0,0.0
20241012T2300,13.690246,33.839996,68.0,48.0,68.0,35.0,0.0
20241013T0000,14.260245,42.839996,84.0,94.0,61.0,84.0,0.0
20241013T0100,14.840245,40.32,98.0,95.0,86.0,98.0,0.0
20241013T0200,15.010245,39.239998,85.0,94.0,56.0,85.0,0.0
20241013T0300,15.140245,40.32,69.0,96.0,42.0,69.0,0.0
20241013T0400,15.320246,39.96,74.0,97.0,48.0,74.0,0.0
20241013T0500,15.240245,38.16,72.0,97.0,72.0,49.0,0.0
20241013T0600,15.040245,38.16,56.0,99.0,56.0,55.0,0.0
20241013T0700,14.990245,34.92,76.0,99.0,57.0,76.0,29.0
20241013T0800,15.280245,37.44,98.0,100.0,50.0,98.0,87.0
20241013T0900,15.610246,39.96,79.0,100.0,77.0,79.0,173.0
20241013T1000,15.090245,37.079998,47.0,99.0,40.0,47.0,136.0
20241013T1100,15.390245,27.72,85.0,92.0,40.0,85.0,154.0
20241013T1200,15.590245,23.759998,89.0,86.0,18.0,89.0,231.0
20241013T1300,15.940246,23.4,100.0,91.0,4.0,100.0,315.0
20241013T1400,16.170246,26.28,100.0,92.0,0.0,100.0,289.0
20241013T1500,15.890245,24.119999,100.0,97.0,4.0,100.0,195.0
20241013T1600,15.160245,16.919998,89.0,97.0,1.0,89.0,101.0
20241013T1700,13.820246,8.64,67.0,98.0,2.0,67.0,13.0
20241013T1800,11.770246,8.28,56.0,97.0,2.0,56.0,0.0
20241013T1900,10.870245,9.0,44.0,99.0,3.0,44.0,0.0
20241013T2000,10.290245,9.0,34.0,96.0,0.0,34.0,0.0
20241013T2100,9.480246,9.36,28.500002,95.0,0.0,20.0,0.0
20241013T2200,9.290245,9.72,71.0,83.0,0.0,71.0,0.0
20241013T2300,9.680245,11.5199995,69.0,63.0,0.0,69.0,0.0
20241014T0000,9.840245,11.879999,92.0,16.0,7.0,92.0,0.0
20241014T0100,9.740245,11.159999,95.0,0.0,59.0,95.0,0.0
20241014T0200,9.620245,11.159999,100.0,0.0,95.0,100.0,0.0
20241014T0300,9.900246,11.879999,99.0,0.0,90.0,99.0,0.0
20241014T0400,10.100245,12.24,86.0,5.0,86.0,56.0,0.0
20241014T0500,10.140245,13.679999,98.0,45.0,98.0,71.0,0.0
20241014T0600,10.540245,14.04,95.0,94.0,95.0,52.0,0.0
20241014T0700,10.850245,19.44,99.0,99.0,99.0,24.0,23.0
20241014T0800,11.750245,21.599998,99.0,99.0,99.0,16.0,43.0
20241014T0900,13.410245,23.4,99.0,94.0,99.0,15.0,82.0
20241014T1000,15.630245,24.84,32.0,17.0,32.0,1.0,108.0
20241014T1100,17.750246,27.359999,31.0,9.0,31.0,11.0,168.0
20241014T1200,19.250246,32.039997,41.0,0.0,41.0,9.0,281.0
20241014T1300,19.870245,28.44,20.0,0.0,14.0,20.0,265.0
20241014T1400,20.410246,28.44,42.0,1.0,11.0,42.0,276.0
20241014T1500,20.450245,27.0,39.0,0.0,16.0,39.0,186.0
20241014T1600,19.620245,26.28,46.0,0.0,32.0,46.0,97.0
20241014T1700,16.910246,21.24,44.0,0.0,35.0,44.0,16.0
20241014T1800,16.190247,17.64,49.0,0.0,36.0,49.0,0.0
20241014T1900,15.870245,20.16,48.0,0.0,40.0,48.0,0.0
20241014T2000,15.550245,18.72,42.0,0.0,22.0,42.0,0.0
20241014T2100,14.930245,16.56,50.0,0.0,23.0,50.0,0.0
20241014T2200,14.490245,14.759999,77.0,15.0,22.0,77.0,0.0
20241014T2300,13.920245,11.159999,99.0,28.0,14.0,99.0,0.0
20241015T0000,13.510245,9.36,100.0,6.0,8.0,100.0,0.0
20241015T0100,13.120245,9.0,100.0,71.0,4.0,100.0,0.0
20241015T0200,13.070246,8.28,96.0,95.0,1.0,96.0,0.0
20241015T0300,13.070246,8.64,90.0,95.0,1.0,90.0,0.0
20241015T0400,12.940246,9.36,86.0,99.0,3.0,86.0,0.0
20241015T0500,12.870245,9.36,70.0,95.0,10.0,70.0,0.0
20241015T0600,12.720245,10.08,56.0,100.0,25.0,56.0,0.0
20241015T0700,13.240245,13.32,64.0,99.0,42.0,64.0,18.0
20241015T0800,14.040245,14.04,37.0,99.0,37.0,35.0,60.0
20241015T0900,14.950245,14.04,83.0,100.0,83.0,31.0,109.0
20241015T1000,15.210245,14.4,95.0,98.0,95.0,39.0,145.0
20241015T1100,15.780245,15.84,100.0,98.0,100.0,40.0,169.0
20241015T1200,15.710245,16.199999,70.0,97.0,70.0,16.0,171.0
20241015T1300,15.390245,15.4800005,92.0,99.0,92.0,8.0,112.0
20241015T1400,15.370245,14.4,98.0,98.0,98.0,6.0,106.0
20241015T1500,15.420245,14.759999,91.0,97.0,91.0,4.0,75.0
20241015T1600,15.420245,12.959999,38.0,97.0,38.0,2.0,57.0
20241015T1700,14.880245,12.959999,29.1,97.0,26.0,0.0,6.0
20241015T1800,14.480246,13.32,44.0,91.0,44.0,0.0,0.0
20241015T1900,14.080245,15.84,27.6,92.0,14.0,0.0,0.0
20241015T2000,13.660245,14.759999,28.500002,95.0,0.0,25.0,0.0
20241015T2100,13.240245,15.119999,27.6,92.0,0.0,25.0,0.0
20241015T2200,12.830245,15.119999,89.0,75.0,0.0,89.0,0.0
20241015T2300,12.490245,15.4800005,60.0,41.0,0.0,60.0,0.0
20241016T0000,12.170245,15.119999,46.0,87.0,0.0,46.0,0.0
20241016T0100,12.090245,14.4,54.0,91.0,0.0,54.0,0.0
20241016T0200,11.850245,12.599999,37.0,92.0,0.0,37.0,0.0
20241016T0300,11.660245,10.08,28.500002,95.0,0.0,28.0,0.0
20241016T0400,11.690246,9.36,31.0,90.0,0.0,31.0,0.0
20241016T0500,11.8102455,10.440001,31.0,91.0,11.0,31.0,0.0
20241016T0600,11.710245,10.440001,36.0,93.0,27.0,36.0,0.0
20241016T0700,12.360246,11.5199995,72.0,99.0,72.0,36.0,35.0
20241016T0800,12.850245,13.32,94.0,100.0,94.0,22.0,105.0
20241016T0900,13.490245,13.32,100.0,100.0,100.0,12.0,132.0
20241016T1000,14.030245,12.959999,60.0,98.0,46.0,60.0,162.0
20241016T1100,15.220245,14.759999,71.0,80.0,71.0,50.0,266.0
20241016T1200,16.460245,16.199999,28.500002,95.0,19.0,8.0,431.0
20241016T1300,17.130245,15.4800005,29.400002,98.0,20.0,2.0,468.0
20241016T1400,17.720245,13.679999,29.400002,98.0,28.0,1.0,389.0
20241016T1500,17.390245,13.679999,38.0,57.0,38.0,0.0,234.0
20241016T1600,16.240246,10.440001,13.200001,44.0,10.0,0.0,102.0
20241016T1700,14.860246,11.159999,24.0,14.0,24.0,1.0,11.0
20241016T1800,14.300245,12.599999,29.0,1.0,29.0,0.0,0.0
20241016T1900,14.010245,12.599999,45.0,44.0,45.0,0.0,0.0
20241016T2000,14.110246,12.599999,66.0,95.0,66.0,0.0,0.0
20241016T2100,13.940246,14.4,91.0,98.0,91.0,0.0,0.0
20241016T2200,13.8102455,14.759999,99.0,94.0,99.0,98.0,0.0
20241016T2300,13.880245,23.039999,100.0,97.0,100.0,79.0,0.0
20241017T0000,14.140245,18.0,90.0,47.0,90.0,50.0,0.0
20241017T0100,14.000245,18.359999,74.0,23.0,74.0,41.0,0.0
20241017T0200,13.850245,18.359999,70.0,63.0,70.0,52.0,0.0
20241017T0300,13.8102455,18.0,58.0,89.0,58.0,48.0,0.0
20241017T0400,13.730246,17.28,73.0,81.0,55.0,73.0,0.0
20241017T0500,13.600245,16.199999,71.0,63.0,70.0,71.0,0.0
20241017T0600,13.500245,14.4,83.0,75.0,83.0,67.0,0.0
20241017T0700,13.780245,19.8,70.0,87.0,70.0,62.0,27.0
20241017T0800,14.690246,17.64,67.0,93.0,67.0,7.0,120.0
20241017T0900,15.930245,16.56,60.0,93.0,60.0,3.0,200.0
20241017T1000,18.540245,18.0,27.6,92.0,26.0,25.0,268.0
20241017T1100,20.060246,19.8,36.0,89.0,36.0,5.0,257.0
20241017T1200,20.770245,17.28,82.0,92.0,82.0,11.0,238.0
20241017T1300,20.920246,14.04,91.0,96.0,91.0,0.0,156.0
20241017T1400,20.730246,8.64,69.0,84.0,69.0,0.0,182.0
20241017T1500,20.480246,9.0,52.0,61.0,52.0,0.0,145.0
20241017T1600,19.170246,7.5599995,19.0,61.0,19.0,0.0,71.0
20241017T1700,17.510244,9.0,24.6,82.0,8.0,0.0,10.0
20241017T1800,16.800245,9.36,22.5,75.0,6.0,0.0,0.0
20241017T1900,15.0602455,13.32,23.400002,78.0,3.0,0.0,0.0
20241017T2000,14.100245,12.24,27.000002,90.0,0.0,0.0,0.0
20241017T2100,13.600245,12.599999,28.500002,95.0,1.0,0.0,0.0
20241017T2200,13.340245,12.24,23.1,77.0,2.0,2.0,0.0
20241017T2300,13.140245,10.799999,25.2,84.0,2.0,4.0,0.0
20241018T0000,12.860246,11.5199995,28.800001,96.0,2.0,14.0,0.0
20241018T0100,12.790245,12.24,29.7,99.0,1.0,12.0,0.0
20241018T0200,13.130245,11.5199995,28.500002,95.0,15.0,10.0,0.0
20241018T0300,13.650246,10.799999,27.0,66.0,23.0,27.0,0.0
20241018T0400,14.140245,11.5199995,36.0,48.0,7.0,36.0,0.0
20241018T0500,14.460245,11.159999,55.0,75.0,4.0,55.0,0.0
20241018T0600,14.490245,9.36,64.0,95.0,18.0,64.0,0.0
20241018T0700,14.730246,16.919998,62.0,100.0,29.0,62.0,25.0
20241018T0800,15.160245,15.119999,74.0,99.0,40.0,74.0,84.0
20241018T0900,15.660245,14.759999,86.0,91.0,57.0,86.0,80.0
20241018T1000,16.900246,16.56,68.0,98.0,37.0,68.0,72.0
20241018T1100,17.660246,20.519999,83.0,96.0,49.0,83.0,136.0
20241018T1200,17.410246,21.599998,87.0,98.0,60.0,87.0,152.0
20241018T1300,17.420246,21.24,79.0,98.0,59.0,79.0,97.0
20241018T1400,17.310246,19.8,81.0,98.0,81.0,81.0,87.0
20241018T1500,16.790245,18.359999,86.0,98.0,86.0,86.0,43.0
20241018T1600,16.090246,15.84,95.0,99.0,95.0,78.0,29.0
20241018T1700,15.0602455,11.5199995,92.0,99.0,92.0,76.0,4.0
20241018T1800,14.470245,11.159999,87.0,95.0,87.0,68.0,0.0
20241018T1900,13.870245,12.599999,76.0,87.0,64.0,76.0,0.0
20241018T2000,13.420245,11.159999,60.0,75.0,44.0,60.0,0.0
20241018T2100,13.170245,11.159999,45.0,53.0,36.0,45.0,0.0
20241018T2200,12.300245,11.879999,20.0,18.0,9.0,20.0,0.0
20241018T2300,12.050245,11.5199995,41.0,14.0,0.0,41.0,0.0
20241019T0000,11.820246,11.879999,76.0,13.0,1.0,76.0,0.0
20241019T0100,11.670245,12.599999,92.0,16.0,4.0,92.0,0.0
20241019T0200,11.350245,12.959999,99.0,20.0,10.0,99.0,0.0
20241019T0300,11.0602455,11.879999,93.0,13.0,10.0,93.0,0.0
20241019T0400,10.750245,11.159999,93.0,6.0,14.0,93.0,0.0
20241019T0500,10.760245,11.5199995,98.0,44.0,2.0,98.0,0.0
20241019T0600,11.320246,10.799999,98.0,91.0,3.0,98.0,0.0
20241019T0700,11.920245,14.759999,97.0,99.0,7.0,97.0,17.0
20241019T0800,12.880245,14.759999,83.0,100.0,1.0,83.0,59.0
20241019T0900,14.050245,13.32,75.0,100.0,2.0,75.0,148.0
20241019T1000,14.950245,14.759999,91.0,100.0,3.0,91.0,249.0
20241019T1100,16.000246,15.119999,98.0,100.0,4.0,98.0,272.0
20241019T1200,16.490246,15.119999,100.0,99.0,11.0,100.0,229.0
20241019T1300,16.840246,13.679999,99.0,98.0,26.0,99.0,191.0
20241019T1400,17.430244,11.879999,95.0,96.0,39.0,95.0,163.0
20241019T1500,17.270245,9.0,95.0,96.0,57.0,95.0,92.0
20241019T1600,16.500246,7.2,76.0,99.0,76.0,57.0,53.0
20241019T1700,14.5602455,9.0,76.0,98.0,76.0,36.0,5.0
20241019T1800,13.270246,9.0,61.0,90.0,61.0,6.0,0.0
20241019T1900,12.460245,11.879999,53.0,84.0,53.0,2.0,0.0
20241019T2000,11.830245,9.0,68.0,89.0,68.0,0.0,0.0
20241019T2100,10.930245,7.2,73.0,86.0,73.0,1.0,0.0
20241019T2200,11.270246,7.92,30.0,29.0,30.0,10.0,0.0
20241019T2300,10.400246,7.92,19.0,0.0,19.0,11.0,0.0
20241020T0000,10.0602455,7.92,25.0,2.0,11.0,25.0,0.0
20241020T0100,9.870245,7.5599995,36.0,1.0,7.0,36.0,0.0
20241020T0200,9.970245,7.5599995,78.0,0.0,3.0,78.0,0.0
20241020T0300,9.970245,7.92,100.0,3.0,1.0,100.0,0.0
20241020T0400,10.320246,6.8399997,100.0,76.0,0.0,100.0,0.0
20241020T0500,10.030245,9.72,100.0,100.0,0.0,100.0,0.0
20241020T0600,10.300245,11.879999,100.0,99.0,4.0,100.0,0.0
20241020T0700,10.860246,12.24,100.0,99.0,9.0,100.0,26.0
20241020T0800,11.650246,13.679999,100.0,100.0,18.0,100.0,83.0
20241020T0900,13.210245,15.119999,82.0,99.0,0.0,82.0,177.0
20241020T1000,14.120245,15.119999,76.0,98.0,19.0,76.0,247.0
20241020T1100,15.450245,14.4,77.0,98.0,34.0,77.0,353.0
20241020T1200,16.380245,16.56,54.0,96.0,10.0,54.0,428.0
20241020T1300,17.000246,16.56,28.800001,96.0,13.0,25.0,377.0
20241020T1400,17.860245,15.84,28.800001,96.0,23.0,11.0,308.0
20241020T1500,17.790245,14.04,28.500002,95.0,24.0,3.0,220.0
20241020T1600,16.420246,10.799999,22.0,63.0,22.0,1.0,91.0
20241020T1700,13.250245,11.159999,16.2,54.0,10.0,0.0,7.0
20241020T1800,12.190246,12.599999,21.0,70.0,1.0,1.0,0.0
20241020T1900,11.370245,14.4,22.2,74.0,0.0,0.0,0.0
20241020T2000,10.790245,12.24,20.7,69.0,0.0,0.0,0.0
20241020T2100,10.480246,13.32,11.1,37.0,0.0,0.0,0.0
20241020T2200,10.320246,14.4,28.0,52.0,28.0,0.0,0.0
20241020T2300,10.330245,14.4,63.0,83.0,63.0,0.0,0.0
20241021T0000,9.900246,13.679999,51.0,91.0,51.0,0.0,0.0
20241021T0100,9.900246,14.04,46.0,92.0,46.0,0.0,0.0
20241021T0200,9.870245,14.4,34.0,91.0,34.0,0.0,0.0
20241021T0300,9.770246,14.04,33.0,83.0,33.0,0.0,0.0
20241021T0400,9.680245,12.959999,39.0,81.0,39.0,0.0,0.0
20241021T0500,9.730246,11.879999,31.0,23.0,31.0,0.0,0.0
20241021T0600,9.710245,12.24,55.0,0.0,55.0,0.0,0.0
20241021T0700,10.790245,15.4800005,77.0,0.0,77.0,0.0,40.0
20241021T0800,12.930245,16.199999,74.0,0.0,74.0,0.0,139.0
20241021T0900,14.960245,15.84,53.0,0.0,53.0,0.0,283.0
20241021T1000,17.100245,14.4,13.0,6.0,13.0,0.0,400.0
20241021T1100,18.930244,15.119999,8.0,11.0,8.0,0.0,444.0
20241021T1200,20.200245,14.759999,8.0,0.0,8.0,0.0,477.0
20241021T1300,21.080246,13.679999,3.0,0.0,3.0,0.0,416.0
20241021T1400,21.740246,11.5199995,4.0,0.0,4.0,0.0,337.0
20241021T1500,21.250246,9.36,4.0,1.0,4.0,0.0,224.0
20241021T1600,19.230246,6.8399997,1.0,2.0,1.0,0.0,98.0
20241021T1700,15.930245,8.64,2.0,1.0,2.0,0.0,6.0
20241021T1800,13.420245,11.5199995,2.1000001,7.0,1.0,0.0,0.0
20241021T1900,12.850245,15.4800005,8.400001,28.0,3.0,0.0,0.0
20241021T2000,12.470245,16.199999,7.2000003,24.0,7.0,1.0,0.0
20241021T2100,12.480246,17.64,13.0,43.0,13.0,1.0,0.0
20241021T2200,12.480246,19.08,19.2,64.0,7.0,0.0,0.0
20241021T2300,12.950245,20.16,21.0,31.0,21.0,0.0,0.0
20241022T0000,13.940246,20.880001,51.0,1.0,51.0,3.0,0.0
20241022T0100,15.210245,20.16,80.0,0.0,80.0,7.0,0.0
20241022T0200,15.720245,19.44,89.0,0.0,89.0,33.0,0.0
20241022T0300,15.720245,18.72,85.0,0.0,85.0,37.0,0.0
20241022T0400,15.670245,18.0,76.0,0.0,76.0,39.0,0.0
20241022T0500,15.640245,17.28,65.0,0.0,65.0,47.0,0.0
20241022T0600,15.460245,16.56,67.0,0.0,67.0,52.0,0.0
20241022T0700,15.950245,15.84,78.0,0.0,73.0,78.0,11.0
20241022T0800,16.550245,15.84,87.0,0.0,80.0,87.0,47.0
20241022T0900,17.010244,16.56,90.0,0.0,78.0,90.0,70.0
20241022T1000,17.380245,17.28,100.0,0.0,99.0,100.0,74.0
20241022T1100,17.560246,14.04,100.0,0.0,100.0,100.0,35.0
20241022T1200,17.450245,17.64,100.0,0.0,100.0,100.0,66.0
20241022T1300,17.300245,15.84,100.0,2.0,100.0,100.0,100.0
20241022T1400,16.960245,16.56,100.0,37.0,100.0,100.0,103.0
20241022T1500,16.340246,12.599999,100.0,56.0,100.0,100.0,43.0
20241022T1600,15.860246,10.440001,100.0,72.0,100.0,100.0,20.0
20241022T1700,15.100245,8.64,100.0,81.0,100.0,99.0,1.0
20241022T1800,14.870245,10.08,100.0,91.0,100.0,92.0,0.0
20241022T1900,14.580245,16.56,99.0,94.0,99.0,94.0,0.0
20241022T2000,14.040245,16.919998,99.0,96.0,99.0,94.0,0.0
20241022T2100,13.770246,16.919998,94.0,94.0,94.0,88.0,0.0
20241022T2200,13.700245,15.119999,95.0,93.0,95.0,79.0,0.0
20241022T2300,13.370245,11.879999,88.0,91.0,88.0,73.0,0.0
20241023T0000,13.020246,14.759999,91.0,80.0,91.0,72.0,0.0
20241023T0100,12.740245,17.64,92.0,80.0,92.0,74.0,0.0
20241023T0200,12.200245,17.64,100.0,58.0,100.0,79.0,0.0
20241023T0300,11.760245,16.919998,100.0,16.0,100.0,80.0,0.0
20241023T0400,11.600245,16.199999,100.0,1.0,100.0,89.0,0.0
20241023T0500,11.240245,15.4800005,100.0,0.0,100.0,94.0,0.0
20241023T0600,11.040245,16.56,100.0,0.0,100.0,92.0,0.0
20241023T0700,10.970245,17.64,100.0,0.0,100.0,87.0,8.0
20241023T0800,11.380245,17.28,99.0,0.0,99.0,87.0,31.0
20241023T0900,12.040245,16.919998,97.0,0.0,97.0,80.0,63.0
20241023T1000,13.3102455,21.96,64.0,27.0,63.0,64.0,178.0
20241023T1100,14.490245,24.84,62.0,15.0,62.0,62.0,298.0
20241023T1200,15.070246,24.48,47.0,2.0,40.0,47.0,266.0
20241023T1300,15.720245,24.119999,64.0,1.0,37.0,64.0,348.0
20241023T1400,15.900246,23.039999,70.0,0.0,21.0,70.0,258.0
20241023T1500,15.640245,21.24,70.0,0.0,17.0,70.0,138.0
20241023T1600,14.490245,17.28,56.0,0.0,12.0,56.0,51.0
20241023T1700,13.280245,12.599999,23.0,0.0,4.0,23.0,3.0
20241023T1800,12.800245,12.24,41.0,0.0,2.0,41.0,0.0
20241023T1900,12.230246,14.4,58.0,0.0,0.0,58.0,0.0
20241023T2000,11.990245,11.879999,65.0,0.0,0.0,65.0,0.0
20241023T2100,11.420245,11.159999,68.0,0.0,1.0,68.0,0.0
20241023T2200,11.330245,10.440001,51.0,5.0,21.0,51.0,0.0
20241023T2300,11.020246,10.440001,70.0,12.0,12.0,70.0,0.0
20241024T0000,11.370245,10.08,73.0,14.0,12.0,73.0,0.0
20241024T0100,11.190246,9.0,69.0,17.0,7.0,69.0,0.0
20241024T0200,10.950245,9.0,53.0,7.0,4.0,53.0,0.0
20241024T0300,11.070246,9.0,61.0,8.0,6.0,61.0,0.0
20241024T0400,11.250245,9.0,62.0,5.0,7.0,62.0,0.0
20241024T0500,11.220245,8.64,68.0,7.0,11.0,68.0,0.0
20241024T0600,11.190246,7.92,65.0,5.0,10.0,65.0,0.0
20241024T0700,11.840245,13.679999,67.0,10.0,7.0,67.0,21.0
20241024T0800,12.610246,15.119999,71.0,12.0,5.0,71.0,97.0
20241024T0900,13.740245,19.44,34.0,13.0,9.0,34.0,204.0
20241024T1000,15.350245,21.599998,58.0,67.0,28.0,58.0,329.0
20241024T1100,16.370245,21.599998,44.0,48.0,28.0,44.0,376.0
20241024T1200,17.170246,19.8,36.0,28.0,21.0,36.0,363.0
20241024T1300,17.620245,17.64,46.0,11.0,37.0,46.0,392.0
20241024T1400,17.200245,16.199999,62.0,6.0,62.0,18.0,324.0
20241024T1500,16.300245,14.759999,71.0,15.0,71.0,1.0,197.0
20241024T1600,15.220245,16.919998,60.0,6.0,60.0,0.0,71.0
20241024T1700,14.230246,12.959999,59.0,2.0,59.0,1.0,3.0
20241024T1800,13.430245,13.679999,43.0,2.0,43.0,0.0,0.0
20241024T1900,13.300245,16.199999,34.0,5.0,34.0,0.0,0.0
20241024T2000,13.080245,16.56,35.0,0.0,35.0,0.0,0.0
20241024T2100,12.660245,16.56,42.0,0.0,42.0,0.0,0.0
20241024T2200,12.890245,16.199999,53.0,1.0,53.0,25.0,0.0
20241024T2300,12.760245,15.84,67.0,0.0,67.0,51.0,0.0
20241025T0000,12.700245,15.84,75.0,0.0,75.0,73.0,0.0
20241025T0100,12.370245,14.759999,67.0,0.0,64.0,67.0,0.0
20241025T0200,12.230246,14.4,59.0,0.0,54.0,59.0,0.0
20241025T0300,12.270246,14.4,73.0,0.0,50.0,73.0,0.0
20241025T0400,12.420245,14.04,69.0,1.0,41.0,69.0,0.0
20241025T0500,12.380245,13.679999,73.0,0.0,39.0,73.0,0.0
20241025T0600,12.0602455,12.959999,71.0,1.0,34.0,71.0,0.0
20241025T0700,12.040245,18.359999,71.0,3.0,47.0,71.0,17.0
20241025T0800,13.130245,18.72,69.0,0.0,46.0,69.0,69.0
20241025T0900,14.600245,18.359999,35.0,1.0,35.0,7.0,156.0
20241025T1000,16.030245,17.64,46.0,0.0,26.0,46.0,276.0
20241025T1100,17.360245,18.359999,29.0,1.0,29.0,11.0,437.0
20241025T1200,18.230246,17.64,29.0,0.0,29.0,9.0,449.0
20241025T1300,18.840246,15.84,27.0,2.0,27.0,2.0,409.0
20241025T1400,18.960245,12.599999,25.0,8.0,25.0,1.0,331.0
20241025T1500,18.490246,10.08,40.0,30.0,40.0,0.0,213.0
20241025T1600,17.380245,6.12,25.0,61.0,25.0,0.0,80.0
20241025T1700,16.180246,6.4799995,24.0,80.0,10.0,0.0,3.0
20241025T1800,13.290245,7.5599995,27.000002,90.0,9.0,0.0,0.0
20241025T1900,11.950245,9.36,25.800001,86.0,4.0,0.0,0.0
20241025T2000,11.450245,8.64,19.2,64.0,2.0,0.0,0.0
20241025T2100,11.100245,9.72,10.5,35.0,0.0,0.0,0.0
20241025T2200,11.210245,10.799999,14.0,36.0,14.0,12.0,0.0
20241025T2300,11.020246,10.799999,26.0,43.0,22.0,26.0,0.0
20241026T0000,10.730246,10.08,48.0,45.0,25.0,48.0,0.0
20241026T0100,10.320246,9.72,60.0,31.0,0.0,60.0,0.0
20241026T0200,9.530245,8.64,55.0,19.0,0.0,55.0,0.0
20241026T0300,9.320246,9.0,63.0,33.0,0.0,63.0,0.0
20241026T0400,9.450245,9.72,56.0,56.0,5.0,56.0,0.0
20241026T0500,9.550245,10.08,49.0,66.0,6.0,49.0,0.0
20241026T0600,9.720245,10.440001,54.0,23.0,11.0,54.0,0.0
20241026T0700,9.780245,10.799999,71.0,27.0,5.0,71.0,23.0
20241026T0800,10.3102455,12.959999,42.0,36.0,0.0,42.0,103.0
20241026T0900,11.240245,14.4,20.7,69.0,0.0,16.0,212.0
20241026T1000,12.500245,15.119999,93.0,83.0,0.0,93.0,332.0
20241026T1100,13.080245,14.759999,77.0,79.0,0.0,77.0,413.0
20241026T1200,13.770246,14.4,66.0,67.0,2.0,66.0,446.0
20241026T1300,14.090245,14.04,23.7,79.0,0.0,22.0,383.0
20241026T1400,14.270246,13.32,29.400002,98.0,0.0,11.0,319.0
20241026T1500,13.800245,12.599999,28.500002,95.0,1.0,8.0,208.0
20241026T1600,13.700245,8.64,28.800001,96.0,6.0,6.0,76.0
20241026T1700,13.250245,7.92,29.7,99.0,19.0,1.0,2.0
20241026T1800,13.140245,7.5599995,55.0,100.0,55.0,1.0,0.0
20241026T1900,11.280245,9.0,48.0,100.0,48.0,1.0,0.0
20241026T2000,11.030245,8.28,30.000002,100.0,10.0,2.0,0.0
20241026T2100,10.660245,8.64,29.7,99.0,3.0,1.0,0.0
20241026T2200,11.010245,8.64,19.2,64.0,0.0,2.0,0.0
20241026T2300,10.480246,9.72,25.500002,85.0,3.0,7.0,0.0
20241027T0000,10.000245,9.72,28.800001,96.0,22.0,0.0,0.0
20241027T0100,9.520246,9.36,27.6,92.0,17.0,1.0,0.0
20241027T0200,9.600245,10.08,13.8,46.0,9.0,1.0,0.0
20241027T0300,9.700245,10.799999,39.0,19.0,39.0,0.0,0.0
20241027T0400,9.990245,10.799999,29.0,13.0,29.0,2.0,0.0
20241027T0500,10.450245,11.159999,44.0,79.0,44.0,0.0,0.0
20241027T0600,10.650246,10.799999,63.0,21.0,63.0,1.0,0.0
20241027T0700,11.230246,13.679999,70.0,47.0,70.0,1.0,16.0
20241027T0800,12.430245,12.959999,58.0,57.0,58.0,0.0,109.0
20241027T0900,14.090245,12.959999,77.0,36.0,77.0,0.0,179.0
20241027T1000,15.950245,12.959999,67.0,0.0,67.0,2.0,260.0
20241027T1100,17.690245,12.959999,67.0,4.0,67.0,3.0,326.0
20241027T1200,18.850245,11.879999,70.0,9.0,70.0,1.0,437.0
20241027T1300,19.680244,10.440001,59.0,29.0,59.0,0.0,406.0
20241027T1400,20.060246,10.440001,1.0,1.0,1.0,0.0,326.0
20241027T1500,19.580246,8.64,1.0,0.0,1.0,0.0,208.0
20241027T1600,17.880245,5.3999996,5.0,0.0,5.0,0.0,74.0
20241027T1700,15.260245,4.32,11.0,0.0,11.0,0.0,2.0
20241027T1800,14.120245,4.32,9.0,0.0,9.0,1.0,0.0
20241027T1900,12.430245,8.28,5.0,0.0,5.0,1.0,0.0
20241027T2000,11.250245,8.28,2.1000001,7.0,2.0,0.0,0.0
20241027T2100,10.3102455,7.92,4.5,15.0,1.0,0.0,0.0
20241027T2200,10.170245,9.36,1.5,5.0,1.0,1.0,0.0
20241027T2300,9.620245,10.08,2.0,3.0,2.0,0.0,0.0
20241028T0000,9.490245,10.440001,0.0,0.0,0.0,0.0,0.0
20241028T0100,9.380245,10.440001,0.0,0.0,0.0,0.0,0.0
20241028T0200,9.030245,10.08,1.0,0.0,1.0,0.0,0.0
20241028T0300,8.600245,10.08,7.0,0.0,7.0,0.0,0.0
20241028T0400,8.640245,10.799999,9.0,0.0,9.0,0.0,0.0
20241028T0500,8.330246,10.799999,10.0,0.0,10.0,0.0,0.0
20241028T0600,8.190246,10.799999,7.0,0.0,7.0,0.0,0.0
20241028T0700,9.100245,13.32,5.0,0.0,5.0,2.0,26.0
20241028T0800,11.550245,13.679999,4.0,0.0,4.0,3.0,133.0
20241028T0900,13.890245,13.32,5.0,0.0,5.0,1.0,257.0
20241028T1000,16.080246,12.24,28.0,0.0,28.0,13.0,348.0
20241028T1100,17.750246,12.24,34.0,0.0,34.0,4.0,435.0
20241028T1200,18.950245,11.159999,28.0,0.0,28.0,4.0,440.0
20241028T1300,19.640245,9.72,11.0,0.0,11.0,0.0,396.0
20241028T1400,20.040245,9.36,2.0,0.0,2.0,0.0,322.0
20241028T1500,19.760244,7.5599995,4.0,0.0,4.0,1.0,203.0
20241028T1600,17.160246,6.8399997,1.0,0.0,1.0,0.0,71.0
20241028T1700,15.010245,6.4799995,1.0,0.0,1.0,0.0,1.0
20241028T1800,12.390245,9.0,9.0,0.0,9.0,1.0,0.0
20241028T1900,11.220245,11.879999,6.0,2.0,6.0,1.0,0.0
20241028T2000,10.820246,11.159999,3.0,0.0,3.0,0.0,0.0
20241028T2100,10.320246,11.879999,2.0,0.0,2.0,0.0,0.0
20241028T2200,10.070246,12.24,0.3,1.0,0.0,0.0,0.0
20241028T2300,9.690246,12.24,6.0,1.0,4.0,6.0,0.0
20241029T0000,9.530245,11.879999,12.0,1.0,6.0,12.0,0.0
20241029T0100,9.350245,11.5199995,59.0,0.0,7.0,59.0,0.0
20241029T0200,9.580245,12.599999,60.0,0.0,10.0,60.0,0.0
20241029T0300,9.400246,12.599999,61.0,0.0,7.0,61.0,0.0
20241029T0400,9.130245,12.599999,63.0,0.0,9.0,63.0,0.0
20241029T0500,8.870245,12.599999,65.0,0.0,12.0,65.0,0.0
20241029T0600,8.750245,12.959999,69.0,0.0,17.0,69.0,0.0
20241029T0700,9.020246,14.759999,68.0,0.0,17.0,68.0,15.0
20241029T0800,10.980246,15.84,71.0,0.0,14.0,71.0,84.0
20241029T0900,13.120245,15.84,22.0,0.0,9.0,22.0,227.0
20241029T1000,15.400246,14.759999,56.0,0.0,14.0,56.0,342.0
20241029T1100,16.950245,14.04,41.0,0.0,17.0,41.0,374.0
20241029T1200,18.180244,12.959999,13.0,0.0,13.0,12.0,450.0
20241029T1300,18.750246,11.5199995,15.0,0.0,15.0,8.0,411.0
20241029T1400,18.950245,9.36,16.0,0.0,13.0,16.0,325.0
20241029T1500,18.410246,7.5599995,12.0,0.0,12.0,11.0,203.0
20241029T1600,16.320246,7.5599995,7.0,0.0,3.0,7.0,69.0
20241029T1700,14.220245,7.5599995,8.0,0.0,8.0,8.0,1.0
20241029T1800,12.920245,5.7599998,2.0,0.0,2.0,1.0,0.0
20241029T1900,11.110246,6.4799995,1.0,0.0,1.0,1.0,0.0
20241029T2000,10.000245,8.28,1.0,0.0,0.0,1.0,0.0
20241029T2100,9.540245,9.0,0.0,0.0,0.0,0.0,0.0
20241029T2200,9.420245,9.36,15.0,0.0,1.0,15.0,0.0
20241029T2300,9.260245,9.36,73.0,0.0,0.0,73.0,0.0
20241030T0000,8.950245,9.72,85.0,0.0,0.0,85.0,0.0
20241030T0100,8.700245,9.72,87.0,0.0,0.0,87.0,0.0
20241030T0200,8.770246,10.08,90.0,0.0,0.0,90.0,0.0
20241030T0300,8.640245,10.440001,88.0,0.0,0.0,88.0,0.0
20241030T0400,8.340245,10.799999,91.0,0.0,0.0,91.0,0.0
20241030T0500,8.470245,11.5199995,90.0,0.0,0.0,90.0,0.0
20241030T0600,8.600245,12.959999,90.0,0.0,0.0,90.0,0.0
20241030T0700,8.850245,14.759999,89.0,0.0,0.0,89.0,15.0
20241030T0800,9.760245,14.759999,88.0,0.0,0.0,88.0,92.0
20241030T0900,11.040245,14.04,88.0,0.0,0.0,88.0,204.0
20241030T1000,12.790245,13.679999,90.0,0.0,0.0,90.0,287.0
20241030T1100,13.480246,14.04,82.0,0.0,0.0,82.0,373.0
20241030T1200,14.0602455,13.32,79.0,0.0,0.0,79.0,441.0
20241030T1300,14.420245,13.679999,87.0,0.0,0.0,87.0,415.0
20241030T1400,14.360246,14.04,83.0,0.0,0.0,83.0,317.0
20241030T1500,13.780245,13.679999,70.0,0.0,0.0,70.0,199.0
20241030T1600,11.510245,11.5199995,23.0,0.0,0.0,23.0,67.0
20241030T1700,10.910245,12.959999,14.0,0.0,0.0,14.0,1.0
20241030T1800,10.8102455,12.959999,17.0,0.0,0.0,17.0,0.0
20241030T1900,10.690246,7.92,7.0,0.0,0.0,7.0,0.0
20241030T2000,10.280245,8.28,10.0,0.0,0.0,10.0,0.0
20241030T2100,9.690246,9.36,6.0,0.0,0.0,6.0,0.0
20241030T2200,9.840245,9.72,59.0,0.0,0.0,59.0,0.0
20241030T2300,9.360246,9.72,55.0,0.0,0.0,55.0,0.0
20241031T0000,8.940246,10.08,60.0,0.0,0.0,60.0,0.0
20241031T0100,8.980246,10.08,59.0,0.0,0.0,59.0,0.0
20241031T0200,9.510245,9.72,57.0,0.0,0.0,57.0,0.0
20241031T0300,9.610246,10.799999,62.0,0.0,0.0,62.0,0.0
20241031T0400,9.700245,11.5199995,66.0,0.0,0.0,66.0,0.0
20241031T0500,9.800245,11.5199995,61.0,0.0,0.0,61.0,0.0
20241031T0600,9.820246,10.799999,58.0,0.0,0.0,58.0,0.0
20241031T0700,9.890245,9.36,71.0,3.0,0.0,71.0,13.0
20241031T0800,10.110246,11.5199995,73.0,22.0,0.0,73.0,59.0
20241031T0900,10.540245,12.959999,49.0,0.0,0.0,49.0,137.0
20241031T1000,11.230246,13.679999,99.0,0.0,0.0,99.0,225.0
20241031T1100,11.640245,14.04,84.0,0.0,0.0,84.0,302.0
20241031T1200,12.040245,14.04,76.0,0.0,0.0,76.0,340.0
20241031T1300,12.450245,12.959999,35.0,0.0,0.0,35.0,319.0
20241031T1400,12.650246,11.5199995,33.0,0.0,0.0,33.0,281.0
20241031T1500,12.420245,9.72,13.0,0.0,0.0,13.0,138.0
20241031T1600,12.150246,7.2,9.0,0.0,0.0,9.0,58.0
20241031T1700,12.400246,7.92,8.0,0.0,0.0,8.0,0.0
20241031T1800,10.620245,7.92,7.0,0.0,0.0,7.0,0.0
20241031T1900,9.650246,9.0,6.0,0.0,0.0,6.0,0.0
20241031T2000,9.760245,9.0,6.0,0.0,0.0,6.0,0.0
20241031T2100,9.430245,10.08,3.0,0.0,0.0,3.0,0.0
20241031T2200,9.420245,10.08,63.0,0.0,0.0,63.0,0.0
20241031T2300,8.970245,10.08,63.0,0.0,0.0,63.0,0.0
20241101T0000,8.760245,10.08,83.0,0.0,0.0,83.0,0.0
20241101T0100,8.390245,10.440001,90.0,0.0,0.0,90.0,0.0
20241101T0200,8.290245,11.159999,91.0,0.0,0.0,91.0,0.0
20241101T0300,7.8902454,11.5199995,91.0,0.0,0.0,91.0,0.0
20241101T0400,7.690245,11.159999,92.0,3.0,0.0,92.0,0.0
20241101T0500,7.4302454,11.879999,91.0,14.0,0.0,91.0,0.0
20241101T0600,6.9702454,12.599999,91.0,20.0,0.0,91.0,0.0
20241101T0700,7.0902452,15.84,71.0,22.0,0.0,71.0,16.0
20241101T0800,8.300245,16.56,72.0,27.0,0.0,72.0,118.0
20241101T0900,9.610246,16.919998,21.0,27.0,0.0,21.0,220.0
20241101T1000,11.070246,16.56,16.0,24.0,0.0,16.0,330.0
20241101T1100,12.8102455,15.4800005,5.0,15.0,0.0,5.0,431.0
20241101T1200,14.610246,14.04,5.0,5.0,0.0,5.0,436.0
20241101T1300,16.040245,13.32,4.8,16.0,0.0,1.0,401.0
20241101T1400,16.470245,12.599999,5.4,18.0,0.0,2.0,316.0
20241101T1500,16.050245,10.799999,0.0,0.0,0.0,0.0,192.0
20241101T1600,14.290245,8.28,1.2,4.0,0.0,1.0,61.0
20241101T1700,11.500245,9.0,3.3000002,11.0,0.0,0.0,0.0
20241101T1800,8.970245,11.159999,11.700001,39.0,0.0,0.0,0.0
20241101T1900,8.350245,12.959999,7.8,26.0,0.0,0.0,0.0
20241101T2000,7.960245,10.799999,1.0,0.0,0.0,1.0,0.0
20241101T2100,7.670245,10.440001,0.0,0.0,0.0,0.0,0.0
20241101T2200,7.500245,10.799999,1.0,0.0,0.0,1.0,0.0
20241101T2300,6.9702454,11.159999,5.0,0.0,0.0,5.0,0.0
20241102T0000,7.3902454,10.799999,30.0,0.0,0.0,30.0,0.0
20241102T0100,8.130245,9.72,44.0,0.0,0.0,44.0,0.0
20241102T0200,8.390245,9.36,62.0,0.0,0.0,62.0,0.0
20241102T0300,8.110246,10.440001,88.0,0.0,0.0,88.0,0.0
20241102T0400,7.130245,12.24,89.0,0.0,0.0,89.0,0.0
20241102T0500,6.520245,13.32,91.0,0.0,0.0,91.0,0.0
20241102T0600,6.8902454,12.959999,91.0,0.0,0.0,91.0,0.0
20241102T0700,7.000245,12.959999,99.0,0.0,0.0,99.0,10.0
20241102T0800,7.3202453,13.32,100.0,0.0,0.0,100.0,58.0
20241102T0900,8.020246,15.84,100.0,0.0,0.0,100.0,134.0
20241102T1000,8.800245,16.919998,100.0,3.0,0.0,100.0,154.0
20241102T1100,9.370245,17.64,100.0,0.0,0.0,100.0,224.0
20241102T1200,9.980246,19.44,98.0,0.0,0.0,98.0,251.0
20241102T1300,10.350245,21.599998,97.0,0.0,1.0,97.0,223.0
20241102T1400,10.420245,21.599998,85.0,0.0,0.0,85.0,213.0
20241102T1500,10.220245,20.880001,66.0,0.0,0.0,66.0,121.0
20241102T1600,8.910245,17.64,53.0,0.0,1.0,53.0,51.0
20241102T1700,8.730246,14.04,31.0,0.0,0.0,31.0,0.0
20241102T1800,9.150246,12.959999,34.0,0.0,1.0,34.0,0.0
20241102T1900,9.080245,12.599999,26.0,0.0,1.0,26.0,0.0
20241102T2000,8.320246,11.159999,26.0,0.0,0.0,26.0,0.0
20241102T2100,7.860245,11.159999,21.0,0.0,1.0,21.0,0.0
20241102T2200,8.090245,11.159999,25.0,20.0,0.0,25.0,0.0
20241102T2300,8.130245,11.159999,32.0,22.0,0.0,32.0,0.0
20241103T0000,8.270246,10.799999,42.0,45.0,1.0,42.0,0.0
20241103T0100,8.220245,10.440001,48.0,29.0,0.0,48.0,0.0
20241103T0200,8.370246,10.440001,47.0,25.0,1.0,47.0,0.0
20241103T0300,8.330246,9.72,40.0,17.0,0.0,40.0,0.0
20241103T0400,8.450246,9.0,51.0,13.0,0.0,51.0,0.0
20241103T0500,8.350245,8.64,40.0,1.0,0.0,40.0,0.0
20241103T0600,8.490246,7.92,34.0,0.0,0.0,34.0,0.0
20241103T0700,8.080246,10.799999,46.0,0.0,0.0,46.0,12.0
20241103T0800,8.920245,12.599999,25.0,0.0,0.0,25.0,90.0
20241103T0900,9.330245,13.679999,19.0,0.0,0.0,19.0,197.0
20241103T1000,9.860246,14.4,76.0,2.0,1.0,76.0,282.0
20241103T1100,10.710245,14.759999,49.0,0.0,0.0,49.0,369.0
20241103T1200,11.540245,13.679999,25.0,0.0,0.0,25.0,417.0
20241103T1300,12.260245,12.599999,24.0,0.0,0.0,24.0,367.0
20241103T1400,12.610246,10.799999,17.0,0.0,0.0,17.0,282.0
20241103T1500,11.980246,8.28,12.0,0.0,0.0,12.0,182.0
20241103T1600,11.750245,5.04,13.0,0.0,0.0,13.0,55.0
20241103T1700,9.910245,7.2,10.0,0.0,0.0,10.0,0.0
20241103T1800,7.6002455,9.36,8.0,0.0,0.0,8.0,0.0
20241103T1900,6.290245,11.159999,5.0,0.0,0.0,5.0,0.0
20241103T2000,5.7602453,10.440001,3.0,0.0,0.0,3.0,0.0
20241103T2100,5.3202453,11.159999,3.0,0.0,0.0,3.0,0.0
20241103T2200,5.610245,11.5199995,4.0,0.0,0.0,4.0,0.0
20241103T2300,5.1202455,11.5199995,8.0,0.0,0.0,8.0,0.0
20241104T0000,4.6002455,11.5199995,6.0,0.0,0.0,6.0,0.0
20241104T0100,4.3002453,11.159999,6.0,0.0,0.0,6.0,0.0
20241104T0200,4.0102453,10.799999,5.0,0.0,0.0,5.0,0.0
20241104T0300,3.9602456,10.799999,18.0,0.0,0.0,18.0,0.0
20241104T0400,4.0902452,10.440001,31.0,0.0,0.0,31.0,0.0
20241104T0500,4.3502455,10.440001,31.0,0.0,0.0,31.0,0.0
20241104T0600,4.5702453,10.799999,44.0,0.0,0.0,44.0,0.0
20241104T0700,4.880245,15.119999,33.0,0.0,0.0,33.0,11.0
20241104T0800,6.0702453,14.04,21.0,0.0,0.0,21.0,89.0
20241104T0900,7.4902453,14.04,18.0,0.0,0.0,18.0,193.0
20241104T1000,7.710245,14.04,74.0,0.0,0.0,74.0,319.0
20241104T1100,8.500245,14.4,49.0,0.0,0.0,49.0,408.0
20241104T1200,9.260245,13.679999,22.0,0.0,0.0,22.0,414.0
20241104T1300,9.930245,12.24,19.0,0.0,0.0,19.0,377.0
20241104T1400,10.180245,10.799999,14.0,0.0,0.0,14.0,301.0
20241104T1500,9.480246,9.36,13.0,0.0,0.0,13.0,178.0
20241104T1600,9.970245,7.2,15.0,0.0,0.0,15.0,51.0
20241104T1700,8.710245,8.64,11.0,0.0,0.0,11.0,0.0
20241104T1800,6.2802453,10.440001,10.0,0.0,0.0,10.0,0.0
20241104T1900,6.230245,9.72,7.0,0.0,0.0,7.0,0.0
20241104T2000,6.130245,11.159999,7.0,0.0,0.0,7.0,0.0
20241104T2100,6.0602455,11.879999,9.0,0.0,0.0,9.0,0.0
20241104T2200,5.9502454,12.24,12.0,0.0,0.0,12.0,0.0
20241104T2300,5.6402454,12.599999,20.0,0.0,0.0,20.0,0.0
20241105T0000,5.650245,12.599999,16.0,0.0,0.0,16.0,0.0
20241105T0100,5.7002454,12.24,38.0,0.0,0.0,38.0,0.0
20241105T0200,5.4702454,12.24,47.0,0.0,0.0,47.0,0.0
20241105T0300,5.3902454,12.599999,72.0,0.0,0.0,72.0,0.0
20241105T0400,5.250245,12.959999,60.0,0.0,0.0,60.0,0.0
20241105T0500,5.3302455,13.679999,37.0,0.0,0.0,37.0,0.0
20241105T0600,5.3202453,14.04,34.0,0.0,0.0,34.0,0.0
20241105T0700,5.730245,18.0,28.0,0.0,0.0,28.0,10.0
20241105T0800,7.1802454,18.359999,17.0,0.0,0.0,17.0,94.0
20241105T0900,9.230246,18.72,7.0,0.0,0.0,7.0,207.0
20241105T1000,10.650246,17.28,74.0,14.0,0.0,74.0,321.0
20241105T1100,12.550245,16.199999,25.0,50.0,20.0,25.0,370.0
20241105T1200,14.240245,15.119999,52.0,71.0,52.0,11.0,393.0
20241105T1300,15.250245,14.04,31.0,54.0,31.0,11.0,341.0
20241105T1400,15.670245,12.24,24.0,44.0,24.0,24.0,279.0
20241105T1500,15.040245,9.72,17.0,43.0,16.0,17.0,165.0
20241105T1600,13.330245,9.0,27.0,53.0,13.0,27.0,46.0
20241105T1700,9.650246,10.440001,29.0,45.0,6.0,29.0,0.0
20241105T1800,8.240246,11.159999,27.0,0.0,11.0,27.0,0.0
20241105T1900,8.050245,11.159999,30.0,0.0,18.0,30.0,0.0
20241105T2000,7.730245,10.440001,25.0,0.0,10.0,25.0,0.0
20241105T2100,7.5502453,10.799999,17.0,0.0,3.0,17.0,0.0
20241105T2200,7.5302453,10.799999,37.0,1.0,2.0,37.0,0.0
20241105T2300,7.500245,10.799999,48.0,0.0,5.0,48.0,0.0
20241106T0000,7.3102455,10.799999,61.0,0.0,8.0,61.0,0.0
20241106T0100,7.210245,10.440001,63.0,0.0,5.0,63.0,0.0
20241106T0200,7.400245,10.08,70.0,0.0,3.0,70.0,0.0
20241106T0300,7.6602454,10.440001,71.0,2.0,1.0,71.0,0.0
20241106T0400,7.6802454,10.799999,74.0,10.0,0.0,74.0,0.0
20241106T0500,8.010245,10.799999,71.0,25.0,0.0,71.0,0.0
20241106T0600,7.8702455,10.440001,71.0,41.0,0.0,71.0,0.0
20241106T0700,8.250245,10.799999,58.0,41.0,0.0,58.0,5.0
20241106T0800,9.270246,11.879999,64.0,57.0,0.0,64.0,63.0
20241106T0900,10.900246,11.879999,65.0,54.0,0.0,65.0,138.0
20241106T1000,12.340245,12.24,86.0,54.0,0.0,86.0,243.0
20241106T1100,13.500245,11.5199995,81.0,48.0,2.0,81.0,295.0
20241106T1200,14.230246,11.879999,80.0,53.0,7.0,80.0,300.0
20241106T1300,14.610246,13.32,69.0,16.0,6.0,69.0,250.0
20241106T1400,14.620245,13.679999,84.0,19.0,1.0,84.0,187.0
20241106T1500,14.260245,14.04,74.0,22.0,1.0,74.0,92.0
20241106T1600,12.830245,11.879999,72.0,44.0,1.0,72.0,24.0
20241106T1700,11.270246,10.08,56.0,39.0,0.0,56.0,0.0
20241106T1800,10.8102455,10.440001,40.0,15.0,0.0,40.0,0.0
20241106T1900,10.170245,11.5199995,26.0,3.0,0.0,26.0,0.0
20241106T2000,9.570246,10.799999,26.0,9.0,0.0,26.0,0.0
20241106T2100,9.0602455,11.879999,25.0,22.0,0.0,25.0,0.0
20241106T2200,8.840245,12.599999,36.0,39.0,0.0,36.0,0.0
20241106T2300,8.620245,12.24,33.0,14.0,0.0,33.0,0.0
20241107T0000,8.470245,11.879999,43.0,0.0,0.0,43.0,0.0
20241107T0100,7.880245,11.879999,86.0,0.0,0.0,86.0,0.0
20241107T0200,8.140245,11.879999,90.0,0.0,0.0,90.0,0.0
20241107T0300,8.170245,11.159999,87.0,0.0,0.0,87.0,0.0
20241107T0400,8.130245,10.799999,90.0,0.0,0.0,90.0,0.0
20241107T0500,7.980245,10.440001,88.0,0.0,0.0,88.0,0.0
20241107T0600,7.790245,9.0,85.0,0.0,0.0,85.0,0.0
20241107T0700,7.9102454,10.440001,67.0,1.0,0.0,67.0,7.0
20241107T0800,8.0602455,11.879999,66.0,0.0,0.0,66.0,72.0
20241107T0900,8.250245,12.959999,64.0,1.0,0.0,64.0,147.0
20241107T1000,8.570246,14.4,100.0,4.0,0.0,100.0,211.0
20241107T1100,8.880245,15.4800005,83.0,10.0,0.0,83.0,274.0
20241107T1200,8.960245,16.199999,90.0,22.0,0.0,90.0,248.0
20241107T1300,9.210245,16.199999,91.0,27.0,0.0,91.0,261.0
20241107T1400,9.330245,15.119999,81.0,32.0,0.0,81.0,195.0
20241107T1500,9.370245,12.599999,84.0,31.0,0.0,84.0,137.0
20241107T1600,9.660245,6.12,78.0,31.0,0.0,78.0,32.0
20241107T1700,9.510245,6.4799995,75.0,32.0,0.0,75.0,0.0
20241107T1800,8.910245,9.0,55.0,40.0,0.0,55.0,0.0
20241107T1900,7.790245,9.0,39.0,50.0,0.0,39.0,0.0
20241107T2000,7.110245,8.64,32.0,63.0,0.0,32.0,0.0
20241107T2100,7.1802454,10.08,29.0,64.0,0.0,29.0,0.0
20241107T2200,7.690245,10.08,34.0,52.0,0.0,34.0,0.0
20241107T2300,7.5602455,10.08,36.0,57.0,0.0,36.0,0.0
20241108T0000,7.7402453,9.72,51.0,51.0,0.0,51.0,0.0
20241108T0100,7.690245,9.72,53.0,40.0,0.0,53.0,0.0
20241108T0200,7.8102455,9.72,55.0,31.0,0.0,55.0,0.0
20241108T0300,8.220245,9.72,76.0,18.0,0.0,76.0,0.0
20241108T0400,8.300245,9.0,89.0,9.0,0.0,89.0,0.0
20241108T0500,8.280246,9.36,84.0,5.0,0.0,84.0,0.0
20241108T0600,8.340245,9.72,76.0,5.0,2.0,76.0,0.0
20241108T0700,8.370246,11.879999,73.0,3.0,4.0,73.0,5.0
20241108T0800,8.320246,12.24,89.0,5.0,8.0,89.0,63.0
20241108T0900,8.420245,12.599999,44.0,6.0,7.0,44.0,133.0
20241108T1000,9.350245,12.959999,100.0,10.0,5.0,100.0,277.0
20241108T1100,10.010245,13.679999,88.0,9.0,17.0,88.0,361.0
20241108T1200,10.340245,13.679999,89.0,9.0,35.0,89.0,358.0
20241108T1300,10.830245,12.959999,56.0,6.0,22.0,56.0,345.0
20241108T1400,11.010245,12.24,42.0,9.0,34.0,42.0,265.0
20241108T1500,11.110246,9.72,45.0,6.0,45.0,19.0,155.0
20241108T1600,11.670245,5.3999996,76.0,2.0,76.0,11.0,38.0
20241108T1700,9.920245,6.8399997,55.0,3.0,55.0,1.0,0.0
20241108T1800,8.110246,9.0,47.0,10.0,47.0,3.0,0.0
20241108T1900,8.050245,11.159999,28.0,16.0,28.0,1.0,0.0
20241108T2000,8.260245,11.159999,38.0,29.0,38.0,0.0,0.0
20241108T2100,8.280246,12.599999,6.0,11.0,6.0,0.0,0.0
20241108T2200,8.670245,13.32,36.0,15.0,36.0,22.0,0.0
20241108T2300,8.500245,13.679999,43.0,10.0,34.0,43.0,0.0
20241109T0000,8.070246,13.679999,66.0,24.0,63.0,66.0,0.0
20241109T0100,7.860245,12.959999,72.0,23.0,36.0,72.0,0.0
20241109T0200,7.8202453,12.959999,71.0,8.0,11.0,71.0,0.0
20241109T0300,7.460245,12.959999,72.0,0.0,0.0,72.0,0.0
20241109T0400,7.110245,12.599999,74.0,0.0,7.0,74.0,0.0
20241109T0500,6.940245,12.599999,75.0,0.0,9.0,75.0,0.0
20241109T0600,6.790245,12.959999,69.0,0.0,11.0,69.0,0.0
20241109T0700,6.750245,16.56,76.0,0.0,7.0,76.0,5.0
20241109T0800,7.5702453,15.84,23.0,0.0,0.0,23.0,74.0
20241109T0900,8.8102455,15.4800005,15.0,0.0,0.0,15.0,175.0
20241109T1000,10.070246,15.119999,95.0,21.0,29.0,95.0,274.0
20241109T1100,11.270246,14.4,49.0,19.0,44.0,49.0,342.0
20241109T1200,11.960245,13.32,41.0,20.0,27.0,41.0,387.0
20241109T1300,12.320246,11.879999,25.0,17.0,25.0,17.0,354.0
20241109T1400,12.100245,10.08,37.0,26.0,37.0,6.0,271.0
20241109T1500,11.800245,7.2,36.0,27.0,36.0,5.0,155.0
20241109T1600,11.250245,4.32,30.0,22.0,30.0,0.0,37.0
20241109T1700,10.200245,4.68,22.0,17.0,22.0,3.0,0.0
20241109T1800,8.980246,5.04,14.0,14.0,14.0,0.0,0.0
20241109T1900,7.610245,6.12,12.0,14.0,12.0,1.0,0.0
20241109T2000,7.0102453,7.92,7.8,26.0,6.0,4.0,0.0
20241109T2100,6.7002454,8.64,15.000001,50.0,0.0,2.0,0.0
20241109T2200,7.1202455,8.64,17.1,57.0,0.0,7.0,0.0
20241109T2300,6.880245,8.64,37.0,55.0,0.0,37.0,0.0
20241110T0000,6.4302454,9.0,52.0,42.0,0.0,52.0,0.0
20241110T0100,6.0102453,9.36,62.0,42.0,0.0,62.0,0.0
20241110T0200,5.690245,9.36,85.0,31.0,0.0,85.0,0.0
20241110T0300,5.5602455,9.72,86.0,0.0,0.0,86.0,0.0
20241110T0400,5.5502453,9.72,86.0,0.0,0.0,86.0,0.0
20241110T0500,5.3902454,9.72,89.0,0.0,0.0,89.0,0.0
20241110T0600,5.3202453,9.72,86.0,0.0,0.0,86.0,0.0
20241110T0700,5.6202455,11.159999,86.0,0.0,0.0,86.0,5.0
20241110T0800,6.250245,11.879999,87.0,0.0,0.0,87.0,65.0
20241110T0900,6.8502455,12.599999,88.0,0.0,0.0,88.0,148.0
20241110T1000,7.0502453,11.879999,100.0,0.0,0.0,100.0,211.0
20241110T1100,7.7202454,11.879999,92.0,0.0,0.0,92.0,305.0
20241110T1200,8.080246,11.5199995,93.0,0.0,0.0,93.0,335.0
20241110T1300,8.350245,12.599999,87.0,0.0,0.0,87.0,342.0
20241110T1400,8.490246,13.32,88.0,0.0,0.0,88.0,260.0
20241110T1500,8.240246,12.959999,86.0,0.0,0.0,86.0,148.0
20241110T1600,6.8402452,12.24,62.0,0.0,0.0,62.0,35.0
20241110T1700,6.9502454,13.32,33.0,0.0,0.0,33.0,0.0
20241110T1800,7.540245,13.32,17.0,0.0,0.0,17.0,0.0
20241110T1900,7.480245,11.5199995,5.0,0.0,0.0,5.0,0.0
20241110T2000,7.0602455,11.159999,3.0,0.0,0.0,3.0,0.0
20241110T2100,6.710245,11.159999,5.0,0.0,0.0,5.0,0.0
20241110T2200,6.0302453,11.879999,63.0,0.0,0.0,63.0,0.0
20241110T2300,5.690245,12.599999,39.0,0.0,0.0,39.0,0.0
20241111T0000,5.190245,12.599999,30.0,0.0,0.0,30.0,0.0
20241111T0100,5.0102453,11.5199995,17.0,0.0,0.0,17.0,0.0
20241111T0200,5.130245,10.440001,62.0,0.0,0.0,62.0,0.0
20241111T0300,5.170245,10.08,62.0,0.0,0.0,62.0,0.0
20241111T0400,5.0802455,10.08,62.0,0.0,0.0,62.0,0.0
20241111T0500,5.0302453,9.36,63.0,0.0,0.0,63.0,0.0
20241111T0600,4.8202453,8.64,64.0,0.0,5.0,64.0,0.0
20241111T0700,4.610245,7.5599995,65.0,0.0,14.0,65.0,4.0
20241111T0800,4.5602455,9.36,72.0,0.0,16.0,72.0,66.0
20241111T0900,4.8402452,10.799999,61.0,0.0,22.0,61.0,156.0
20241111T1000,5.7802453,11.159999,99.0,0.0,71.0,99.0,215.0
20241111T1100,6.480245,11.159999,96.0,15.0,74.0,96.0,253.0
20241111T1200,7.2602453,11.5199995,88.0,47.0,60.0,88.0,286.0
20241111T1300,7.5802455,12.599999,90.0,97.0,52.0,90.0,262.0
20241111T1400,7.7002454,12.959999,76.0,92.0,47.0,76.0,177.0
20241111T1500,7.5902452,11.5199995,68.0,30.0,43.0,68.0,82.0
20241111T1600,7.170245,8.64,87.0,16.0,78.0,87.0,18.0
20241111T1700,7.110245,9.36,99.0,4.0,98.0,99.0,0.0
20241111T1800,7.6602454,12.599999,91.0,0.0,91.0,88.0,0.0
20241111T1900,7.6202455,14.759999,83.0,0.0,83.0,62.0,0.0
20241111T2000,7.4502454,15.84,71.0,0.0,71.0,62.0,0.0
20241111T2100,7.0302453,16.56,52.0,0.0,52.0,48.0,0.0
20241111T2200,6.5702453,15.4800005,55.0,7.0,55.0,37.0,0.0
20241111T2300,5.9302454,11.879999,36.0,21.0,36.0,34.0,0.0
20241112T0000,5.690245,10.440001,48.0,13.0,48.0,44.0,0.0
20241112T0100,5.730245,10.799999,38.0,29.0,38.0,35.0,0.0
20241112T0200,5.3502455,11.5199995,49.0,35.0,20.0,49.0,0.0
20241112T0300,5.420245,10.799999,38.0,29.0,18.0,38.0,0.0
20241112T0400,5.3302455,7.92,66.0,39.0,37.0,66.0,0.0
20241112T0500,5.270245,6.12,63.0,82.0,51.0,63.0,0.0
20241112T0600,5.2402453,7.2,80.0,99.0,80.0,79.0,0.0
20241112T0700,5.5702453,12.959999,88.0,97.0,86.0,88.0,3.0
20241112T0800,6.2402453,18.359999,93.0,21.0,68.0,93.0,32.0
20241112T0900,6.960245,24.48,86.0,26.0,21.0,86.0,105.0
20241112T1000,7.4702454,31.319998,97.0,62.0,5.0,97.0,191.0
20241112T1100,7.770245,33.48,100.0,82.0,2.0,100.0,149.0
20241112T1200,8.140245,35.64,100.0,81.0,1.0,100.0,189.0
20241112T1300,8.350245,36.719997,100.0,83.0,5.0,100.0,125.0
20241112T1400,8.470245,35.28,100.0,87.0,8.0,100.0,115.0
20241112T1500,8.3102455,33.48,92.0,93.0,7.0,92.0,66.0
20241112T1600,7.9702454,29.16,89.0,95.0,6.0,89.0,14.0
20241112T1700,7.8402452,27.72,86.0,86.0,5.0,86.0,0.0
20241112T1800,7.5802455,27.72,81.0,51.0,7.0,81.0,0.0
20241112T1900,6.9902453,27.72,72.0,24.0,3.0,72.0,0.0
20241112T2000,6.3102455,23.759998,62.0,1.0,6.0,62.0,0.0
20241112T2100,5.690245,20.880001,58.0,0.0,3.0,58.0,0.0
20241112T2200,5.8902454,19.08,50.0,0.0,0.0,50.0,0.0
20241112T2300,5.3402452,15.119999,41.0,0.0,0.0,41.0,0.0
20241113T0000,5.2202454,12.959999,40.0,0.0,1.0,40.0,0.0
20241113T0100,5.3102455,15.4800005,33.0,0.0,0.0,33.0,0.0
20241113T0200,4.770245,15.4800005,29.0,0.0,0.0,29.0,0.0
20241113T0300,4.3502455,13.32,25.0,3.0,1.0,25.0,0.0
20241113T0400,4.3102455,11.879999,27.0,14.0,0.0,27.0,0.0
20241113T0500,4.2002454,10.799999,40.0,54.0,0.0,40.0,0.0
20241113T0600,4.0402455,11.159999,36.0,91.0,0.0,36.0,0.0
20241113T0700,4.630245,13.679999,45.0,100.0,0.0,45.0,4.0
20241113T0800,4.690245,15.84,40.0,100.0,19.0,40.0,57.0
20241113T0900,4.9902453,16.919998,71.0,98.0,71.0,23.0,110.0
20241113T1000,5.400245,15.84,82.0,79.0,71.0,82.0,142.0
20241113T1100,5.610245,21.96,89.0,91.0,24.0,89.0,257.0
20241113T1200,5.7002454,23.4,88.0,97.0,33.0,88.0,238.0
20241113T1300,5.790245,23.759998,87.0,91.0,6.0,87.0,267.0
20241113T1400,5.6802454,25.199999,85.0,98.0,42.0,85.0,202.0
20241113T1500,5.290245,25.919998,92.0,98.0,92.0,77.0,102.0
20241113T1600,5.020245,23.039999,100.0,100.0,100.0,52.0,18.0
20241113T1700,4.9902453,20.880001,94.0,97.0,94.0,23.0,0.0
20241113T1800,4.8202453,18.72,76.0,98.0,76.0,16.0,0.0
20241113T1900,4.5102453,16.56,24.0,69.0,24.0,15.0,0.0
20241113T2000,3.9602456,15.119999,23.7,79.0,17.0,20.0,0.0
20241113T2100,3.1302452,14.4,25.800001,86.0,5.0,22.0,0.0
20241113T2200,2.8702455,14.04,76.0,72.0,76.0,48.0,0.0
20241113T2300,2.8302455,13.679999,32.0,11.0,28.0,32.0,0.0
20241114T0000,2.9302454,12.599999,22.0,0.0,22.0,21.0,0.0
20241114T0100,2.4802454,11.879999,21.0,0.0,21.0,6.0,0.0
20241114T0200,1.9302454,11.879999,15.0,0.0,15.0,6.0,0.0
20241114T0300,1.6602454,11.5199995,28.0,0.0,28.0,4.0,0.0
20241114T0400,1.5802454,10.799999,42.0,0.0,42.0,3.0,0.0
20241114T0500,1.5602454,10.08,50.0,0.0,50.0,8.0,0.0
20241114T0600,1.8802454,9.72,67.0,0.0,67.0,11.0,0.0
20241114T0700,2.3202453,9.72,85.0,0.0,85.0,17.0,2.0
20241114T0800,3.3702455,8.64,88.0,0.0,88.0,35.0,39.0
20241114T0900,4.3702455,9.72,82.0,0.0,82.0,54.0,92.0
20241114T1000,5.2002454,10.08,73.0,0.0,73.0,47.0,96.0
20241114T1100,6.210245,9.36,82.0,0.0,82.0,60.0,133.0
20241114T1200,7.270245,9.0,79.0,0.0,79.0,66.0,140.0
20241114T1300,7.6002455,8.28,79.0,0.0,79.0,78.0,117.0
20241114T1400,7.8402452,9.0,82.0,0.0,78.0,82.0,115.0
20241114T1500,7.650245,9.36,90.0,0.0,58.0,90.0,58.0
20241114T1600,6.3402452,7.2,86.0,0.0,52.0,86.0,11.0
20241114T1700,6.460245,6.12,86.0,0.0,41.0,86.0,0.0
20241114T1800,6.3402452,6.4799995,80.0,0.0,25.0,80.0,0.0
20241114T1900,5.960245,7.2,97.0,0.0,20.0,97.0,0.0
20241114T2000,5.380245,6.12,98.0,0.0,8.0,98.0,0.0
20241114T2100,4.7002454,6.4799995,97.0,0.0,7.0,97.0,0.0
20241114T2200,4.420245,7.2,97.0,0.0,10.0,97.0,0.0
20241114T2300,4.750245,7.2,94.0,0.0,7.0,94.0,0.0
20241115T0000,5.400245,6.4799995,95.0,0.0,4.0,95.0,0.0
20241115T0100,4.770245,6.8399997,96.0,2.0,3.0,96.0,0.0
20241115T0200,3.9402456,8.28,92.0,0.0,1.0,92.0,0.0
20241115T0300,3.3702455,8.64,97.0,2.0,0.0,97.0,0.0
20241115T0400,2.9302454,9.36,80.0,0.0,0.0,80.0,0.0
20241115T0500,2.7702456,10.08,79.0,0.0,1.0,79.0,0.0
20241115T0600,3.4102454,10.08,74.0,0.0,0.0,74.0,0.0
20241115T0700,3.7402453,7.5599995,73.0,0.0,0.0,73.0,2.0
20241115T0800,4.0902452,7.92,64.0,0.0,0.0,64.0,49.0
20241115T0900,5.860245,10.440001,61.0,11.0,0.0,61.0,150.0
20241115T1000,7.290245,11.879999,75.0,19.0,0.0,75.0,245.0
20241115T1100,8.350245,14.759999,79.0,0.0,0.0,79.0,318.0
20241115T1200,9.340245,15.119999,65.0,1.0,0.0,65.0,310.0
20241115T1300,9.860246,14.759999,51.0,0.0,0.0,51.0,265.0
20241115T1400,9.850245,13.679999,38.0,0.0,0.0,38.0,196.0
20241115T1500,9.000245,13.32,25.0,0.0,0.0,25.0,109.0
20241115T1600,6.9302454,11.159999,22.0,0.0,0.0,22.0,22.0
20241115T1700,6.8502455,11.159999,19.0,0.0,0.0,19.0,0.0
20241115T1800,6.500245,8.64,21.0,0.0,0.0,21.0,0.0
20241115T1900,5.630245,7.5599995,16.0,0.0,0.0,16.0,0.0
20241115T2000,3.2002454,9.36,11.0,0.0,0.0,11.0,0.0
20241115T2100,2.2202454,9.36,13.0,0.0,0.0,13.0,0.0
20241115T2200,1.9302454,9.72,7.0,0.0,0.0,7.0,0.0
20241115T2300,1.5802454,9.72,17.0,0.0,0.0,17.0,0.0
20241116T0000,1.5702454,9.72,34.0,0.0,1.0,34.0,0.0
20241116T0100,1.2902454,9.36,48.0,0.0,0.0,48.0,0.0
20241116T0200,0.8502454,10.08,56.0,0.0,0.0,56.0,0.0
20241116T0300,0.6802454,12.24,59.0,0.0,0.0,59.0,0.0
20241116T0400,0.5102454,12.599999,55.0,0.0,0.0,55.0,0.0
20241116T0500,0.6102454,13.32,49.0,0.0,0.0,49.0,0.0
20241116T0600,0.5502454,14.04,62.0,0.0,0.0,62.0,0.0
20241116T0700,0.7002454,15.84,37.0,0.0,0.0,37.0,2.0
20241116T0800,1.2002454,15.119999,25.0,0.0,0.0,25.0,56.0
20241116T0900,2.3402452,15.84,13.0,0.0,0.0,13.0,163.0
20241116T1000,4.3002453,15.84,34.0,0.0,0.0,34.0,288.0
20241116T1100,5.8702455,15.84,17.0,0.0,0.0,17.0,355.0
20241116T1200,6.8702455,15.84,11.0,0.0,0.0,11.0,336.0
20241116T1300,7.790245,16.56,4.0,0.0,0.0,4.0,342.0
20241116T1400,7.8502455,16.919998,3.0,0.0,0.0,3.0,248.0
20241116T1500,6.610245,14.759999,6.0,0.0,0.0,6.0,134.0
20241116T1600,3.9002452,16.199999,3.0,0.0,0.0,3.0,26.0
20241116T1700,3.2602453,16.199999,1.0,0.0,0.0,1.0,0.0
20241116T1800,3.0402455,16.919998,1.0,0.0,0.0,1.0,0.0
20241116T1900,2.7702456,18.72,6.3,21.0,0.0,5.0,0.0
20241116T2000,2.5402455,15.84,17.400002,58.0,0.0,0.0,0.0
20241116T2100,2.4502454,15.4800005,21.300001,71.0,0.0,3.0,0.0
20241116T2200,2.3802454,15.4800005,16.2,54.0,0.0,1.0,0.0
20241116T2300,2.3702455,14.759999,26.0,51.0,0.0,26.0,0.0
20241117T0000,2.4602454,14.4,30.0,15.0,0.0,30.0,0.0
20241117T0100,2.2502456,15.119999,44.0,8.0,0.0,44.0,0.0
20241117T0200,2.0502453,15.4800005,44.0,20.0,0.0,44.0,0.0
20241117T0300,2.1302454,15.84,54.0,49.0,0.0,54.0,0.0
20241117T0400,2.4902453,16.56,48.0,13.0,0.0,48.0,0.0
20241117T0500,2.6802454,16.56,58.0,9.0,0.0,58.0,0.0
20241117T0600,3.1302452,16.56,62.0,23.0,0.0,62.0,0.0
20241117T0700,3.2802453,16.919998,77.0,80.0,0.0,77.0,2.0
20241117T0800,4.420245,17.64,79.0,75.0,0.0,79.0,40.0
20241117T0900,6.0302453,19.8,79.0,24.0,0.0,79.0,105.0
20241117T1000,6.8502455,22.319998,100.0,57.0,1.0,100.0,170.0
20241117T1100,7.960245,25.919998,95.0,38.0,16.0,95.0,217.0
20241117T1200,8.890245,32.399998,77.0,46.0,29.0,77.0,210.0
20241117T1300,9.3102455,32.760002,56.0,57.0,53.0,56.0,146.0
20241117T1400,9.150246,32.399998,80.0,95.0,80.0,69.0,98.0
20241117T1500,8.770246,29.16,99.0,98.0,99.0,80.0,43.0
20241117T1600,8.380245,26.28,95.0,93.0,95.0,74.0,9.0
20241117T1700,8.160246,25.56,96.0,97.0,96.0,95.0,0.0
20241117T1800,7.920245,26.28,97.0,97.0,97.0,94.0,0.0
20241117T1900,7.710245,20.16,95.0,92.0,95.0,84.0,0.0
20241117T2000,7.4902453,21.96,98.0,77.0,98.0,93.0,0.0
20241117T2100,7.4502454,23.039999,100.0,47.0,98.0,100.0,0.0
20241117T2200,7.250245,23.039999,98.0,30.0,87.0,98.0,0.0
20241117T2300,6.8302455,23.039999,95.0,34.0,71.0,95.0,0.0
20241118T0000,6.5802455,23.4,96.0,57.0,60.0,96.0,0.0
20241118T0100,6.6202455,24.119999,96.0,3.0,51.0,96.0,0.0
20241118T0200,6.6402454,25.56,99.0,1.0,35.0,99.0,0.0
20241118T0300,6.690245,27.359999,100.0,7.0,29.0,100.0,0.0
20241118T0400,6.750245,28.08,99.0,39.0,36.0,99.0,0.0
20241118T0500,6.8202453,29.16,99.0,82.0,79.0,99.0,0.0
20241118T0600,6.650245,30.599998,99.0,88.0,81.0,99.0,0.0
20241118T0700,6.4702454,29.519999,99.0,54.0,55.0,99.0,1.0
20241118T0800,7.0802455,30.239998,81.0,19.0,16.0,81.0,25.0
20241118T0900,7.8702455,36.36,94.0,33.0,3.0,94.0,84.0
20241118T1000,8.620245,40.68,48.0,83.0,28.0,48.0,144.0
20241118T1100,9.020246,43.199997,58.0,94.0,30.0,58.0,179.0
20241118T1200,9.440246,43.92,76.0,89.0,60.0,76.0,181.0
20241118T1300,9.620245,44.28,90.0,75.0,90.0,73.0,141.0
20241118T1400,9.640245,40.68,97.0,69.0,97.0,44.0,82.0
20241118T1500,9.520246,37.079998,98.0,79.0,98.0,32.0,73.0
20241118T1600,9.280245,35.28,99.0,67.0,99.0,21.0,9.0
20241118T1700,9.050245,33.839996,100.0,52.0,100.0,30.0,0.0
20241118T1800,8.880245,32.760002,96.0,87.0,96.0,36.0,0.0
20241118T1900,8.720245,30.239998,95.0,54.0,95.0,62.0,0.0
20241118T2000,8.550245,29.88,97.0,53.0,97.0,95.0,0.0
20241118T2100,8.590245,30.239998,99.0,44.0,97.0,99.0,0.0
20241118T2200,8.860246,30.960001,93.0,53.0,93.0,86.0,0.0
20241118T2300,8.920245,32.039997,92.0,90.0,92.0,92.0,0.0
20241119T0000,8.770246,32.399998,100.0,95.0,99.0,100.0,0.0
20241119T0100,8.8102455,34.56,100.0,98.0,99.0,100.0,0.0
20241119T0200,8.8102455,37.44,100.0,99.0,98.0,100.0,0.0
20241119T0300,8.890245,39.239998,100.0,98.0,98.0,100.0,0.0
20241119T0400,8.860246,41.039997,100.0,100.0,100.0,100.0,0.0
20241119T0500,8.890245,42.48,99.0,99.0,98.0,99.0,0.0
20241119T0600,8.980246,46.44,100.0,98.0,100.0,96.0,0.0
20241119T0700,9.070246,52.56,98.0,95.0,98.0,96.0,0.0
20241119T0800,9.260245,53.639996,94.0,45.0,82.0,94.0,15.0
20241119T0900,9.800245,52.92,93.0,11.0,80.0,93.0,41.0
20241119T1000,10.280245,54.719997,99.0,96.0,82.0,99.0,44.0
20241119T1100,10.730246,57.239998,100.0,99.0,86.0,100.0,79.0
20241119T1200,11.020246,58.32,100.0,100.0,80.0,100.0,58.0
20241119T1300,11.190246,59.399998,91.0,100.0,86.0,91.0,51.0
20241119T1400,11.270246,60.839996,96.0,100.0,96.0,79.0,64.0
20241119T1500,11.190246,62.639996,100.0,100.0,100.0,81.0,33.0
20241119T1600,10.990245,64.439995,100.0,100.0,100.0,99.0,4.0
20241119T1700,11.270246,71.64,100.0,100.0,100.0,92.0,0.0
20241119T1800,11.450245,74.159996,99.0,100.0,99.0,94.0,0.0
20241119T1900,11.240245,69.84,100.0,100.0,100.0,96.0,0.0
20241119T2000,11.180245,78.479996,99.0,100.0,99.0,92.0,0.0
20241119T2100,10.990245,82.799995,99.0,100.0,99.0,41.0,0.0
20241119T2200,9.870245,78.12,100.0,100.0,100.0,99.0,0.0
20241119T2300,8.450246,63.72,100.0,91.0,100.0,98.0,0.0
20241120T0000,6.3202453,51.12,97.0,1.0,97.0,88.0,0.0
20241120T0100,6.0102453,40.68,98.0,12.0,92.0,98.0,0.0
20241120T0200,6.230245,44.639996,96.0,0.0,72.0,96.0,0.0
20241120T0300,6.0802455,47.16,95.0,2.0,71.0,95.0,0.0
20241120T0400,5.210245,45.719997,91.0,0.0,91.0,89.0,0.0
20241120T0500,4.420245,38.16,90.0,0.0,90.0,77.0,0.0
20241120T0600,3.9402456,28.08,92.0,0.0,92.0,75.0,0.0
20241120T0700,3.4702454,25.919998,91.0,0.0,91.0,69.0,1.0
20241120T0800,3.7502456,24.48,76.0,0.0,76.0,52.0,45.0
20241120T0900,4.5502453,32.039997,71.0,0.0,60.0,71.0,127.0
20241120T1000,5.040245,36.719997,41.0,0.0,35.0,41.0,217.0
20241120T1100,5.8302455,37.8,40.0,0.0,25.0,40.0,253.0
20241120T1200,6.1802454,40.68,47.0,0.0,28.0,47.0,293.0
20241120T1300,6.210245,40.68,35.0,1.0,5.0,35.0,297.0
20241120T1400,6.0702453,38.16,29.0,8.0,29.0,18.0,237.0
20241120T1500,5.420245,33.839996,53.0,18.0,53.0,13.0,112.0
20241120T1600,3.6202455,28.44,86.0,26.0,86.0,18.0,19.0
20241120T1700,3.5902452,23.759998,85.0,40.0,85.0,20.0,0.0
20241120T1800,3.0902452,22.319998,83.0,61.0,83.0,46.0,0.0
20241120T1900,2.6902456,24.84,60.0,26.0,60.0,38.0,0.0
20241120T2000,2.4102454,23.4,72.0,16.0,72.0,47.0,0.0
20241120T2100,2.1902454,23.4,91.0,4.0,91.0,17.0,0.0
20241120T2200,2.2202454,25.56,60.0,7.0,60.0,13.0,0.0
20241120T2300,2.2402453,26.64,18.0,5.0,15.0,18.0,0.0
20241121T0000,2.2802453,29.519999,25.0,9.0,17.0,25.0,0.0
20241121T0100,2.2902455,30.960001,41.0,1.0,11.0,41.0,0.0
20241121T0200,2.3402452,30.960001,47.0,0.0,6.0,47.0,0.0
20241121T0300,1.9402454,30.239998,53.0,0.0,1.0,53.0,0.0
20241121T0400,1.7602454,28.08,64.0,0.0,1.0,64.0,0.0
20241121T0500,1.3702455,25.56,59.0,67.0,21.0,59.0,0.0
20241121T0600,0.9802454,21.96,80.0,99.0,80.0,68.0,0.0
20241121T0700,0.9602454,18.0,94.0,100.0,94.0,59.0,1.0
20241121T0800,1.4702454,16.199999,95.0,100.0,95.0,56.0,37.0
20241121T0900,2.2302454,20.16,98.0,100.0,98.0,28.0,106.0
20241121T1000,2.7402453,20.16,100.0,100.0,100.0,65.0,187.0
20241121T1100,3.1002455,21.24,100.0,100.0,100.0,85.0,141.0
20241121T1200,3.2502456,20.16,100.0,100.0,100.0,76.0,118.0
20241121T1300,2.8802452,20.16,100.0,97.0,100.0,25.0,78.0
20241121T1400,1.9402454,21.24,100.0,100.0,100.0,23.0,38.0
20241121T1500,1.1902454,22.68,99.0,100.0,99.0,38.0,14.0
20241121T1600,0.77024543,21.599998,100.0,49.0,100.0,31.0,2.0
20241121T1700,0.4902454,19.8,100.0,0.0,100.0,38.0,0.0
20241121T1800,0.41024542,19.08,98.0,6.0,98.0,78.0,0.0
20241121T1900,0.41024542,17.64,93.0,2.0,93.0,83.0,0.0
20241121T2000,0.35024542,20.880001,94.0,8.0,94.0,88.0,0.0
20241121T2100,0.2502454,24.84,99.0,41.0,99.0,74.0,0.0
20241121T2200,0.22024539,26.28,98.0,58.0,98.0,84.0,0.0
20241121T2300,0.20024541,26.28,100.0,75.0,100.0,68.0,0.0
20241122T0000,0.100245416,25.919998,100.0,57.0,100.0,79.0,0.0
20241122T0100,-0.0697546,22.68,100.0,43.0,100.0,51.0,0.0
20241122T0200,-0.49975455,17.28,81.0,10.0,81.0,43.0,0.0
20241122T0300,-1.2497545,14.04,41.0,2.0,23.0,41.0,0.0
20241122T0400,-1.4197546,14.04,36.0,13.0,1.0,36.0,0.0
20241122T0500,-1.7597545,16.56,35.0,13.0,0.0,35.0,0.0
20241122T0600,-2.0297546,19.8,45.0,48.0,45.0,21.0,0.0
20241122T0700,-2.5997548,16.919998,87.0,83.0,87.0,22.0,1.0
20241122T0800,-2.2197547,20.16,97.0,81.0,97.0,35.0,52.0
20241122T0900,-1.3297546,23.4,96.0,90.0,96.0,36.0,149.0
20241122T1000,-0.5997546,28.08,96.0,51.0,96.0,43.0,216.0
20241122T1100,-0.10975462,33.839996,97.0,35.0,97.0,26.0,257.0
20241122T1200,0.1502454,36.719997,87.0,16.0,87.0,51.0,212.0
20241122T1300,0.5502454,41.039997,44.0,5.0,43.0,44.0,234.0
20241122T1400,0.7802454,45.36,61.0,13.0,33.0,61.0,149.0
20241122T1500,1.0402454,42.839996,68.0,25.0,68.0,53.0,93.0
20241122T1600,1.0902455,41.039997,69.0,19.0,69.0,38.0,15.0
20241122T1700,1.1902454,38.88,70.0,1.0,35.0,70.0,0.0
20241122T1800,1.5902454,39.96,90.0,0.0,19.0,90.0,0.0
20241122T1900,1.8302454,43.92,99.0,0.0,13.0,99.0,0.0
20241122T2000,2.0402455,43.92,98.0,0.0,3.0,98.0,0.0
20241122T2100,2.1002455,42.12,90.0,0.0,5.0,90.0,0.0
20241122T2200,2.3702455,39.239998,70.0,0.0,70.0,64.0,0.0
20241122T2300,2.4802454,37.44,62.0,0.0,62.0,52.0,0.0
20241123T0000,2.4902453,33.12,52.0,0.0,52.0,39.0,0.0
20241123T0100,2.2802453,29.88,38.0,0.0,38.0,36.0,0.0
20241123T0200,1.9702454,26.64,57.0,0.0,34.0,57.0,0.0
20241123T0300,1.6002454,23.4,72.0,0.0,28.0,72.0,0.0
20241123T0400,0.77024543,19.8,75.0,0.0,19.0,75.0,0.0
20241123T0500,-0.05975461,17.64,61.0,0.0,12.0,61.0,0.0
20241123T0600,-1.0997546,17.28,42.0,100.0,5.0,42.0,0.0
20241123T0700,-2.2697544,19.8,29.7,99.0,0.0,19.0,0.0
20241123T0800,-1.3997546,17.28,27.900002,93.0,24.0,7.0,46.0
20241123T0900,0.2902454,17.64,90.0,62.0,90.0,4.0,157.0
20241123T1000,1.3502455,16.56,99.0,84.0,99.0,0.0,248.0
20241123T1100,2.4902453,18.359999,99.0,60.0,99.0,1.0,278.0
20241123T1200,3.2502456,18.72,55.0,67.0,55.0,0.0,256.0
20241123T1300,3.5202456,18.72,66.0,100.0,66.0,1.0,220.0
20241123T1400,3.1702452,18.72,81.0,99.0,81.0,0.0,132.0
20241123T1500,2.5402455,19.8,72.0,99.0,72.0,0.0,88.0
20241123T1600,1.8802454,21.96,62.0,100.0,62.0,0.0,14.0
20241123T1700,1.4602454,24.119999,39.0,99.0,39.0,0.0,0.0
20241123T1800,1.5702454,25.199999,34.0,99.0,34.0,0.0,0.0
20241123T1900,1.6902454,28.08,30.0,98.0,30.0,0.0,0.0
20241123T2000,1.8802454,27.72,33.0,99.0,33.0,20.0,0.0
20241123T2100,2.3302455,27.359999,53.0,98.0,53.0,29.0,0.0
20241123T2200,3.6002455,28.08,45.0,96.0,45.0,4.0,0.0
20241123T2300,4.0702453,28.08,70.0,95.0,70.0,7.0,0.0
20241124T0000,4.7002454,27.359999,62.0,91.0,62.0,14.0,0.0
20241124T0100,5.3702455,28.08,90.0,84.0,90.0,9.0,0.0
20241124T0200,6.020245,28.08,86.0,100.0,86.0,5.0,0.0
20241124T0300,6.3202453,27.359999,53.0,98.0,53.0,8.0,0.0
20241124T0400,6.3702455,27.72,29.1,97.0,22.0,2.0,0.0
20241124T0500,6.0602455,27.359999,30.000002,100.0,25.0,2.0,0.0
20241124T0600,6.290245,27.0,28.800001,96.0,11.0,0.0,0.0
20241124T0700,6.0702453,33.12,30.000002,100.0,14.0,1.0,0.0
20241124T0800,6.8002453,32.760002,29.7,99.0,13.0,3.0,37.0
20241124T0900,8.570246,30.239998,29.1,97.0,16.0,3.0,121.0
20241124T1000,11.320246,29.16,48.0,99.0,48.0,2.0,217.0
20241124T1100,12.760245,29.519999,32.0,96.0,32.0,0.0,283.0
20241124T1200,13.550245,29.16,28.2,94.0,5.0,0.0,303.0
20241124T1300,14.190246,28.8,27.900002,93.0,0.0,0.0,262.0
20241124T1400,13.940246,27.72,23.7,79.0,0.0,1.0,196.0
20241124T1500,11.990245,26.64,15.900001,53.0,0.0,0.0,107.0
20241124T1600,9.330245,24.84,14.700001,49.0,0.0,0.0,16.0
20241124T1700,8.0602455,23.4,17.7,59.0,0.0,0.0,0.0
20241124T1800,6.9102454,23.4,23.7,79.0,0.0,0.0,0.0
20241124T1900,6.710245,25.919998,20.7,69.0,1.0,0.0,0.0
20241124T2000,6.3002453,24.84,19.800001,66.0,0.0,0.0,0.0
20241124T2100,5.5302453,25.199999,21.300001,71.0,0.0,0.0,0.0
20241124T2200,5.020245,24.84,21.0,70.0,0.0,0.0,0.0
20241124T2300,5.0502453,24.48,9.6,32.0,0.0,0.0,0.0
20241125T0000,4.6002455,24.48,1.5,5.0,0.0,0.0,0.0
20241125T0100,4.670245,24.48,4.8,16.0,0.0,0.0,0.0
20241125T0200,4.6802454,24.84,11.1,37.0,0.0,0.0,0.0
20241125T0300,5.0802455,25.56,6.6000004,22.0,0.0,0.0,0.0
20241125T0400,5.0802455,26.28,2.0,5.0,2.0,0.0,0.0
20241125T0500,4.6802454,27.359999,4.0,6.0,4.0,0.0,0.0
20241125T0600,4.4702454,27.72,40.0,0.0,40.0,0.0,0.0
20241125T0700,4.690245,31.68,16.0,0.0,16.0,0.0,0.0
20241125T0800,5.7602453,32.399998,0.0,0.0,0.0,0.0,48.0
20241125T0900,7.7602453,32.760002,8.0,0.0,8.0,0.0,156.0
20241125T1000,10.130245,32.760002,48.0,7.0,48.0,0.0,254.0
20241125T1100,12.750245,32.039997,78.0,0.0,78.0,0.0,313.0
20241125T1200,14.250245,30.599998,65.0,3.0,65.0,0.0,325.0
20241125T1300,14.910245,27.0,1.2,4.0,1.0,0.0,285.0
20241125T1400,14.760245,24.48,8.700001,29.0,4.0,0.0,205.0
20241125T1500,13.520246,23.759998,23.0,0.0,23.0,0.0,78.0
20241125T1600,12.490245,23.4,44.0,2.0,44.0,0.0,6.0
20241125T1700,11.820246,23.759998,63.0,6.0,63.0,0.0,0.0
20241125T1800,11.200245,22.68,99.0,62.0,99.0,8.0,0.0
20241125T1900,11.010245,22.68,100.0,97.0,100.0,12.0,0.0
20241125T2000,11.150246,20.519999,100.0,98.0,100.0,47.0,0.0
20241125T2100,10.860246,20.519999,100.0,100.0,100.0,100.0,0.0
20241125T2200,10.500245,20.16,94.0,96.0,94.0,92.0,0.0
20241125T2300,10.550245,18.0,98.0,96.0,98.0,58.0,0.0
20241126T0000,10.680245,16.919998,98.0,100.0,98.0,82.0,0.0
20241126T0100,10.590245,19.44,99.0,88.0,99.0,59.0,0.0
20241126T0200,10.210245,21.96,100.0,12.0,100.0,71.0,0.0
20241126T0300,9.740245,23.759998,100.0,46.0,100.0,43.0,0.0
20241126T0400,9.500245,23.039999,87.0,7.0,87.0,58.0,0.0
20241126T0500,9.020246,21.599998,66.0,0.0,61.0,66.0,0.0
20241126T0600,8.490246,19.08,52.0,0.0,35.0,52.0,0.0
20241126T0700,8.130245,19.08,42.0,0.0,26.0,42.0,0.0
20241126T0800,8.880245,20.880001,28.0,0.0,14.0,28.0,35.0
20241126T0900,9.740245,22.319998,32.0,4.0,15.0,32.0,126.0
20241126T1000,10.680245,23.759998,21.6,72.0,4.0,18.0,228.0
20241126T1100,11.200245,25.56,31.0,89.0,18.0,31.0,262.0
20241126T1200,11.660245,29.88,31.0,66.0,29.0,31.0,303.0
20241126T1300,11.820246,29.88,33.0,0.0,33.0,29.0,199.0
20241126T1400,11.760245,26.64,27.0,2.0,27.0,27.0,169.0
20241126T1500,11.640245,19.44,31.0,25.0,31.0,17.0,92.0
20241126T1600,10.740245,14.4,34.0,36.0,34.0,30.0,11.0
20241126T1700,8.530246,10.08,26.7,89.0,21.0,19.0,0.0
20241126T1800,7.7002454,10.440001,26.7,89.0,23.0,24.0,0.0
20241126T1900,6.9102454,12.599999,28.800001,96.0,5.0,7.0,0.0
20241126T2000,6.400245,11.5199995,29.7,99.0,11.0,17.0,0.0
20241126T2100,6.230245,12.24,30.000002,100.0,5.0,10.0,0.0
20241126T2200,5.7402453,12.599999,29.7,99.0,24.0,8.0,0.0
20241126T2300,5.500245,12.599999,45.0,100.0,45.0,24.0,0.0
20241127T0000,5.2402453,12.599999,31.0,99.0,31.0,28.0,0.0
20241127T0100,4.9702454,12.24,29.1,97.0,17.0,21.0,0.0
20241127T0200,4.690245,12.599999,26.1,87.0,9.0,15.0,0.0
20241127T0300,4.3402452,12.24,32.0,87.0,32.0,6.0,0.0
20241127T0400,3.9002452,11.879999,49.0,85.0,49.0,5.0,0.0
20241127T0500,4.0202456,12.24,60.0,72.0,60.0,2.0,0.0
20241127T0600,4.2702456,14.759999,63.0,47.0,63.0,1.0,0.0
20241127T0700,4.130245,16.919998,8.400001,28.0,8.0,3.0,0.0
20241127T0800,4.5102453,19.08,9.6,32.0,4.0,4.0,37.0
20241127T0900,6.0902452,20.16,11.1,37.0,3.0,10.0,131.0
20241127T1000,8.230246,20.16,39.0,39.0,22.0,39.0,225.0
20241127T1100,9.710245,21.24,4.0,2.0,3.0,4.0,269.0
20241127T1200,10.820246,23.759998,5.4,18.0,0.0,0.0,280.0
20241127T1300,11.400246,24.48,27.300001,91.0,2.0,0.0,288.0
20241127T1400,11.510245,23.759998,25.0,74.0,25.0,0.0,215.0
20241127T1500,10.760245,21.24,38.0,26.0,38.0,1.0,97.0
20241127T1600,9.690246,21.96,64.0,57.0,64.0,6.0,11.0
20241127T1700,9.750245,25.919998,72.0,86.0,72.0,9.0,0.0
20241127T1800,9.8102455,28.8,83.0,97.0,83.0,30.0,0.0
20241127T1900,10.360246,31.319998,74.0,99.0,74.0,21.0,0.0
20241127T2000,10.780245,32.760002,97.0,100.0,97.0,44.0,0.0
20241127T2100,10.950245,34.2,81.0,99.0,81.0,56.0,0.0
20241127T2200,11.000245,35.64,94.0,100.0,94.0,60.0,0.0
20241127T2300,11.010245,38.16,99.0,94.0,99.0,94.0,0.0
20241128T0000,10.850245,40.68,100.0,94.0,99.0,100.0,0.0
20241128T0100,10.850245,42.12,97.0,91.0,79.0,97.0,0.0
20241128T0200,10.960245,43.92,100.0,94.0,59.0,100.0,0.0
20241128T0300,11.010245,44.639996,99.0,81.0,60.0,99.0,0.0
20241128T0400,10.940246,43.199997,82.0,68.0,78.0,82.0,0.0
20241128T0500,10.8102455,39.239998,100.0,87.0,91.0,100.0,0.0
20241128T0600,10.350245,33.12,100.0,98.0,100.0,100.0,0.0
20241128T0700,9.950245,25.56,100.0,94.0,100.0,100.0,0.0
20241128T0800,9.410245,25.199999,100.0,96.0,99.0,100.0,3.0
20241128T0900,8.500245,22.319998,97.0,75.0,97.0,89.0,10.0
20241128T1000,8.080246,22.319998,81.0,51.0,81.0,72.0,67.0
20241128T1100,7.980245,21.96,66.0,26.0,61.0,66.0,123.0
20241128T1200,8.180245,20.16,67.0,1.0,44.0,67.0,175.0
20241128T1300,8.3102455,17.64,58.0,0.0,22.0,58.0,161.0
20241128T1400,8.190246,16.199999,60.0,0.0,11.0,60.0,113.0
20241128T1500,7.170245,14.759999,30.0,0.0,9.0,30.0,69.0
20241128T1600,5.380245,10.799999,13.0,0.0,1.0,13.0,10.0
20241128T1700,4.0302453,12.24,16.0,0.0,0.0,16.0,0.0
20241128T1800,3.1502452,12.24,19.0,0.0,1.0,19.0,0.0
20241128T1900,2.3802454,9.72,13.0,0.0,0.0,13.0,0.0
20241128T2000,2.1602454,7.92,9.0,0.0,0.0,9.0,0.0
20241128T2100,1.5602454,9.72,6.0,0.0,0.0,6.0,0.0
20241128T2200,0.1802454,10.799999,35.0,0.0,0.0,35.0,0.0
20241128T2300,-0.40975457,12.24,61.0,0.0,0.0,61.0,0.0
20241129T0000,-0.64975464,12.959999,64.0,0.0,0.0,64.0,0.0
20241129T0100,-0.61975455,14.04,61.0,0.0,0.0,61.0,0.0
20241129T0200,-0.9397546,14.4,62.0,0.0,0.0,62.0,0.0
20241129T0300,-1.0497546,14.4,84.0,0.0,0.0,84.0,0.0
20241129T0400,-0.9197546,14.759999,83.0,0.0,0.0,83.0,0.0
20241129T0500,-1.1397547,15.119999,64.0,0.0,0.0,64.0,0.0
20241129T0600,-1.2097546,15.119999,57.0,0.0,0.0,57.0,0.0
20241129T0700,-1.1297545,16.199999,45.0,0.0,0.0,45.0,0.0
20241129T0800,-0.3797546,15.84,60.0,0.0,0.0,60.0,35.0
20241129T0900,1.0402454,15.84,35.0,0.0,0.0,35.0,130.0
20241129T1000,2.6402454,17.28,59.0,0.0,0.0,59.0,209.0
20241129T1100,3.9902453,17.64,59.0,0.0,0.0,59.0,268.0
20241129T1200,5.0802455,18.359999,33.0,0.0,0.0,33.0,320.0
20241129T1300,5.7002454,19.44,24.0,0.0,0.0,24.0,296.0
20241129T1400,5.6802454,19.44,0.0,0.0,0.0,0.0,212.0
20241129T1500,4.130245,16.199999,0.0,0.0,0.0,0.0,111.0
20241129T1600,1.6302454,14.759999,0.0,0.0,0.0,0.0,14.0
20241129T1700,1.1302454,15.119999,0.0,0.0,0.0,0.0,0.0
20241129T1800,1.1202455,15.4800005,0.0,0.0,0.0,0.0,0.0
20241129T1900,0.97024536,15.4800005,1.0,0.0,0.0,1.0,0.0
20241129T2000,0.6102454,15.4800005,2.0,0.0,0.0,2.0,0.0
20241129T2100,-0.07975459,15.4800005,2.0,0.0,0.0,2.0,0.0
20241129T2200,0.7402454,14.759999,13.0,0.0,0.0,13.0,0.0
20241129T2300,0.5102454,13.679999,16.0,0.0,0.0,16.0,0.0
20241130T0000,0.010245383,12.959999,20.0,0.0,0.0,20.0,0.0
20241130T0100,-0.3897546,11.879999,29.0,5.0,0.0,29.0,0.0
20241130T0200,-0.49975455,10.440001,28.0,13.0,0.0,28.0,0.0
20241130T0300,-0.5897546,10.08,31.0,25.0,0.0,31.0,0.0
20241130T0400,-1.0897546,9.72,30.0,17.0,0.0,30.0,0.0
20241130T0500,-1.1397547,9.72,32.0,27.0,0.0,32.0,0.0
20241130T0600,-1.2797546,9.72,27.0,23.0,0.0,27.0,0.0
20241130T0700,-1.5297545,14.4,25.0,52.0,0.0,25.0,0.0
20241130T0800,-0.9597546,12.959999,21.0,55.0,0.0,21.0,34.0
20241130T0900,0.1802454,15.4800005,15.0,13.0,0.0,15.0,128.0
20241130T1000,1.2102454,15.4800005,69.0,0.0,0.0,69.0,224.0
20241130T1100,2.3402452,15.4800005,41.0,0.0,0.0,41.0,306.0
20241130T1200,3.2102456,14.4,18.0,0.0,0.0,18.0,329.0
20241130T1300,3.8102455,12.24,7.0,0.0,0.0,7.0,290.0
20241130T1400,4.0702453,10.08,9.0,0.0,0.0,9.0,216.0
20241130T1500,4.0002456,6.4799995,5.0,0.0,0.0,5.0,106.0
20241130T1600,3.1702452,5.7599998,2.0,0.0,0.0,2.0,14.0
20241130T1700,2.1602454,6.12,4.0,0.0,0.0,4.0,0.0
20241130T1800,-0.05975461,9.0,5.0,0.0,0.0,5.0,0.0
20241130T1900,-0.09975457,13.679999,1.0,0.0,0.0,1.0,0.0
20241130T2000,-0.49975455,12.24,1.0,3.0,0.0,1.0,0.0
20241130T2100,-0.8297546,11.879999,1.2,4.0,0.0,1.0,0.0
20241130T2200,-1.6197547,12.24,13.0,9.0,0.0,13.0,0.0
20241130T2300,-1.8597547,12.24,7.0,9.0,0.0,7.0,0.0
20241201T0000,-1.9197546,11.5199995,4.0,12.0,0.0,4.0,0.0
20241201T0100,-2.0497546,11.5199995,6.3,21.0,0.0,6.0,0.0
20241201T0200,-2.3997545,11.159999,19.5,65.0,0.0,4.0,0.0
20241201T0300,-2.5597544,11.5199995,22.5,75.0,0.0,6.0,0.0
20241201T0400,-2.4197545,11.879999,24.0,80.0,0.0,8.0,0.0
20241201T0500,-2.1397548,12.24,16.2,54.0,0.0,7.0,0.0
20241201T0600,-1.9797546,12.959999,5.7000003,19.0,0.0,5.0,0.0
20241201T0700,-1.9497546,16.56,4.0,8.0,0.0,4.0,0.0
20241201T0800,-1.6697546,15.84,1.2,4.0,0.0,1.0,37.0
20241201T0900,-0.11975461,17.64,3.0,0.0,0.0,3.0,152.0
20241201T1000,1.7702454,17.64,2.0,5.0,0.0,2.0,251.0
20241201T1100,3.4602456,16.56,3.0,9.0,0.0,3.0,313.0
20241201T1200,5.020245,15.4800005,8.0,14.0,0.0,8.0,331.0
20241201T1300,6.3702455,14.4,8.400001,28.0,1.0,3.0,298.0
20241201T1400,6.3202453,12.599999,3.0,4.0,0.0,3.0,215.0
20241201T1500,4.5202456,11.5199995,2.0,2.0,0.0,2.0,104.0
20241201T1600,2.4802454,13.679999,3.0,5.0,3.0,1.0,12.0
20241201T1700,1.8802454,15.4800005,16.0,8.0,16.0,2.0,0.0
20241201T1800,1.6602454,17.28,35.0,3.0,35.0,2.0,0.0
20241201T1900,2.0502453,18.72,64.0,0.0,64.0,0.0,0.0
20241201T2000,2.4002454,20.16,87.0,1.0,87.0,1.0,0.0
20241201T2100,2.9302454,20.519999,86.0,0.0,86.0,3.0,0.0
20241201T2200,3.5602455,20.16,76.0,2.0,76.0,7.0,0.0
20241201T2300,3.7002454,19.44,100.0,10.0,100.0,17.0,0.0
20241202T0000,3.6702452,18.72,88.0,12.0,88.0,70.0,0.0
20241202T0100,3.5602455,18.359999,89.0,10.0,89.0,22.0,0.0
20241202T0200,3.3502455,18.359999,56.0,3.0,56.0,0.0,0.0
20241202T0300,3.2502456,18.0,20.0,6.0,20.0,0.0,0.0
20241202T0400,3.4902453,18.72,0.3,1.0,0.0,0.0,0.0
20241202T0500,4.1002455,18.72,5.0,5.0,5.0,1.0,0.0
20241202T0600,4.7002454,17.64,29.0,8.0,29.0,8.0,0.0
20241202T0700,5.1802454,21.24,41.0,15.0,41.0,27.0,0.0
20241202T0800,5.670245,20.519999,34.0,16.0,34.0,26.0,25.0
20241202T0900,6.9902453,20.880001,31.0,13.0,20.0,31.0,87.0
20241202T1000,8.170245,20.519999,34.0,30.0,31.0,34.0,156.0
20241202T1100,9.120245,19.44,31.0,14.0,28.0,31.0,193.0
20241202T1200,10.0602455,18.359999,56.0,44.0,54.0,56.0,234.0
20241202T1300,10.530245,17.64,78.0,92.0,78.0,45.0,197.0
20241202T1400,10.460245,16.56,99.0,99.0,99.0,23.0,104.0
20241202T1500,9.580245,16.199999,99.0,99.0,99.0,26.0,23.0
20241202T1600,9.550245,24.84,95.0,98.0,95.0,69.0,1.0
20241202T1700,9.860246,24.119999,91.0,97.0,91.0,27.0,0.0
20241202T1800,9.650246,18.359999,92.0,90.0,92.0,28.0,0.0
20241202T1900,9.330245,21.24,89.0,80.0,89.0,36.0,0.0
20241202T2000,9.110246,19.8,77.0,60.0,77.0,33.0,0.0
20241202T2100,8.850245,20.880001,68.0,27.0,68.0,53.0,0.0
20241202T2200,8.450246,20.880001,58.0,13.0,58.0,57.0,0.0
20241202T2300,8.130245,19.8,55.0,0.0,53.0,55.0,0.0
20241203T0000,7.7602453,19.08,41.0,0.0,41.0,37.0,0.0
20241203T0100,7.460245,18.359999,54.0,0.0,34.0,54.0,0.0
20241203T0200,7.440245,20.16,52.0,0.0,34.0,52.0,0.0
20241203T0300,7.130245,21.96,55.0,0.0,41.0,55.0,0.0
20241203T0400,6.920245,21.96,66.0,0.0,28.0,66.0,0.0
20241203T0500,6.630245,21.24,84.0,0.0,29.0,84.0,0.0
20241203T0600,6.290245,20.519999,91.0,0.0,22.0,91.0,0.0
20241203T0700,6.020245,18.359999,82.0,0.0,16.0,82.0,0.0
20241203T0800,6.0602455,19.44,96.0,0.0,13.0,96.0,14.0
20241203T0900,6.7602453,19.8,88.0,0.0,5.0,88.0,51.0
20241203T1000,7.5902452,19.44,43.0,12.0,34.0,43.0,112.0
20241203T1100,8.000245,19.08,45.0,56.0,28.0,45.0,203.0
20241203T1200,8.0602455,20.519999,51.0,71.0,29.0,51.0,213.0
20241203T1300,8.120246,20.880001,67.0,69.0,24.0,67.0,133.0
20241203T1400,7.960245,19.44,65.0,66.0,44.0,65.0,84.0
20241203T1500,7.3102455,15.4800005,72.0,65.0,55.0,72.0,40.0
20241203T1600,5.8102455,10.799999,66.0,42.0,50.0,66.0,5.0
20241203T1700,5.0902452,10.08,81.0,20.0,65.0,81.0,0.0
20241203T1800,5.130245,9.72,78.0,5.0,66.0,78.0,0.0
20241203T1900,5.0802455,7.92,94.0,3.0,47.0,94.0,0.0
20241203T2000,4.5602455,8.28,90.0,2.0,48.0,90.0,0.0
20241203T2100,4.150245,7.2,99.0,3.0,53.0,99.0,0.0
20241203T2200,3.9902453,6.4799995,71.0,5.0,71.0,65.0,0.0
20241203T2300,4.0402455,6.4799995,64.0,16.0,64.0,53.0,0.0
20241204T0000,4.2002454,6.8399997,61.0,16.0,61.0,54.0,0.0
20241204T0100,4.4802456,6.8399997,56.0,21.0,52.0,56.0,0.0
20241204T0200,4.7202454,6.4799995,61.0,8.0,50.0,61.0,0.0
20241204T0300,4.7002454,6.4799995,58.0,8.0,47.0,58.0,0.0
20241204T0400,4.8102455,6.4799995,52.0,7.0,35.0,52.0,0.0
20241204T0500,4.7802453,6.8399997,48.0,17.0,24.0,48.0,0.0
20241204T0600,4.3102455,7.92,62.0,3.0,32.0,62.0,0.0
20241204T0700,4.3902454,9.72,64.0,0.0,42.0,64.0,0.0
20241204T0800,4.730245,11.159999,61.0,2.0,40.0,61.0,18.0
20241204T0900,5.130245,13.679999,78.0,0.0,35.0,78.0,77.0
20241204T1000,5.380245,16.199999,32.0,0.0,26.0,32.0,142.0
20241204T1100,5.8902454,17.28,27.0,0.0,22.0,27.0,206.0
20241204T1200,6.230245,18.0,36.0,0.0,19.0,36.0,217.0
20241204T1300,6.1802454,18.72,33.0,0.0,11.0,33.0,202.0
20241204T1400,5.8702455,18.72,31.0,0.0,20.0,31.0,138.0
20241204T1500,5.3302455,17.28,29.0,0.0,29.0,18.0,89.0
20241204T1600,4.2802453,15.119999,43.0,0.0,43.0,6.0,9.0
20241204T1700,3.7702456,12.599999,38.0,0.0,38.0,12.0,0.0
20241204T1800,4.1902456,11.159999,26.0,0.0,26.0,9.0,0.0
20241204T1900,3.6002455,6.4799995,16.0,0.0,16.0,11.0,0.0
20241204T2000,3.4002452,5.04,7.0,0.0,7.0,5.0,0.0
20241204T2100,2.7602453,5.3999996,5.0,0.0,5.0,3.0,0.0
20241204T2200,1.9902455,4.68,6.0,0.0,4.0,6.0,0.0
20241204T2300,-0.29975462,7.92,4.0,0.0,4.0,4.0,0.0
20241205T0000,-1.1097546,9.72,2.0,0.0,0.0,2.0,0.0
20241205T0100,-0.6797546,9.36,2.0,5.0,0.0,2.0,0.0
20241205T0200,-1.1097546,9.0,6.3,21.0,0.0,4.0,0.0
20241205T0300,-1.5497545,9.72,23.7,79.0,0.0,3.0,0.0
20241205T0400,-2.0597544,10.440001,24.6,82.0,0.0,2.0,0.0
20241205T0500,-1.4397546,10.440001,4.8,16.0,0.0,2.0,0.0
20241205T0600,-1.1497546,11.879999,2.0,0.0,0.0,2.0,0.0
20241205T0700,-1.2197546,15.84,3.0,0.0,0.0,3.0,0.0
20241205T0800,-0.5897546,15.4800005,10.0,7.0,1.0,10.0,29.0
20241205T0900,0.5902454,17.28,16.800001,56.0,9.0,5.0,131.0
20241205T1000,1.6502454,18.359999,60.0,85.0,0.0,60.0,212.0
20241205T1100,2.8402452,19.44,21.0,65.0,9.0,21.0,279.0
20241205T1200,4.1002455,21.96,36.0,95.0,36.0,9.0,281.0
20241205T1300,4.7002454,23.759998,46.0,98.0,46.0,6.0,216.0
20241205T1400,4.880245,23.759998,88.0,100.0,88.0,5.0,100.0
20241205T1500,4.960245,18.72,89.0,99.0,89.0,9.0,53.0
20241205T1600,4.860245,27.0,96.0,100.0,96.0,28.0,3.0
20241205T1700,4.710245,22.68,87.0,100.0,87.0,77.0,0.0
20241205T1800,4.9302454,24.84,100.0,100.0,94.0,100.0,0.0
20241205T1900,5.3302455,30.599998,100.0,100.0,85.0,100.0,0.0
20241205T2000,5.8102455,33.12,100.0,100.0,71.0,100.0,0.0
20241205T2100,6.3202453,34.56,100.0,100.0,92.0,100.0,0.0
20241205T2200,6.8402452,34.56,100.0,80.0,100.0,99.0,0.0
20241205T2300,7.440245,33.12,100.0,99.0,100.0,99.0,0.0
20241206T0000,8.020246,37.079998,100.0,100.0,100.0,90.0,0.0
20241206T0100,8.140245,41.039997,99.0,95.0,99.0,68.0,0.0
20241206T0200,9.330245,69.479996,100.0,43.0,100.0,100.0,0.0
20241206T0300,10.190246,67.32,99.0,23.0,89.0,99.0,0.0
20241206T0400,10.480246,63.36,95.0,48.0,86.0,95.0,0.0
20241206T0500,9.630245,58.32,90.0,0.0,86.0,90.0,0.0
20241206T0600,9.230246,55.079998,84.0,0.0,37.0,84.0,0.0
20241206T0700,8.780245,53.28,82.0,0.0,19.0,82.0,0.0
20241206T0800,8.500245,48.6,72.0,0.0,13.0,72.0,12.0
20241206T0900,8.720245,45.0,77.0,0.0,0.0,77.0,61.0
20241206T1000,8.990245,42.839996,38.0,18.0,11.0,38.0,108.0
20241206T1100,9.350245,46.8,35.0,0.0,35.0,9.0,208.0
20241206T1200,9.520246,46.8,38.0,0.0,38.0,21.0,160.0
20241206T1300,9.770246,44.639996,30.0,0.0,29.0,30.0,186.0
20241206T1400,9.570246,42.839996,36.0,23.0,20.0,36.0,126.0
20241206T1500,8.990245,40.32,29.0,1.0,9.0,29.0,59.0
20241206T1600,8.110246,38.16,50.0,29.0,2.0,50.0,8.0
20241206T1700,7.650245,37.079998,43.0,67.0,15.0,43.0,0.0
20241206T1800,7.2402453,36.36,47.0,85.0,4.0,47.0,0.0
20241206T1900,6.940245,30.599998,65.0,53.0,1.0,65.0,0.0
20241206T2000,6.500245,25.199999,39.0,100.0,0.0,39.0,0.0
20241206T2100,5.900245,21.599998,55.0,100.0,1.0,55.0,0.0
20241206T2200,5.360245,19.44,43.0,99.0,0.0,43.0,0.0
20241206T2300,5.0302453,16.56,40.0,98.0,14.0,40.0,0.0
20241207T0000,4.770245,15.84,32.0,100.0,18.0,32.0,0.0
20241207T0100,5.1202455,17.28,66.0,99.0,66.0,20.0,0.0
20241207T0200,5.360245,18.72,83.0,98.0,83.0,10.0,0.0
20241207T0300,5.6402454,20.16,84.0,100.0,84.0,19.0,0.0
20241207T0400,5.9102454,21.96,93.0,98.0,93.0,27.0,0.0
20241207T0500,6.0602455,24.119999,96.0,96.0,96.0,72.0,0.0
20241207T0600,6.1802454,26.64,87.0,96.0,87.0,86.0,0.0
20241207T0700,6.7802453,29.88,83.0,96.0,83.0,62.0,0.0
20241207T0800,6.8702455,31.319998,70.0,94.0,70.0,22.0,12.0
20241207T0900,8.090245,31.319998,78.0,98.0,78.0,36.0,53.0
20241207T1000,8.590245,31.68,100.0,98.0,100.0,74.0,76.0
20241207T1100,8.230246,36.36,100.0,100.0,100.0,93.0,54.0
20241207T1200,8.880245,42.839996,100.0,100.0,100.0,99.0,15.0
20241207T1300,8.920245,50.039997,100.0,100.0,100.0,94.0,19.0
20241207T1400,8.470245,49.68,100.0,100.0,100.0,54.0,20.0
20241207T1500,8.160246,42.839996,82.0,100.0,82.0,35.0,20.0
20241207T1600,7.5602455,38.519997,51.0,97.0,51.0,49.0,5.0
20241207T1700,6.9302454,37.44,50.0,48.0,38.0,50.0,0.0
20241207T1800,6.4502454,37.079998,57.0,5.0,3.0,57.0,0.0
20241207T1900,6.1402454,36.0,66.0,1.0,5.0,66.0,0.0
20241207T2000,5.860245,36.0,62.0,0.0,2.0,62.0,0.0
20241207T2100,5.690245,33.839996,63.0,0.0,0.0,63.0,0.0
20241207T2200,5.710245,33.839996,42.0,1.0,6.0,42.0,0.0
20241207T2300,5.6002455,35.64,61.0,8.0,54.0,61.0,0.0
20241208T0000,5.3302455,36.0,48.0,26.0,42.0,48.0,0.0
20241208T0100,5.190245,35.28,72.0,41.0,72.0,61.0,0.0
20241208T0200,5.0702453,33.12,88.0,50.0,76.0,88.0,0.0
20241208T0300,4.880245,30.239998,92.0,49.0,64.0,92.0,0.0
20241208T0400,4.7402453,28.44,99.0,10.0,84.0,99.0,0.0
20241208T0500,4.4502454,27.359999,99.0,2.0,95.0,99.0,0.0
20241208T0600,4.2202454,24.119999,97.0,1.0,94.0,97.0,0.0
20241208T0700,4.0802455,21.24,88.0,14.0,80.0,88.0,0.0
20241208T0800,4.1602454,19.44,87.0,3.0,64.0,87.0,10.0
20241208T0900,4.8002453,18.359999,92.0,6.0,74.0,92.0,59.0
20241208T1000,5.3502455,24.84,91.0,49.0,52.0,91.0,105.0
20241208T1100,6.110245,25.919998,98.0,28.0,39.0,98.0,182.0
20241208T1200,6.8202453,23.039999,86.0,31.0,20.0,86.0,135.0
20241208T1300,6.920245,16.919998,91.0,74.0,0.0,91.0,81.0
20241208T1400,6.880245,12.24,99.0,99.0,18.0,99.0,76.0
20241208T1500,6.4702454,7.92,99.0,100.0,43.0,99.0,32.0
20241208T1600,5.7602453,9.72,98.0,100.0,63.0,98.0,5.0
20241208T1700,4.9702454,10.799999,88.0,100.0,84.0,88.0,0.0
20241208T1800,4.920245,12.24,93.0,100.0,93.0,60.0,0.0
20241208T1900,5.1202455,15.119999,96.0,100.0,96.0,77.0,0.0
20241208T2000,4.670245,15.4800005,99.0,100.0,99.0,23.0,0.0
20241208T2100,4.4602456,17.64,86.0,100.0,86.0,14.0,0.0
20241208T2200,4.900245,20.519999,46.0,98.0,46.0,18.0,0.0
20241208T2300,4.8202453,22.68,94.0,96.0,94.0,80.0,0.0
20241209T0000,4.8402452,25.56,98.0,76.0,98.0,93.0,0.0
20241209T0100,4.8902454,28.8,94.0,77.0,94.0,94.0,0.0
20241209T0200,4.980245,31.319998,100.0,65.0,93.0,100.0,0.0
20241209T0300,4.980245,31.68,100.0,47.0,91.0,100.0,0.0
20241209T0400,5.0302453,32.039997,100.0,23.0,90.0,100.0,0.0
20241209T0500,5.0902452,32.039997,97.0,12.0,90.0,97.0,0.0
20241209T0600,5.170245,31.68,92.0,2.0,85.0,92.0,0.0
20241209T0700,5.0702453,30.960001,90.0,0.0,83.0,90.0,0.0
20241209T0800,4.980245,32.760002,95.0,0.0,80.0,95.0,8.0
20241209T0900,5.000245,34.2,92.0,7.0,59.0,92.0,44.0
20241209T1000,4.940245,34.56,70.0,33.0,46.0,70.0,69.0
20241209T1100,5.040245,41.399998,44.0,53.0,44.0,25.0,127.0
20241209T1200,4.9102454,40.68,42.0,2.0,42.0,16.0,102.0
20241209T1300,4.9302454,41.399998,32.0,0.0,32.0,28.0,120.0
20241209T1400,4.940245,39.239998,40.0,0.0,26.0,40.0,106.0
20241209T1500,4.770245,36.36,39.0,0.0,16.0,39.0,57.0
20241209T1600,4.4402456,33.48,36.0,65.0,10.0,36.0,8.0
20241209T1700,4.400245,30.960001,57.0,93.0,17.0,57.0,0.0
20241209T1800,4.3702455,30.239998,70.0,95.0,28.0,70.0,0.0
20241209T1900,4.2802453,30.599998,81.0,36.0,40.0,81.0,0.0
20241209T2000,4.2302456,30.599998,74.0,64.0,74.0,70.0,0.0
20241209T2100,3.9702454,30.960001,85.0,52.0,66.0,85.0,0.0
20241209T2200,4.1602454,30.960001,89.0,27.0,89.0,46.0,0.0
20241209T2300,4.0002456,29.88,95.0,69.0,95.0,52.0,0.0
20241210T0000,3.9402456,29.88,89.0,99.0,89.0,59.0,0.0
20241210T0100,3.7602453,29.88,92.0,98.0,92.0,73.0,0.0
20241210T0200,3.6702452,29.88,83.0,81.0,83.0,83.0,0.0
20241210T0300,3.6702452,29.16,84.0,31.0,55.0,84.0,0.0
20241210T0400,3.6902456,28.08,83.0,0.0,23.0,83.0,0.0
20241210T0500,3.6602454,27.359999,84.0,0.0,24.0,84.0,0.0
20241210T0600,3.7902455,26.64,79.0,0.0,18.0,79.0,0.0
20241210T0700,3.8002453,24.84,83.0,12.0,1.0,83.0,0.0
20241210T0800,3.9702454,24.84,84.0,24.0,3.0,84.0,11.0
20241210T0900,4.2502456,26.28,89.0,0.0,1.0,89.0,57.0
20241210T1000,4.5502453,28.08,78.0,0.0,4.0,78.0,110.0
20241210T1100,4.8002453,33.48,82.0,2.0,3.0,82.0,117.0
20241210T1200,5.0702453,34.2,93.0,0.0,9.0,93.0,140.0
20241210T1300,5.290245,33.839996,98.0,0.0,22.0,98.0,128.0
20241210T1400,5.290245,32.399998,92.0,0.0,24.0,92.0,81.0
20241210T1500,4.9502454,25.56,82.0,0.0,17.0,82.0,47.0
20241210T1600,4.710245,21.599998,78.0,0.0,16.0,78.0,6.0
20241210T1700,4.6002455,20.880001,68.0,0.0,8.0,68.0,0.0
20241210T1800,4.4402456,20.519999,68.0,0.0,5.0,68.0,0.0
20241210T1900,4.2502456,18.359999,67.0,0.0,6.0,67.0,0.0
20241210T2000,3.9702454,16.919998,61.0,0.0,3.0,61.0,0.0
20241210T2100,3.6002455,15.84,54.0,0.0,1.0,54.0,0.0
20241210T2200,3.0602455,15.119999,42.0,0.0,0.0,42.0,0.0
20241210T2300,3.2002454,14.4,56.0,0.0,1.0,56.0,0.0
20241211T0000,2.9302454,14.04,46.0,0.0,1.0,46.0,0.0
20241211T0100,2.9102454,14.4,62.0,0.0,1.0,62.0,0.0
20241211T0200,3.1802454,14.4,64.0,0.0,0.0,64.0,0.0
20241211T0300,3.1502452,12.959999,65.0,0.0,1.0,65.0,0.0
20241211T0400,3.6702452,12.959999,57.0,0.0,1.0,57.0,0.0
20241211T0500,3.6302452,11.879999,56.0,16.0,0.0,56.0,0.0
20241211T0600,3.4702454,12.959999,53.0,22.0,0.0,53.0,0.0
20241211T0700,3.5802455,11.5199995,50.0,13.0,0.0,50.0,0.0
20241211T0800,3.7302456,13.32,46.0,29.0,0.0,46.0,8.0
20241211T0900,4.0202456,16.199999,62.0,71.0,2.0,62.0,62.0
20241211T1000,4.130245,17.64,85.0,87.0,4.0,85.0,112.0
20241211T1100,4.170245,17.64,85.0,89.0,17.0,85.0,140.0
20241211T1200,4.2902455,16.919998,76.0,86.0,44.0,76.0,133.0
20241211T1300,4.3502455,16.919998,92.0,74.0,77.0,92.0,134.0
20241211T1400,4.4702454,17.64,74.0,21.0,33.0,74.0,122.0
20241211T1500,4.2802453,16.919998,57.0,0.0,1.0,57.0,49.0
20241211T1600,3.7202454,11.879999,46.0,0.0,2.0,46.0,7.0
20241211T1700,3.5602455,11.159999,52.0,0.0,0.0,52.0,0.0
20241211T1800,3.2902455,11.879999,43.0,0.0,1.0,43.0,0.0
20241211T1900,3.2002454,11.5199995,57.0,0.0,1.0,57.0,0.0
20241211T2000,2.7802453,10.08,53.0,0.0,0.0,53.0,0.0
20241211T2100,2.5502453,10.08,50.0,0.0,0.0,50.0,0.0
20241211T2200,2.9602456,10.440001,78.0,0.0,0.0,78.0,0.0
20241211T2300,2.6702452,10.799999,66.0,0.0,0.0,66.0,0.0
20241212T0000,2.6002455,11.159999,65.0,0.0,0.0,65.0,0.0
20241212T0100,2.2702456,11.159999,77.0,0.0,0.0,77.0,0.0
20241212T0200,2.0402455,11.5199995,76.0,0.0,0.0,76.0,0.0
20241212T0300,2.2202454,10.799999,81.0,0.0,0.0,81.0,0.0
20241212T0400,2.0202456,10.08,73.0,0.0,0.0,73.0,0.0
20241212T0500,2.0502453,10.08,71.0,0.0,0.0,71.0,0.0
20241212T0600,2.3302455,9.72,68.0,0.0,0.0,68.0,0.0
20241212T0700,2.2102454,9.36,62.0,0.0,0.0,62.0,0.0
20241212T0800,2.6002455,9.0,58.0,0.0,0.0,58.0,15.0
20241212T0900,2.8802452,10.799999,67.0,1.0,1.0,67.0,74.0
20241212T1000,3.2202454,12.599999,98.0,1.0,0.0,98.0,132.0
20241212T1100,3.4502454,12.959999,100.0,0.0,0.0,100.0,154.0
20241212T1200,3.7302456,14.04,85.0,0.0,0.0,85.0,226.0
20241212T1300,3.8702455,14.04,73.0,0.0,1.0,73.0,187.0
20241212T1400,3.8902454,14.04,67.0,0.0,0.0,67.0,154.0
20241212T1500,3.0802455,12.24,54.0,0.0,0.0,54.0,86.0
20241212T1600,4.0502453,10.08,32.0,0.0,2.0,32.0,9.0
20241212T1700,3.2802453,10.440001,25.0,0.0,4.0,25.0,0.0
20241212T1800,2.1102452,11.159999,15.0,0.0,1.0,15.0,0.0
20241212T1900,1.1202455,11.159999,18.0,0.0,3.0,18.0,0.0
20241212T2000,0.77024543,10.08,12.0,0.0,0.0,12.0,0.0
20241212T2100,0.5802454,10.440001,10.0,0.0,2.0,10.0,0.0
20241212T2200,0.89024544,10.799999,11.0,0.0,0.0,11.0,0.0
20241212T2300,0.5502454,10.799999,29.0,0.0,0.0,29.0,0.0
20241213T0000,0.3902454,10.440001,41.0,0.0,0.0,41.0,0.0
20241213T0100,0.16024542,10.440001,39.0,0.0,0.0,39.0,0.0
20241213T0200,0.030245423,10.440001,34.0,0.0,0.0,34.0,0.0
20241213T0300,-0.3297546,10.08,25.0,0.0,0.0,25.0,0.0
20241213T0400,-0.50975454,10.799999,30.0,0.0,0.0,30.0,0.0
20241213T0500,-0.88975465,10.799999,40.0,0.0,0.0,40.0,0.0
20241213T0600,-1.0197546,10.440001,35.0,0.0,0.0,35.0,0.0
20241213T0700,-1.2797546,13.679999,36.0,0.0,0.0,36.0,0.0
20241213T0800,-1.1297545,11.5199995,26.0,1.0,0.0,26.0,17.0
20241213T0900,-0.33975458,13.679999,26.0,6.0,0.0,26.0,96.0
20241213T1000,1.0802454,14.4,66.0,25.0,0.0,66.0,181.0
20241213T1100,1.8702455,14.04,55.0,35.0,0.0,55.0,261.0
20241213T1200,2.8702455,13.679999,17.400002,58.0,4.0,14.0,295.0
20241213T1300,3.4302454,11.879999,23.7,79.0,3.0,11.0,274.0
20241213T1400,3.6102452,9.36,25.2,84.0,7.0,6.0,181.0
20241213T1500,3.5702453,5.04,25.2,84.0,20.0,5.0,83.0
20241213T1600,2.7602453,4.68,34.0,97.0,34.0,4.0,9.0
20241213T1700,1.4202454,6.12,59.0,99.0,59.0,4.0,0.0
20241213T1800,0.5102454,6.4799995,67.0,98.0,67.0,2.0,0.0
20241213T1900,-0.5597546,12.959999,29.1,97.0,5.0,1.0,0.0
20241213T2000,-0.6997546,11.159999,28.500002,95.0,19.0,0.0,0.0
20241213T2100,-0.8497546,11.159999,28.500002,95.0,28.0,0.0,0.0
20241213T2200,-0.8297546,10.440001,59.0,95.0,59.0,2.0,0.0
20241213T2300,-0.6997546,10.440001,47.0,92.0,47.0,0.0,0.0
20241214T0000,-0.35975462,11.5199995,66.0,93.0,66.0,0.0,0.0
20241214T0100,0.1202454,12.24,78.0,88.0,78.0,1.0,0.0
20241214T0200,0.20024541,11.5199995,72.0,98.0,72.0,5.0,0.0
20241214T0300,0.64024544,11.159999,73.0,90.0,73.0,4.0,0.0
20241214T0400,0.9402454,11.159999,45.0,96.0,45.0,3.0,0.0
20241214T0500,1.4302454,12.24,86.0,99.0,86.0,4.0,0.0
20241214T0600,1.7302454,13.679999,87.0,100.0,87.0,1.0,0.0
20241214T0700,2.0802455,16.56,85.0,99.0,85.0,1.0,0.0
20241214T0800,2.2302454,15.84,83.0,99.0,83.0,7.0,5.0
20241214T0900,3.0702453,16.919998,68.0,99.0,68.0,16.0,42.0
20241214T1000,3.8902454,18.0,80.0,97.0,80.0,55.0,80.0
20241214T1100,4.3902454,18.0,41.0,97.0,41.0,39.0,88.0
20241214T1200,4.8102455,21.96,82.0,97.0,82.0,64.0,109.0
20241214T1300,5.130245,25.56,78.0,90.0,78.0,64.0,118.0
20241214T1400,5.0802455,24.119999,83.0,66.0,83.0,64.0,70.0
20241214T1500,5.0902452,21.24,95.0,24.0,95.0,70.0,32.0
20241214T1600,4.8402452,19.44,90.0,3.0,90.0,66.0,3.0
20241214T1700,4.7002454,19.08,89.0,1.0,69.0,89.0,0.0
20241214T1800,4.5402455,18.72,93.0,0.0,67.0,93.0,0.0
20241214T1900,4.4302454,18.72,96.0,0.0,59.0,96.0,0.0
20241214T2000,4.3702455,18.359999,97.0,0.0,54.0,97.0,0.0
20241214T2100,4.2402453,17.28,98.0,4.0,76.0,98.0,0.0
20241214T2200,4.0802455,16.199999,89.0,39.0,61.0,89.0,0.0
20241214T2300,3.8002453,16.199999,83.0,18.0,62.0,83.0,0.0
20241215T0000,3.7302456,16.199999,83.0,2.0,56.0,83.0,0.0
20241215T0100,3.5802455,18.0,71.0,0.0,48.0,71.0,0.0
20241215T0200,3.4802456,19.08,68.0,0.0,61.0,68.0,0.0
20241215T0300,3.3702455,19.8,68.0,0.0,64.0,68.0,0.0
20241215T0400,3.1802454,19.8,67.0,0.0,62.0,67.0,0.0
20241215T0500,3.0502453,19.44,83.0,0.0,78.0,83.0,0.0
20241215T0600,2.8302455,18.359999,89.0,0.0,83.0,89.0,0.0
20241215T0700,2.6602454,14.759999,89.0,0.0,78.0,89.0,0.0
20241215T0800,2.9002452,14.759999,73.0,0.0,55.0,73.0,9.0
20241215T0900,3.4402456,16.199999,64.0,0.0,27.0,64.0,49.0
20241215T1000,4.1002455,23.4,71.0,0.0,22.0,71.0,126.0
20241215T1100,4.710245,23.039999,93.0,0.0,8.0,93.0,174.0
20241215T1200,5.040245,24.48,94.0,0.0,8.0,94.0,166.0
20241215T1300,5.0302453,27.0,99.0,0.0,7.0,99.0,145.0
20241215T1400,5.0502453,26.64,95.0,0.0,18.0,95.0,80.0
20241215T1500,4.880245,24.84,79.0,0.0,59.0,79.0,39.0
20241215T1600,4.2802453,22.68,78.0,2.0,53.0,78.0,5.0
20241215T1700,4.0302453,22.319998,74.0,0.0,28.0,74.0,0.0
20241215T1800,4.0002456,18.359999,52.0,0.0,38.0,52.0,0.0
20241215T1900,4.0302453,18.359999,47.0,0.0,41.0,47.0,0.0
20241215T2000,3.7102456,18.359999,31.0,0.0,31.0,30.0,0.0
20241215T2100,3.7102456,19.08,31.0,0.0,28.0,31.0,0.0
20241215T2200,3.5502453,19.44,78.0,0.0,45.0,78.0,0.0
20241215T2300,3.5102453,19.44,99.0,0.0,70.0,99.0,0.0
20241216T0000,3.6302452,19.8,100.0,16.0,65.0,100.0,0.0
20241216T0100,3.7902455,20.16,100.0,68.0,53.0,100.0,0.0
20241216T0200,4.0602455,19.44,100.0,57.0,56.0,100.0,0.0
20241216T0300,4.2502456,19.08,99.0,38.0,44.0,99.0,0.0
20241216T0400,4.2702456,18.72,98.0,1.0,44.0,98.0,0.0
20241216T0500,4.5202456,18.72,100.0,0.0,43.0,100.0,0.0
20241216T0600,4.710245,19.08,98.0,0.0,33.0,98.0,0.0
20241216T0700,4.5502453,22.319998,98.0,0.0,15.0,98.0,0.0
20241216T0800,4.6602454,21.96,95.0,0.0,10.0,95.0,7.0
20241216T0900,6.0902452,21.24,97.0,0.0,2.0,97.0,47.0
20241216T1000,7.400245,20.16,81.0,0.0,12.0,81.0,84.0
20241216T1100,8.480246,19.08,86.0,0.0,21.0,86.0,146.0
20241216T1200,8.980246,19.8,89.0,0.0,19.0,89.0,146.0
20241216T1300,9.190246,18.0,94.0,0.0,6.0,94.0,110.0
20241216T1400,8.930245,16.56,97.0,0.0,4.0,97.0,45.0
20241216T1500,8.200246,15.119999,91.0,0.0,0.0,91.0,23.0
20241216T1600,6.6602454,15.84,79.0,0.0,3.0,79.0,3.0
20241216T1700,5.5802455,15.84,68.0,0.0,1.0,68.0,0.0
20241216T1800,4.8902454,13.679999,55.0,0.0,1.0,55.0,0.0
20241216T1900,4.380245,14.04,36.0,0.0,4.0,36.0,0.0
20241216T2000,3.9802456,12.24,39.0,5.0,1.0,39.0,0.0
20241216T2100,3.9102454,13.679999,38.0,38.0,0.0,38.0,0.0
20241216T2200,2.8102455,14.04,43.0,43.0,0.0,43.0,0.0
20241216T2300,2.2802453,13.679999,64.0,8.0,0.0,64.0,0.0
20241217T0000,2.2102454,12.959999,73.0,6.0,0.0,73.0,0.0
20241217T0100,2.3202453,12.599999,71.0,5.0,0.0,71.0,0.0
20241217T0200,2.4102454,13.32,75.0,0.0,0.0,75.0,0.0
20241217T0300,2.2802453,13.32,76.0,0.0,12.0,76.0,0.0
20241217T0400,2.0102453,14.4,80.0,0.0,17.0,80.0,0.0
20241217T0500,2.0402455,16.199999,78.0,0.0,9.0,78.0,0.0
20241217T0600,1.9602454,16.56,71.0,7.0,7.0,71.0,0.0
20241217T0700,1.8002454,17.64,71.0,20.0,0.0,71.0,0.0
20241217T0800,1.8002454,14.4,54.0,30.0,0.0,54.0,14.0
20241217T0900,2.1902454,14.4,53.0,76.0,0.0,53.0,92.0
20241217T1000,3.7202454,14.04,40.0,93.0,0.0,40.0,187.0
20241217T1100,5.1402454,12.959999,36.0,94.0,0.0,36.0,258.0
20241217T1200,6.0902452,12.959999,25.800001,86.0,0.0,18.0,249.0
20241217T1300,7.0302453,12.24,28.500002,95.0,0.0,12.0,246.0
20241217T1400,7.0902452,11.159999,29.400002,98.0,0.0,6.0,180.0
20241217T1500,6.8702455,8.64,29.400002,98.0,0.0,2.0,89.0
20241217T1600,5.8202453,9.72,30.000002,100.0,0.0,4.0,10.0
20241217T1700,3.8002453,11.879999,29.7,99.0,9.0,3.0,0.0
20241217T1800,4.0202456,12.599999,29.7,99.0,29.0,1.0,0.0
20241217T1900,3.7602453,16.199999,38.0,100.0,38.0,0.0,0.0
20241217T2000,3.4402456,16.56,45.0,98.0,45.0,0.0,0.0
20241217T2100,3.2502456,16.919998,40.0,95.0,40.0,1.0,0.0
20241217T2200,2.9002452,17.28,72.0,98.0,72.0,0.0,0.0
20241217T2300,2.9702454,17.28,82.0,100.0,82.0,1.0,0.0
20241218T0000,3.0102453,17.64,92.0,95.0,92.0,0.0,0.0
20241218T0100,3.7302456,18.0,93.0,98.0,93.0,0.0,0.0
20241218T0200,4.110245,18.72,96.0,100.0,96.0,0.0,0.0
20241218T0300,4.1002455,19.8,95.0,99.0,95.0,0.0,0.0
20241218T0400,4.6802454,20.16,67.0,96.0,67.0,0.0,0.0
20241218T0500,5.110245,19.8,35.0,40.0,35.0,0.0,0.0
20241218T0600,5.110245,20.519999,73.0,7.0,73.0,0.0,0.0
20241218T0700,5.1802454,20.519999,90.0,0.0,90.0,1.0,0.0
20241218T0800,5.3902454,21.599998,81.0,4.0,81.0,1.0,13.0
20241218T0900,6.8702455,21.96,48.0,24.0,48.0,7.0,63.0
20241218T1000,8.680245,23.4,69.0,54.0,69.0,5.0,104.0
20241218T1100,10.3102455,24.119999,55.0,48.0,55.0,2.0,162.0
20241218T1200,12.030245,24.48,42.0,0.0,42.0,2.0,248.0
20241218T1300,12.670245,24.84,42.0,0.0,42.0,7.0,219.0
20241218T1400,12.620245,25.56,47.0,0.0,47.0,6.0,178.0
20241218T1500,11.710245,24.84,43.0,0.0,43.0,28.0,85.0
20241218T1600,10.260245,24.48,33.0,0.0,21.0,33.0,9.0
20241218T1700,9.8102455,24.48,33.0,9.0,8.0,33.0,0.0
20241218T1800,9.530245,24.84,42.0,57.0,0.0,42.0,0.0
20241218T1900,9.520246,23.4,38.0,79.0,0.0,38.0,0.0
20241218T2000,9.370245,23.4,39.0,91.0,1.0,39.0,0.0
20241218T2100,9.160245,23.039999,41.0,63.0,9.0,41.0,0.0
20241218T2200,9.050245,21.599998,53.0,65.0,16.0,53.0,0.0
20241218T2300,8.710245,20.16,59.0,86.0,18.0,59.0,0.0
20241219T0000,8.110246,20.519999,46.0,50.0,15.0,46.0,0.0
20241219T0100,8.250245,22.319998,44.0,80.0,18.0,44.0,0.0
20241219T0200,7.8502455,23.759998,26.7,89.0,22.0,23.0,0.0
20241219T0300,7.3102455,24.48,28.2,94.0,26.0,18.0,0.0
20241219T0400,7.2602453,25.199999,47.0,99.0,47.0,36.0,0.0
20241219T0500,7.630245,25.919998,92.0,97.0,92.0,30.0,0.0
20241219T0600,8.520246,27.0,97.0,100.0,97.0,57.0,0.0
20241219T0700,9.280245,37.079998,87.0,100.0,87.0,54.0,0.0
20241219T0800,10.180245,40.32,97.0,99.0,97.0,64.0,2.0
20241219T0900,10.740245,46.44,93.0,99.0,93.0,74.0,15.0
20241219T1000,11.830245,50.399998,79.0,70.0,79.0,64.0,47.0
20241219T1100,12.710245,50.76,74.0,43.0,74.0,58.0,101.0
20241219T1200,13.190246,48.96,89.0,27.0,76.0,89.0,183.0
20241219T1300,13.510245,49.32,90.0,26.0,87.0,90.0,192.0
20241219T1400,12.580245,53.639996,100.0,97.0,100.0,83.0,98.0
20241219T1500,9.8102455,59.76,100.0,100.0,100.0,91.0,16.0
20241219T1600,6.860245,59.399998,100.0,100.0,100.0,98.0,1.0
20241219T1700,6.3202453,43.56,100.0,98.0,100.0,85.0,0.0
20241219T1800,5.8902454,39.239998,85.0,93.0,85.0,72.0,0.0
20241219T1900,5.380245,42.48,51.0,71.0,51.0,46.0,0.0
20241219T2000,5.130245,39.239998,49.0,20.0,41.0,49.0,0.0
20241219T2100,4.4502454,39.6,31.0,0.0,14.0,31.0,0.0
20241219T2200,4.1902456,33.12,47.0,30.0,47.0,5.0,0.0
20241219T2300,3.9402456,29.16,47.0,38.0,45.0,47.0,0.0
20241220T0000,3.6602454,28.8,51.0,0.0,50.0,51.0,0.0
20241220T0100,3.4002452,28.44,59.0,0.0,23.0,59.0,0.0
20241220T0200,3.1802454,21.599998,79.0,0.0,1.0,79.0,0.0
20241220T0300,3.1102452,18.359999,90.0,0.0,0.0,90.0,0.0
20241220T0400,3.1202455,19.44,82.0,0.0,0.0,82.0,0.0
20241220T0500,3.0202456,19.8,87.0,0.0,8.0,87.0,0.0
20241220T0600,3.2502456,21.24,88.0,0.0,32.0,88.0,0.0
20241220T0700,3.1902456,19.44,83.0,0.0,54.0,83.0,0.0
20241220T0800,3.1502452,20.16,97.0,0.0,56.0,97.0,5.0
20241220T0900,3.4302454,21.96,96.0,0.0,40.0,96.0,42.0
20241220T1000,3.8802452,22.319998,81.0,0.0,29.0,81.0,76.0
20241220T1100,4.4102454,23.4,89.0,0.0,16.0,89.0,103.0
20241220T1200,4.690245,25.56,56.0,0.0,29.0,56.0,145.0
20241220T1300,4.9702454,27.0,49.0,0.0,21.0,49.0,203.0
20241220T1400,4.8302455,26.28,60.0,0.0,12.0,60.0,156.0
20241220T1500,4.1402454,23.759998,49.0,2.0,13.0,49.0,85.0
20241220T1600,3.3902454,19.8,37.0,19.0,7.0,37.0,8.0
20241220T1700,2.5402455,16.919998,39.0,51.0,3.0,39.0,0.0
20241220T1800,1.8302454,15.84,40.0,22.0,2.0,40.0,0.0
20241220T1900,1.6302454,17.64,37.0,8.0,4.0,37.0,0.0
20241220T2000,1.3402455,16.56,49.0,1.0,9.0,49.0,0.0
20241220T2100,1.5402454,17.28,67.0,22.0,13.0,67.0,0.0
20241220T2200,1.4702454,17.64,37.0,28.0,30.0,37.0,0.0
20241220T2300,1.6502454,18.0,77.0,81.0,77.0,60.0,0.0
20241221T0000,1.9102454,18.359999,88.0,97.0,88.0,76.0,0.0
20241221T0100,2.2602453,19.08,80.0,98.0,73.0,80.0,0.0
20241221T0200,2.4402454,19.8,96.0,78.0,87.0,96.0,0.0
20241221T0300,2.5402455,20.519999,98.0,33.0,96.0,98.0,0.0
20241221T0400,2.6802454,21.24,90.0,4.0,71.0,90.0,0.0
20241221T0500,2.9102454,21.599998,81.0,4.0,40.0,81.0,0.0
20241221T0600,2.9602456,22.319998,72.0,0.0,48.0,72.0,0.0
20241221T0700,3.0102453,24.84,76.0,0.0,76.0,69.0,0.0
20241221T0800,3.1902456,24.84,95.0,0.0,95.0,80.0,9.0
20241221T0900,4.3402452,25.919998,96.0,0.0,86.0,96.0,63.0
20241221T1000,5.2802453,26.28,100.0,3.0,77.0,100.0,107.0
20241221T1100,6.2402453,26.64,99.0,0.0,68.0,99.0,104.0
20241221T1200,6.8302455,29.88,99.0,0.0,51.0,99.0,77.0
20241221T1300,6.9302454,30.960001,100.0,13.0,25.0,100.0,51.0
20241221T1400,7.040245,32.039997,97.0,71.0,7.0,97.0,52.0
20241221T1500,6.980245,31.68,98.0,45.0,16.0,98.0,28.0
20241221T1600,6.8902454,32.399998,100.0,33.0,51.0,100.0,4.0
20241221T1700,6.8702455,34.56,96.0,98.0,87.0,96.0,0.0
20241221T1800,6.8702455,37.8,99.0,100.0,99.0,98.0,0.0
20241221T1900,6.650245,39.96,97.0,99.0,97.0,70.0,0.0
20241221T2000,6.3002453,43.92,93.0,97.0,93.0,61.0,0.0
20241221T2100,5.9502454,45.36,96.0,70.0,96.0,90.0,0.0
20241221T2200,6.190245,48.96,95.0,67.0,95.0,83.0,0.0
20241221T2300,6.190245,50.76,97.0,98.0,97.0,90.0,0.0
20241222T0000,6.500245,55.8,100.0,96.0,97.0,100.0,0.0
20241222T0100,6.880245,54.719997,100.0,100.0,95.0,100.0,0.0
20241222T0200,7.2602453,56.519997,96.0,74.0,71.0,96.0,0.0
20241222T0300,7.650245,72.0,87.0,58.0,87.0,83.0,0.0
20241222T0400,8.120246,76.32,92.0,93.0,92.0,92.0,0.0
20241222T0500,8.650246,64.439995,92.0,96.0,92.0,92.0,0.0
20241222T0600,8.380245,69.84,92.0,22.0,86.0,92.0,0.0
20241222T0700,6.8402452,69.479996,89.0,62.0,74.0,89.0,0.0
20241222T0800,6.4702454,75.24,81.0,0.0,67.0,81.0,2.0
20241222T0900,6.3702455,63.72,98.0,4.0,47.0,98.0,26.0
20241222T1000,6.5802455,63.36,76.0,4.0,68.0,76.0,59.0
20241222T1100,5.9302454,70.2,74.0,2.0,74.0,74.0,100.0
20241222T1200,5.420245,68.03999,84.0,10.0,84.0,22.0,136.0
20241222T1300,5.4702454,63.72,86.0,72.0,86.0,25.0,125.0
20241222T1400,5.210245,52.56,85.0,66.0,85.0,25.0,93.0
20241222T1500,4.5502453,43.199997,96.0,91.0,96.0,23.0,63.0
20241222T1600,3.5902452,31.68,99.0,98.0,99.0,57.0,8.0
20241222T1700,2.7902455,32.399998,98.0,94.0,98.0,43.0,0.0
20241222T1800,2.3502455,29.519999,97.0,93.0,97.0,41.0,0.0
20241222T1900,2.4202454,22.319998,93.0,92.0,93.0,26.0,0.0
20241222T2000,2.3602452,26.28,91.0,82.0,91.0,32.0,0.0
20241222T2100,2.4702454,27.72,77.0,43.0,77.0,56.0,0.0
20241222T2200,2.2102454,28.08,30.0,33.0,30.0,23.0,0.0
20241222T2300,2.2002454,26.28,41.0,12.0,28.0,41.0,0.0
20241223T0000,2.2902455,25.919998,44.0,39.0,19.0,44.0,0.0
20241223T0100,2.2302454,27.0,73.0,81.0,73.0,56.0,0.0
20241223T0200,1.9402454,26.64,100.0,100.0,100.0,55.0,0.0
20241223T0300,1.9002454,24.48,100.0,98.0,100.0,76.0,0.0
20241223T0400,1.7202454,25.56,99.0,94.0,99.0,70.0,0.0
20241223T0500,1.7202454,28.44,98.0,86.0,98.0,90.0,0.0
20241223T0600,1.9002454,42.48,88.0,64.0,88.0,86.0,0.0
20241223T0700,1.9902455,34.92,77.0,49.0,77.0,59.0,0.0
20241223T0800,2.2902455,28.44,96.0,47.0,96.0,87.0,3.0
20241223T0900,3.0602455,27.359999,95.0,0.0,95.0,89.0,17.0
20241223T1000,3.1002455,28.44,94.0,0.0,78.0,94.0,36.0
20241223T1100,3.7002454,28.44,90.0,0.0,60.0,90.0,60.0
20241223T1200,4.3102455,30.239998,78.0,0.0,26.0,78.0,82.0
20241223T1300,4.8302455,35.64,50.0,0.0,23.0,50.0,125.0
20241223T1400,4.8202453,38.16,42.0,0.0,33.0,42.0,101.0
20241223T1500,4.400245,37.079998,42.0,0.0,38.0,42.0,60.0
20241223T1600,3.6802454,30.599998,69.0,0.0,28.0,69.0,9.0
20241223T1700,3.7102456,28.08,68.0,0.0,12.0,68.0,0.0
20241223T1800,3.7702456,25.919998,66.0,0.0,12.0,66.0,0.0
20241223T1900,3.7802453,21.24,65.0,0.0,18.0,65.0,0.0
20241223T2000,3.7802453,17.64,62.0,0.0,30.0,62.0,0.0
20241223T2100,3.7602453,14.04,83.0,0.0,23.0,83.0,0.0
20241223T2200,3.0702453,12.599999,44.0,0.0,44.0,22.0,0.0
20241223T2300,3.2502456,12.599999,43.0,0.0,39.0,43.0,0.0
20241224T0000,2.8002453,11.5199995,32.0,0.0,32.0,28.0,0.0
20241224T0100,2.4402454,11.159999,53.0,0.0,34.0,53.0,0.0
20241224T0200,2.9002452,11.879999,81.0,0.0,9.0,81.0,0.0
20241224T0300,2.4802454,11.159999,74.0,0.0,7.0,74.0,0.0
20241224T0400,2.2002454,10.440001,85.0,0.0,6.0,85.0,0.0
20241224T0500,2.1302454,10.08,73.0,0.0,3.0,73.0,0.0
20241224T0600,1.9802454,9.72,79.0,0.0,7.0,79.0,0.0
20241224T0700,2.1702454,10.440001,92.0,0.0,1.0,92.0,0.0
20241224T0800,2.2802453,7.92,92.0,0.0,0.0,92.0,7.0
20241224T0900,3.4102454,9.0,97.0,89.0,2.0,97.0,46.0
20241224T1000,4.0202456,10.08,57.0,86.0,56.0,57.0,80.0
20241224T1100,4.750245,10.08,96.0,0.0,53.0,96.0,125.0
20241224T1200,5.3502455,10.08,86.0,0.0,86.0,77.0,155.0
20241224T1300,5.270245,10.08,90.0,0.0,90.0,74.0,124.0
20241224T1400,5.3902454,8.64,93.0,0.0,93.0,75.0,113.0
20241224T1500,4.730245,6.8399997,72.0,0.0,72.0,70.0,60.0
20241224T1600,3.5102453,7.2,86.0,0.0,86.0,62.0,7.0
20241224T1700,3.1102452,9.0,97.0,2.0,97.0,60.0,0.0
20241224T1800,2.6902456,8.64,97.0,0.0,97.0,56.0,0.0
20241224T1900,2.8902454,6.4799995,93.0,0.0,93.0,49.0,0.0
20241224T2000,2.7602453,6.12,95.0,0.0,95.0,48.0,0.0
20241224T2100,2.6202455,6.8399997,91.0,0.0,91.0,43.0,0.0
20241224T2200,2.6102452,7.2,97.0,1.0,97.0,28.0,0.0
20241224T2300,2.6502452,7.2,98.0,0.0,98.0,22.0,0.0
20241225T0000,2.8502455,6.8399997,96.0,0.0,96.0,13.0,0.0
20241225T0100,2.3502455,7.2,63.0,0.0,63.0,13.0,0.0
20241225T0200,1.7802454,8.28,59.0,0.0,59.0,14.0,0.0
20241225T0300,1.6402454,9.0,72.0,0.0,72.0,15.0,0.0
20241225T0400,1.5002453,9.72,85.0,0.0,85.0,14.0,0.0
20241225T0500,1.3802454,9.72,94.0,0.0,94.0,22.0,0.0
20241225T0600,1.1802454,10.08,97.0,0.0,97.0,32.0,0.0
20241225T0700,1.0202454,10.08,97.0,0.0,97.0,38.0,0.0
20241225T0800,1.3502455,10.08,94.0,0.0,94.0,51.0,4.0
20241225T0900,2.4202454,11.879999,15.0,0.0,14.0,15.0,49.0
20241225T1000,3.6002455,12.959999,31.0,4.0,31.0,23.0,150.0
20241225T1100,4.7402453,12.959999,57.0,2.0,57.0,31.0,213.0
20241225T1200,5.6202455,13.32,87.0,10.0,87.0,75.0,267.0
20241225T1300,6.2002454,13.679999,82.0,1.0,82.0,68.0,224.0
20241225T1400,6.5602455,13.679999,73.0,1.0,59.0,73.0,179.0
20241225T1500,5.270245,12.599999,60.0,2.0,32.0,60.0,81.0
20241225T1600,3.4802456,12.24,13.0,0.0,1.0,13.0,12.0
20241225T1700,2.3702455,13.32,4.0,0.0,0.0,4.0,0.0
20241225T1800,1.4802454,13.679999,2.0,1.0,2.0,2.0,0.0
20241225T1900,0.9002454,15.84,1.0,1.0,0.0,1.0,0.0
20241225T2000,0.4002454,14.4,1.0,2.0,0.0,1.0,0.0
20241225T2100,0.2102454,14.4,2.7,9.0,0.0,0.0,0.0
20241225T2200,-0.29975462,14.4,0.90000004,3.0,0.0,0.0,0.0
20241225T2300,-0.39975458,14.759999,0.0,0.0,0.0,0.0,0.0
20241226T0000,-0.5797546,15.119999,4.0,0.0,0.0,4.0,0.0
20241226T0100,-0.6797546,15.4800005,11.0,0.0,0.0,11.0,0.0
20241226T0200,-0.65975463,15.84,5.0,0.0,0.0,5.0,0.0
20241226T0300,-0.9297546,15.84,5.0,0.0,0.0,5.0,0.0
20241226T0400,-1.0797546,15.84,4.0,0.0,0.0,4.0,0.0
20241226T0500,-1.2897546,15.84,2.0,0.0,0.0,2.0,0.0
20241226T0600,-1.3897547,15.4800005,1.0,0.0,0.0,1.0,0.0
20241226T0700,-1.3797545,17.28,2.0,0.0,0.0,2.0,0.0
20241226T0800,-0.76975465,17.28,6.0,0.0,0.0,6.0,12.0
20241226T0900,0.7302454,17.64,4.0,0.0,0.0,4.0,89.0
20241226T1000,1.3302454,17.28,8.0,0.0,0.0,8.0,184.0
20241226T1100,2.2902455,16.56,6.0,0.0,0.0,6.0,260.0
20241226T1200,3.2402453,15.4800005,8.0,0.0,0.0,8.0,290.0
20241226T1300,3.9702454,14.759999,2.0,0.0,0.0,2.0,257.0
20241226T1400,4.2502456,13.32,2.0,0.0,0.0,2.0,199.0
20241226T1500,4.0202456,9.72,1.0,0.0,0.0,1.0,104.0
20241226T1600,3.1602454,10.799999,7.0,0.0,0.0,7.0,14.0
20241226T1700,-0.03975457,12.599999,1.0,0.0,0.0,1.0,0.0
20241226T1800,-0.8397546,13.32,6.0,0.0,0.0,6.0,0.0
20241226T1900,-1.1597546,14.4,1.0,0.0,0.0,1.0,0.0
20241226T2000,-1.3297546,14.759999,0.0,0.0,0.0,0.0,0.0
20241226T2100,-1.3797545,14.759999,0.0,0.0,0.0,0.0,0.0
20241226T2200,-1.6197547,14.759999,0.0,0.0,0.0,0.0,0.0
20241226T2300,-1.6697546,14.4,2.0,0.0,0.0,2.0,0.0
20241227T0000,-1.5197545,13.679999,2.0,0.0,0.0,2.0,0.0
20241227T0100,-1.5397545,12.959999,4.0,0.0,0.0,4.0,0.0
20241227T0200,-1.3697546,12.24,4.0,0.0,0.0,4.0,0.0
20241227T0300,-1.3297546,11.5199995,6.0,0.0,0.0,6.0,0.0
20241227T0400,-1.2197546,11.879999,4.0,0.0,0.0,4.0,0.0
20241227T0500,-1.3497546,11.879999,5.0,0.0,0.0,5.0,0.0
20241227T0600,-1.4497546,11.5199995,4.0,0.0,0.0,4.0,0.0
20241227T0700,-1.6397547,14.759999,4.0,0.0,0.0,4.0,0.0
20241227T0800,-1.5297545,13.32,1.0,0.0,0.0,1.0,13.0
20241227T0900,-0.24975461,14.4,2.0,0.0,0.0,2.0,100.0
20241227T1000,0.8602454,14.4,23.0,0.0,0.0,23.0,198.0
20241227T1100,1.9802454,13.679999,6.0,0.0,0.0,6.0,271.0
20241227T1200,2.8602452,12.959999,4.0,0.0,0.0,4.0,293.0
20241227T1300,3.2802453,11.5199995,2.0,0.0,0.0,2.0,254.0
20241227T1400,3.5602455,9.0,1.0,0.0,0.0,1.0,194.0
20241227T1500,2.3402452,7.5599995,1.0,0.0,0.0,1.0,104.0
20241227T1600,0.2802454,9.0,1.0,3.0,0.0,1.0,15.0
20241227T1700,-0.4397546,9.72,2.1000001,7.0,0.0,0.0,0.0
20241227T1800,-0.50975454,9.72,2.7,9.0,0.0,0.0,0.0
20241227T1900,-0.5897546,13.32,0.90000004,3.0,0.0,0.0,0.0
20241227T2000,-0.77975464,12.959999,2.7,9.0,0.0,0.0,0.0
20241227T2100,-0.9597546,13.32,13.8,46.0,0.0,0.0,0.0
20241227T2200,-0.89975464,13.679999,17.1,57.0,0.0,0.0,0.0
20241227T2300,-1.1597546,13.32,13.200001,44.0,0.0,1.0,0.0
20241228T0000,-1.3197546,12.599999,12.6,42.0,0.0,1.0,0.0
20241228T0100,-1.4497546,11.5199995,8.1,27.0,0.0,1.0,0.0
20241228T0200,-1.6897546,10.799999,2.0,0.0,0.0,2.0,0.0
20241228T0300,-1.7597545,10.799999,4.0,0.0,0.0,4.0,0.0
20241228T0400,-1.6997546,11.159999,2.0,0.0,0.0,2.0,0.0
20241228T0500,-1.6997546,11.5199995,2.0,0.0,0.0,2.0,0.0
20241228T0600,-1.9297546,11.879999,2.0,0.0,0.0,2.0,0.0
20241228T0700,-1.8197545,16.919998,0.0,0.0,0.0,0.0,0.0
20241228T0800,-1.3997546,14.4,1.0,0.0,0.0,1.0,13.0
20241228T0900,0.3802454,15.4800005,0.0,0.0,0.0,0.0,97.0
20241228T1000,1.9702454,15.84,12.0,0.0,0.0,12.0,193.0
20241228T1100,3.2902455,14.4,8.0,0.0,0.0,8.0,262.0
20241228T1200,4.360245,12.599999,6.0,0.0,0.0,6.0,292.0
20241228T1300,4.960245,11.159999,4.0,0.0,0.0,4.0,261.0
20241228T1400,4.860245,8.64,2.0,0.0,0.0,2.0,203.0
20241228T1500,3.3702455,8.64,0.0,0.0,0.0,0.0,102.0
20241228T1600,0.5902454,10.08,0.0,0.0,0.0,0.0,15.0
20241228T1700,0.00024539232,10.799999,0.0,0.0,0.0,0.0,0.0
20241228T1800,-0.10975462,11.5199995,0.0,0.0,0.0,0.0,0.0
20241228T1900,-0.23975462,14.04,0.0,0.0,0.0,0.0,0.0
20241228T2000,-0.51975465,13.679999,0.0,0.0,0.0,0.0,0.0
20241228T2100,-0.9497546,13.679999,0.0,0.0,0.0,0.0,0.0
20241228T2200,-0.9297546,14.04,1.0,0.0,0.0,1.0,0.0
20241228T2300,-1.0997546,14.04,0.0,0.0,0.0,0.0,0.0
20241229T0000,-1.4297546,13.679999,0.0,0.0,0.0,0.0,0.0
20241229T0100,-1.6497546,13.32,0.0,0.0,0.0,0.0,0.0
20241229T0200,-1.8897547,13.32,0.0,0.0,0.0,0.0,0.0
20241229T0300,-1.8897547,13.32,1.0,0.0,0.0,1.0,0.0
20241229T0400,-1.7097546,13.679999,1.0,0.0,0.0,1.0,0.0
20241229T0500,-1.6297547,14.04,0.0,0.0,0.0,0.0,0.0
20241229T0600,-1.7097546,14.04,2.0,0.0,0.0,2.0,0.0
20241229T0700,-1.7797545,16.199999,1.0,0.0,0.0,1.0,0.0
20241229T0800,-1.2797546,15.119999,0.0,0.0,0.0,0.0,13.0
20241229T0900,-0.03975457,15.84,2.0,0.0,0.0,2.0,102.0
20241229T1000,0.7802454,15.84,25.0,0.0,0.0,25.0,202.0
20241229T1100,1.6502454,14.4,4.0,0.0,0.0,4.0,263.0
20241229T1200,2.3802454,13.32,14.0,0.0,0.0,14.0,293.0
20241229T1300,2.6202455,12.959999,22.0,0.0,0.0,22.0,279.0
20241229T1400,2.5102453,12.24,21.0,0.0,0.0,21.0,206.0
20241229T1500,0.89024544,11.159999,21.0,0.0,0.0,21.0,109.0
20241229T1600,-0.07975459,12.24,20.0,0.0,0.0,20.0,16.0
20241229T1700,-0.33975458,12.599999,32.0,0.0,0.0,32.0,0.0
20241229T1800,-0.5697546,12.24,31.0,0.0,0.0,31.0,0.0
20241229T1900,-0.5897546,13.679999,35.0,0.0,0.0,35.0,0.0
20241229T2000,-0.74975455,11.5199995,28.0,0.0,0.0,28.0,0.0
20241229T2100,-0.51975465,10.799999,31.0,0.0,0.0,31.0,0.0
20241229T2200,-0.52975464,9.72,54.0,0.0,0.0,54.0,0.0
20241229T2300,-0.8397546,9.72,42.0,0.0,0.0,42.0,0.0
20241230T0000,-0.97975457,9.72,35.0,0.0,0.0,35.0,0.0
20241230T0100,-0.99975455,9.72,28.0,0.0,0.0,28.0,0.0
20241230T0200,-1.2997546,9.72,30.0,0.0,0.0,30.0,0.0
20241230T0300,-1.2597545,9.36,25.0,0.0,0.0,25.0,0.0
20241230T0400,-1.3197546,9.0,18.0,0.0,0.0,18.0,0.0
20241230T0500,-1.1297545,9.0,22.0,0.0,0.0,22.0,0.0
20241230T0600,-1.4197546,9.36,19.0,0.0,0.0,19.0,0.0
20241230T0700,-1.4497546,12.24,18.0,0.0,0.0,18.0,0.0
20241230T0800,-1.1697546,10.440001,17.0,0.0,0.0,17.0,12.0
20241230T0900,-0.72975457,11.879999,13.0,0.0,0.0,13.0,101.0
20241230T1000,-0.5997546,12.24,20.0,0.0,0.0,20.0,205.0
20241230T1100,-0.0697546,11.879999,14.0,0.0,0.0,14.0,270.0
20241230T1200,0.6302454,10.799999,8.0,0.0,0.0,8.0,296.0
20241230T1300,1.0102454,9.36,11.0,0.0,0.0,11.0,273.0
20241230T1400,1.0802454,8.28,12.0,0.0,0.0,12.0,209.0
20241230T1500,1.0102454,5.7599998,11.0,0.0,0.0,11.0,112.0
20241230T1600,0.19024539,6.8399997,7.0,0.0,0.0,7.0,17.0
20241230T1700,-1.6197547,9.0,10.0,0.0,0.0,10.0,0.0
20241230T1800,-1.7497545,10.08,8.0,0.0,0.0,8.0,0.0
20241230T1900,-1.6997546,12.959999,5.0,0.0,0.0,5.0,0.0
20241230T2000,-1.8497547,11.5199995,4.0,0.0,0.0,4.0,0.0
20241230T2100,-1.8397547,12.24,1.0,0.0,0.0,1.0,0.0
20241230T2200,-1.7697545,12.959999,3.0,0.0,0.0,3.0,0.0
20241230T2300,-2.0097547,13.32,4.0,0.0,0.0,4.0,0.0
20241231T0000,-2.0897546,13.679999,2.0,0.0,0.0,2.0,0.0
20241231T0100,-2.3397546,14.04,1.0,0.0,0.0,1.0,0.0
20241231T0200,-2.4697547,14.04,0.0,0.0,0.0,0.0,0.0
20241231T0300,-2.6697545,14.4,3.0,0.0,0.0,3.0,0.0
20241231T0400,-2.8497548,14.4,1.0,0.0,0.0,1.0,0.0
20241231T0500,-2.8997545,14.4,1.0,0.0,0.0,1.0,0.0
20241231T0600,-2.7897544,14.04,2.0,0.0,0.0,2.0,0.0
20241231T0700,-2.8697548,18.0,2.0,0.0,0.0,2.0,0.0
20241231T0800,-2.2897544,17.64,5.0,0.0,0.0,5.0,13.0
20241231T0900,-0.76975465,19.8,3.0,0.0,0.0,3.0,102.0
20241231T1000,0.6802454,19.8,3.0,0.0,0.0,3.0,199.0
20241231T1100,2.5602455,19.08,4.0,0.0,0.0,4.0,269.0
20241231T1200,4.0702453,18.0,4.0,0.0,0.0,4.0,281.0
20241231T1300,5.020245,16.56,4.0,0.0,0.0,4.0,274.0
20241231T1400,4.860245,15.119999,1.0,0.0,0.0,1.0,203.0
20241231T1500,3.2202454,14.759999,4.0,0.0,0.0,4.0,112.0
20241231T1600,1.1902454,16.199999,3.0,0.0,0.0,3.0,18.0
20241231T1700,0.34024543,17.28,4.0,0.0,0.0,4.0,0.0
20241231T1800,-0.14975458,17.28,3.6000001,12.0,0.0,3.0,0.0
20241231T1900,-0.4597546,18.72,4.8,16.0,0.0,1.0,0.0
20241231T2000,-0.27975458,19.44,1.0,0.0,0.0,1.0,0.0
20241231T2100,-0.64975464,19.44,2.0,0.0,0.0,2.0,0.0
20241231T2200,-0.5597546,18.359999,1.0,0.0,0.0,1.0,0.0
20241231T2300,-0.6997546,17.28,0.0,0.0,0.0,0.0,0.0
20250101T0000,-1.1097546,17.64,0.0,0.0,0.0,0.0,0.0
20250101T0100,-1.2997546,18.0,0.0,0.0,0.0,0.0,0.0
20250101T0200,-1.5297545,18.0,0.0,0.0,0.0,0.0,0.0
20250101T0300,-1.5997547,18.0,2.1000001,7.0,0.0,1.0,0.0
20250101T0400,-1.2197546,19.8,10.8,36.0,0.0,1.0,0.0
20250101T0500,-0.87975454,21.96,9.3,31.0,0.0,0.0,0.0
20250101T0600,-0.04975462,23.4,7.8,26.0,0.0,1.0,0.0
20250101T0700,-0.07975459,25.919998,6.9,23.0,0.0,0.0,0.0
20250101T0800,0.4502454,25.199999,7.2000003,24.0,0.0,2.0,13.0
20250101T0900,2.2002454,26.64,3.0,10.0,0.0,0.0,100.0
20250101T1000,4.1402454,27.0,6.6000004,22.0,0.0,0.0,201.0
20250101T1100,5.8302455,27.359999,4.8,16.0,0.0,0.0,276.0
20250101T1200,7.380245,27.359999,2.0,0.0,0.0,2.0,294.0
20250101T1300,8.380245,27.359999,2.0,6.0,0.0,2.0,280.0
20250101T1400,8.510245,26.64,8.700001,29.0,0.0,1.0,215.0
20250101T1500,7.500245,25.56,17.7,59.0,0.0,0.0,115.0
20250101T1600,5.4702454,25.919998,20.7,69.0,0.0,0.0,19.0
20250101T1700,4.7002454,26.64,21.6,72.0,0.0,0.0,0.0
20250101T1800,4.3302455,27.0,26.400002,88.0,0.0,0.0,0.0
20250101T1900,4.2102456,30.239998,28.800001,96.0,0.0,1.0,0.0
20250101T2000,3.9902453,31.319998,28.800001,96.0,0.0,0.0,0.0
20250101T2100,4.1202455,31.319998,29.400002,98.0,0.0,1.0,0.0
20250101T2200,5.0902452,30.599998,28.500002,95.0,0.0,4.0,0.0
20250101T2300,5.230245,31.319998,28.800001,96.0,1.0,1.0,0.0
20250102T0000,5.610245,33.12,29.1,97.0,0.0,1.0,0.0
20250102T0100,5.900245,34.92,30.000002,100.0,0.0,1.0,0.0
20250102T0200,6.2202454,35.64,29.1,97.0,2.0,1.0,0.0
20250102T0300,6.7402453,37.079998,29.400002,98.0,7.0,1.0,0.0
20250102T0400,7.3002453,41.039997,29.400002,98.0,0.0,3.0,0.0
20250102T0500,7.6202455,44.28,29.7,99.0,23.0,1.0,0.0
20250102T0600,7.630245,47.16,93.0,99.0,93.0,4.0,0.0
20250102T0700,8.030246,50.399998,100.0,100.0,100.0,1.0,0.0
20250102T0800,8.390245,51.48,93.0,100.0,93.0,0.0,7.0
20250102T0900,9.370245,55.079998,98.0,99.0,98.0,13.0,47.0
20250102T1000,9.290245,57.6,99.0,97.0,99.0,24.0,78.0
20250102T1100,8.910245,57.96,100.0,100.0,100.0,49.0,54.0
20250102T1200,8.280246,57.6,100.0,100.0,100.0,92.0,50.0
20250102T1300,7.670245,56.16,100.0,100.0,100.0,100.0,28.0
20250102T1400,7.2802453,53.639996,100.0,100.0,100.0,100.0,14.0
20250102T1500,7.0102453,51.12,100.0,100.0,100.0,100.0,9.0
20250102T1600,6.5102453,48.239998,100.0,100.0,100.0,100.0,2.0
20250102T1700,5.500245,42.12,100.0,100.0,100.0,100.0,0.0
20250102T1800,4.5002456,32.399998,100.0,100.0,100.0,82.0,0.0
20250102T1900,2.9602456,19.08,100.0,100.0,100.0,76.0,0.0
20250102T2000,2.2002454,18.359999,93.0,96.0,93.0,87.0,0.0
20250102T2100,2.0902452,17.28,94.0,71.0,61.0,94.0,0.0
20250102T2200,1.8502454,15.84,100.0,38.0,55.0,100.0,0.0
20250102T2300,1.7802454,15.119999,100.0,11.0,24.0,100.0,0.0
20250103T0000,1.5802454,12.959999,98.0,0.0,1.0,98.0,0.0
20250103T0100,1.3702455,11.5199995,95.0,1.0,0.0,95.0,0.0
20250103T0200,1.3302454,11.879999,95.0,0.0,0.0,95.0,0.0
20250103T0300,0.9402454,11.879999,90.0,0.0,0.0,90.0,0.0
20250103T0400,0.6602454,11.159999,83.0,0.0,1.0,83.0,0.0
20250103T0500,0.4202454,11.879999,79.0,0.0,2.0,79.0,0.0
20250103T0600,0.2502454,12.599999,86.0,0.0,1.0,86.0,0.0
20250103T0700,0.2402454,11.879999,74.0,0.0,0.0,74.0,0.0
20250103T0800,0.6302454,12.599999,87.0,0.0,1.0,87.0,7.0
20250103T0900,1.3402455,14.4,86.0,0.0,1.0,86.0,59.0
20250103T1000,1.9502454,15.84,71.0,0.0,1.0,71.0,132.0
20250103T1100,2.5402455,19.44,84.0,0.0,1.0,84.0,203.0
20250103T1200,2.9102454,21.599998,84.0,0.0,1.0,84.0,233.0
20250103T1300,3.0102453,22.319998,92.0,0.0,1.0,92.0,191.0
20250103T1400,2.9702454,21.96,88.0,0.0,7.0,88.0,166.0
20250103T1500,2.4402454,20.16,82.0,0.0,1.0,82.0,85.0
20250103T1600,1.1502454,16.199999,66.0,0.0,4.0,66.0,16.0
20250103T1700,0.47024542,12.24,49.0,0.0,3.0,49.0,0.0
20250103T1800,-0.3797546,11.5199995,37.0,0.0,2.0,37.0,0.0
20250103T1900,-1.1897546,10.440001,28.0,0.0,0.0,28.0,0.0
20250103T2000,-1.3097546,10.440001,29.0,0.0,0.0,29.0,0.0
20250103T2100,-1.3697546,10.440001,18.0,0.0,0.0,18.0,0.0
20250103T2200,-3.5297546,10.799999,37.0,0.0,0.0,37.0,0.0
20250103T2300,-3.6497545,10.799999,46.0,0.0,0.0,46.0,0.0
20250104T0000,-3.6697545,10.440001,45.0,0.0,0.0,45.0,0.0
20250104T0100,-3.8597546,10.440001,48.0,0.0,0.0,48.0,0.0
20250104T0200,-4.1997547,10.799999,49.0,0.0,0.0,49.0,0.0
20250104T0300,-4.3997545,11.159999,42.0,9.0,0.0,42.0,0.0
20250104T0400,-4.4197545,11.159999,33.0,75.0,0.0,33.0,0.0
20250104T0500,-4.3797545,10.440001,24.0,62.0,0.0,24.0,0.0
20250104T0600,-4.389755,10.440001,21.6,72.0,0.0,16.0,0.0
20250104T0700,-4.639755,11.879999,27.300001,91.0,0.0,12.0,0.0
20250104T0800,-3.6497545,11.879999,23.400002,78.0,0.0,11.0,12.0
20250104T0900,-2.1797547,13.679999,27.6,92.0,0.0,8.0,99.0
20250104T1000,-0.85975456,14.759999,28.500002,95.0,0.0,1.0,200.0
20250104T1100,-0.07975459,14.759999,29.1,97.0,0.0,6.0,260.0
20250104T1200,0.7602454,14.4,73.0,96.0,73.0,12.0,299.0
20250104T1300,1.1902454,14.04,62.0,98.0,62.0,6.0,255.0
20250104T1400,1.1702454,11.879999,27.000002,90.0,24.0,3.0,180.0
20250104T1500,0.5002454,10.799999,94.0,100.0,94.0,4.0,83.0
20250104T1600,-0.09975457,12.24,100.0,99.0,100.0,4.0,11.0
20250104T1700,-0.17975461,12.24,98.0,99.0,98.0,19.0,0.0
20250104T1800,-0.07975459,14.04,100.0,100.0,100.0,71.0,0.0
20250104T1900,-0.08975458,18.72,100.0,100.0,100.0,89.0,0.0
20250104T2000,0.010245383,18.359999,96.0,100.0,96.0,84.0,0.0
20250104T2100,0.060245395,39.239998,99.0,100.0,93.0,99.0,0.0
20250104T2200,0.1802454,43.56,98.0,99.0,98.0,98.0,0.0
20250104T2300,0.4302454,47.88,100.0,99.0,94.0,100.0,0.0
20250105T0000,0.5802454,50.039997,100.0,100.0,97.0,100.0,0.0
20250105T0100,0.3002454,51.12,100.0,100.0,100.0,100.0,0.0
20250105T0200,1.1102455,48.96,100.0,99.0,95.0,100.0,0.0
20250105T0300,3.3102455,41.760002,98.0,98.0,98.0,95.0,0.0
20250105T0400,5.8202453,56.16,99.0,100.0,99.0,97.0,0.0
20250105T0500,6.7802453,60.839996,97.0,99.0,94.0,97.0,0.0
20250105T0600,7.440245,61.199997,99.0,100.0,99.0,98.0,0.0
20250105T0700,7.9902453,54.0,98.0,100.0,98.0,95.0,0.0
20250105T0800,8.390245,55.079998,97.0,99.0,97.0,95.0,1.0
20250105T0900,8.820246,46.44,95.0,97.0,78.0,95.0,19.0
20250105T1000,9.260245,49.32,89.0,95.0,89.0,89.0,34.0
20250105T1100,10.160245,41.760002,97.0,95.0,91.0,97.0,67.0
20250105T1200,10.360246,34.92,99.0,93.0,99.0,97.0,61.0
20250105T1300,10.140245,27.359999,97.0,91.0,97.0,11.0,50.0
20250105T1400,10.320246,24.84,38.0,71.0,38.0,2.0,56.0
20250105T1500,9.880245,23.759998,19.0,34.0,19.0,1.0,59.0
20250105T1600,9.040245,24.48,19.0,50.0,19.0,2.0,14.0
20250105T1700,8.470245,25.56,22.0,62.0,22.0,1.0,0.0
20250105T1800,7.670245,25.199999,24.0,80.0,9.0,0.0,0.0
20250105T1900,7.400245,24.84,27.900002,93.0,17.0,0.0,0.0
20250105T2000,6.790245,24.48,25.2,84.0,24.0,0.0,0.0
20250105T2100,6.3402452,23.4,44.0,75.0,44.0,0.0,0.0
20250105T2200,5.520245,23.4,23.7,79.0,10.0,0.0,0.0
20250105T2300,5.3102455,24.48,22.800001,76.0,5.0,0.0,0.0
20250106T0000,4.9302454,24.84,18.900002,63.0,9.0,0.0,0.0
20250106T0100,4.630245,24.48,23.0,43.0,23.0,0.0,0.0
20250106T0200,4.380245,24.119999,26.400002,88.0,2.0,0.0,0.0
20250106T0300,4.4102454,24.84,22.0,59.0,22.0,0.0,0.0
20250106T0400,4.4302454,24.84,68.0,72.0,68.0,1.0,0.0
20250106T0500,4.7002454,24.48,28.500002,95.0,16.0,1.0,0.0
20250106T0600,4.940245,24.84,25.500002,85.0,15.0,0.0,0.0
20250106T0700,4.980245,26.64,52.0,69.0,52.0,0.0,0.0
20250106T0800,5.440245,28.44,95.0,0.0,95.0,3.0,10.0
20250106T0900,7.2802453,30.239998,99.0,100.0,99.0,2.0,58.0
20250106T1000,9.170245,31.319998,51.0,54.0,51.0,0.0,92.0
20250106T1100,11.200245,33.12,33.0,42.0,33.0,4.0,195.0
20250106T1200,12.600245,35.28,43.0,48.0,43.0,6.0,181.0
20250106T1300,13.370245,39.96,62.0,41.0,62.0,17.0,210.0
20250106T1400,12.910245,45.0,77.0,72.0,77.0,3.0,145.0
20250106T1500,12.970245,53.639996,95.0,95.0,95.0,12.0,76.0
20250106T1600,11.930245,46.8,99.0,98.0,99.0,86.0,16.0
20250106T1700,10.940246,40.32,98.0,98.0,98.0,97.0,0.0
20250106T1800,9.960245,33.48,98.0,99.0,98.0,92.0,0.0
20250106T1900,9.410245,43.92,100.0,99.0,100.0,90.0,0.0
20250106T2000,8.950245,43.56,100.0,98.0,100.0,73.0,0.0
20250106T2100,8.480246,37.079998,100.0,99.0,100.0,49.0,0.0
20250106T2200,8.070246,34.2,100.0,99.0,100.0,17.0,0.0
20250106T2300,7.7002454,32.760002,99.0,98.0,99.0,3.0,0.0
20250107T0000,7.4102454,33.12,87.0,97.0,87.0,5.0,0.0
20250107T0100,7.210245,33.48,69.0,82.0,69.0,8.0,0.0
20250107T0200,7.0802455,35.64,76.0,59.0,76.0,22.0,0.0
20250107T0300,6.900245,38.16,42.0,4.0,42.0,39.0,0.0
20250107T0400,6.6402454,38.519997,47.0,0.0,6.0,47.0,0.0
20250107T0500,6.3402452,38.519997,53.0,0.0,10.0,53.0,0.0
20250107T0600,6.1802454,38.519997,47.0,0.0,21.0,47.0,0.0
20250107T0700,6.110245,39.239998,44.0,0.0,44.0,43.0,0.0
20250107T0800,6.210245,42.839996,50.0,0.0,40.0,50.0,9.0
20250107T0900,6.380245,55.079998,52.0,0.0,52.0,48.0,72.0
20250107T1000,6.4302454,58.679996,59.0,0.0,59.0,35.0,117.0
20250107T1100,6.3902454,60.120003,66.0,0.0,66.0,57.0,134.0
20250107T1200,6.5702453,55.44,63.0,0.0,63.0,46.0,117.0
20250107T1300,6.790245,53.28,59.0,0.0,59.0,37.0,200.0
20250107T1400,6.6002455,52.92,36.0,0.0,36.0,16.0,188.0
20250107T1500,6.3502455,48.6,31.0,0.0,31.0,24.0,104.0
20250107T1600,5.8702455,44.639996,19.0,50.0,11.0,19.0,23.0
20250107T1700,5.5802455,36.719997,27.000002,90.0,0.0,9.0,0.0
20250107T1800,5.4102454,33.48,29.1,97.0,25.0,1.0,0.0
20250107T1900,5.6002455,25.199999,15.0,21.0,15.0,2.0,0.0
20250107T2000,5.770245,23.4,48.0,3.0,48.0,25.0,0.0
20250107T2100,5.420245,23.759998,89.0,0.0,89.0,58.0,0.0
20250107T2200,5.0102453,24.48,98.0,0.0,98.0,63.0,0.0
20250107T2300,5.250245,24.84,99.0,0.0,99.0,63.0,0.0
20250108T0000,6.020245,26.64,100.0,0.0,100.0,91.0,0.0
20250108T0100,6.940245,32.760002,98.0,25.0,98.0,89.0,0.0
20250108T0200,7.440245,36.0,98.0,83.0,98.0,95.0,0.0
20250108T0300,7.6202455,36.719997,100.0,100.0,100.0,100.0,0.0
20250108T0400,7.5102453,36.719997,100.0,98.0,100.0,95.0,0.0
20250108T0500,7.170245,34.56,100.0,0.0,100.0,100.0,0.0
20250108T0600,7.000245,29.88,100.0,19.0,100.0,100.0,0.0
20250108T0700,6.960245,18.72,100.0,12.0,100.0,100.0,0.0
20250108T0800,6.9702454,14.759999,100.0,43.0,100.0,100.0,1.0
20250108T0900,7.0702453,12.959999,100.0,99.0,100.0,100.0,10.0
20250108T1000,6.2602453,13.679999,100.0,99.0,99.0,100.0,19.0
20250108T1100,6.730245,48.239998,100.0,98.0,100.0,100.0,31.0
20250108T1200,7.5302453,23.039999,100.0,96.0,86.0,100.0,21.0
20250108T1300,8.410246,35.28,100.0,96.0,100.0,100.0,31.0
20250108T1400,10.220245,50.399998,98.0,96.0,98.0,89.0,35.0
20250108T1500,11.470245,56.16,93.0,100.0,93.0,70.0,27.0
20250108T1600,11.620245,53.639996,64.0,89.0,64.0,40.0,13.0
20250108T1700,11.480246,47.519997,32.0,88.0,32.0,17.0,0.0
20250108T1800,12.160245,41.399998,68.0,90.0,68.0,4.0,0.0
20250108T1900,13.150246,30.960001,54.0,100.0,54.0,6.0,0.0
20250108T2000,13.260245,30.960001,93.0,100.0,93.0,35.0,0.0
20250108T2100,13.270246,49.68,97.0,100.0,97.0,23.0,0.0
20250108T2200,11.960245,55.8,100.0,100.0,100.0,58.0,0.0
20250108T2300,11.510245,51.839996,96.0,94.0,96.0,89.0,0.0
20250109T0000,11.460245,51.48,71.0,55.0,37.0,71.0,0.0
20250109T0100,11.390245,47.88,33.0,83.0,16.0,33.0,0.0
20250109T0200,11.040245,43.56,29.400002,98.0,15.0,8.0,0.0
20250109T0300,10.990245,38.88,29.400002,98.0,11.0,12.0,0.0
20250109T0400,11.170245,35.28,29.400002,98.0,21.0,18.0,0.0
20250109T0500,11.290245,37.44,29.400002,98.0,29.0,21.0,0.0
20250109T0600,11.640245,43.199997,52.0,87.0,52.0,21.0,0.0
20250109T0700,11.720245,46.8,70.0,60.0,57.0,70.0,0.0
20250109T0800,12.010245,50.76,65.0,80.0,58.0,65.0,7.0
20250109T0900,12.580245,56.16,54.0,90.0,54.0,49.0,46.0
20250109T1000,12.390245,72.36,86.0,74.0,86.0,35.0,99.0
20250109T1100,12.020246,79.2,92.0,36.0,92.0,60.0,65.0
20250109T1200,12.450245,68.4,74.0,0.0,65.0,74.0,86.0
20250109T1300,12.690246,68.4,94.0,0.0,75.0,94.0,93.0
20250109T1400,12.340245,71.28,81.0,6.0,81.0,26.0,99.0
20250109T1500,11.270246,74.520004,87.0,5.0,87.0,82.0,58.0
20250109T1600,8.5602455,60.120003,90.0,0.0,74.0,90.0,3.0
20250109T1700,5.630245,56.519997,89.0,0.0,68.0,89.0,0.0
20250109T1800,4.3702455,47.16,82.0,0.0,37.0,82.0,0.0
20250109T1900,3.6102452,38.16,70.0,1.0,9.0,70.0,0.0
20250109T2000,3.0202456,33.839996,34.0,1.0,5.0,34.0,0.0
20250109T2100,2.6902456,27.359999,29.0,1.0,14.0,29.0,0.0
20250109T2200,2.4302454,24.48,85.0,6.0,37.0,85.0,0.0
20250109T2300,2.3802454,20.880001,55.0,32.0,55.0,51.0,0.0
20250110T0000,2.4402454,20.16,53.0,80.0,53.0,40.0,0.0
20250110T0100,2.3902454,21.599998,64.0,90.0,64.0,26.0,0.0
20250110T0200,2.1402454,21.24,58.0,85.0,58.0,21.0,0.0
20250110T0300,2.0902452,20.16,54.0,65.0,54.0,31.0,0.0
20250110T0400,1.9802454,19.08,51.0,43.0,51.0,32.0,0.0
20250110T0500,1.9902455,17.28,74.0,13.0,74.0,39.0,0.0
20250110T0600,1.8302454,15.4800005,58.0,0.0,58.0,32.0,0.0
20250110T0700,1.5202454,14.04,52.0,6.0,52.0,20.0,0.0
20250110T0800,1.8302454,11.879999,15.0,26.0,12.0,15.0,12.0
20250110T0900,2.3002453,13.32,27.000002,90.0,8.0,13.0,95.0
20250110T1000,3.1602454,15.119999,76.0,26.0,19.0,76.0,186.0
20250110T1100,3.7802453,14.759999,80.0,60.0,57.0,80.0,261.0
20250110T1200,4.3402452,14.04,88.0,84.0,85.0,88.0,264.0
20250110T1300,4.6202455,12.599999,94.0,81.0,94.0,88.0,224.0
20250110T1400,4.6802454,10.440001,91.0,32.0,87.0,91.0,164.0
20250110T1500,4.0102453,8.64,68.0,14.0,50.0,68.0,111.0
20250110T1600,3.3202453,7.2,60.0,31.0,43.0,60.0,28.0
20250110T1700,2.2102454,8.28,54.0,25.0,50.0,54.0,0.0
20250110T1800,0.8202454,10.440001,61.0,0.0,61.0,55.0,0.0
20250110T1900,0.47024542,10.08,51.0,0.0,51.0,40.0,0.0
20250110T2000,0.5302454,9.0,55.0,0.0,55.0,41.0,0.0
20250110T2100,0.20024541,8.64,54.0,0.0,54.0,26.0,0.0
20250110T2200,-0.3697546,8.64,48.0,0.0,48.0,21.0,0.0
20250110T2300,-1.0997546,9.72,40.0,0.0,40.0,21.0,0.0
20250111T0000,-1.5097545,10.08,31.0,0.0,31.0,23.0,0.0
20250111T0100,-2.0097547,10.440001,34.0,0.0,34.0,22.0,0.0
20250111T0200,-2.2597547,10.440001,23.0,0.0,23.0,22.0,0.0
20250111T0300,-2.4197545,11.159999,30.0,0.0,17.0,30.0,0.0
20250111T0400,-2.9297547,12.959999,25.0,5.0,13.0,25.0,0.0
20250111T0500,-2.7797546,13.32,17.0,0.0,2.0,17.0,0.0
20250111T0600,-2.9897547,14.04,21.0,0.0,6.0,21.0,0.0
20250111T0700,-3.4197545,15.4800005,19.0,0.0,2.0,19.0,0.0
20250111T0800,-3.1197548,15.119999,19.0,0.0,0.0,19.0,16.0
20250111T0900,-1.3397546,15.119999,18.0,0.0,0.0,18.0,106.0
20250111T1000,0.11024541,17.28,43.0,0.0,0.0,43.0,209.0
20250111T1100,1.0802454,20.16,36.0,0.0,0.0,36.0,284.0
20250111T1200,1.8802454,21.599998,67.0,0.0,0.0,67.0,319.0
20250111T1300,2.4502454,23.759998,62.0,0.0,0.0,62.0,269.0
20250111T1400,2.4402454,24.48,73.0,0.0,0.0,73.0,208.0
20250111T1500,1.9702454,24.119999,70.0,0.0,0.0,70.0,115.0
20250111T1600,0.9202454,20.519999,82.0,0.0,0.0,82.0,27.0
20250111T1700,0.2602454,19.8,81.0,0.0,0.0,81.0,0.0
20250111T1800,-0.23975462,18.359999,68.0,0.0,0.0,68.0,0.0
20250111T1900,-1.4497546,15.4800005,55.0,0.0,0.0,55.0,0.0
20250111T2000,-1.9997545,13.679999,44.0,0.0,0.0,44.0,0.0
20250111T2100,-2.1097546,13.32,40.0,0.0,2.0,40.0,0.0
20250111T2200,-2.0797548,11.879999,48.0,0.0,15.0,48.0,0.0
20250111T2300,-2.6297545,12.24,48.0,0.0,4.0,48.0,0.0
20250112T0000,-3.1697545,12.24,41.0,0.0,5.0,41.0,0.0
20250112T0100,-3.4897547,11.879999,20.0,0.0,12.0,20.0,0.0
20250112T0200,-3.3097544,11.5199995,41.0,0.0,17.0,41.0,0.0
20250112T0300,-3.1897545,11.159999,53.0,0.0,19.0,53.0,0.0
20250112T0400,-2.5697546,11.159999,60.0,0.0,17.0,60.0,0.0
20250112T0500,-2.1697545,11.5199995,70.0,0.0,15.0,70.0,0.0
20250112T0600,-2.0297546,12.599999,82.0,0.0,29.0,82.0,0.0
20250112T0700,-1.7997545,16.199999,77.0,0.0,14.0,77.0,0.0
20250112T0800,-1.4197546,15.119999,65.0,0.0,12.0,65.0,10.0
20250112T0900,-0.72975457,18.72,73.0,0.0,11.0,73.0,67.0
20250112T1000,0.14024541,24.84,92.0,0.0,10.0,92.0,146.0
20250112T1100,0.8702454,26.28,89.0,0.0,2.0,89.0,171.0
20250112T1200,1.6202455,27.72,92.0,0.0,3.0,92.0,269.0
20250112T1300,1.9802454,27.0,80.0,0.0,0.0,80.0,241.0
20250112T1400,2.1102452,26.28,72.0,0.0,0.0,72.0,198.0
20250112T1500,1.6502454,25.919998,35.0,0.0,0.0,35.0,127.0
20250112T1600,0.5602454,22.68,18.0,0.0,0.0,18.0,33.0
20250112T1700,-0.4397546,19.8,10.0,0.0,0.0,10.0,0.0
20250112T1800,-1.5197545,18.72,8.0,0.0,0.0,8.0,0.0
20250112T1900,-2.2997546,19.08,4.0,0.0,0.0,4.0,0.0
20250112T2000,-2.8997545,18.0,5.0,0.0,0.0,5.0,0.0
20250112T2100,-2.9197545,18.359999,4.0,0.0,0.0,4.0,0.0
20250112T2200,-3.1797547,17.64,8.0,0.0,0.0,8.0,0.0
20250112T2300,-3.479755,17.28,14.0,0.0,0.0,14.0,0.0
20250113T0000,-3.5797548,17.64,17.0,0.0,1.0,17.0,0.0
20250113T0100,-3.3597546,17.28,21.0,0.0,0.0,21.0,0.0
20250113T0200,-3.4297547,17.64,23.0,0.0,0.0,23.0,0.0
20250113T0300,-3.6997547,18.0,25.0,0.0,1.0,25.0,0.0
20250113T0400,-3.769755,18.359999,19.0,0.0,0.0,19.0,0.0
20250113T0500,-3.749755,19.8,14.0,0.0,0.0,14.0,0.0
20250113T0600,-4.1797547,20.16,8.0,0.0,0.0,8.0,0.0
20250113T0700,-4.559755,20.519999,8.0,0.0,0.0,8.0,0.0
20250113T0800,-3.3197546,18.0,11.0,0.0,0.0,11.0,17.0
20250113T0900,-1.3197546,21.599998,3.0,0.0,0.0,3.0,115.0
20250113T1000,-0.009754598,27.72,3.0,0.0,0.0,3.0,225.0
20250113T1100,0.9102454,32.039997,2.0,0.0,0.0,2.0,303.0
20250113T1200,1.7502455,32.760002,5.0,0.0,0.0,5.0,339.0
20250113T1300,2.4502454,31.68,4.0,0.0,0.0,4.0,325.0
20250113T1400,2.3002453,29.88,0.0,0.0,0.0,0.0,254.0
20250113T1500,1.3902454,27.0,2.0,0.0,0.0,2.0,154.0
20250113T1600,-1.2097546,21.24,1.0,0.0,0.0,1.0,41.0
20250113T1700,-2.3297548,20.16,0.0,0.0,0.0,0.0,0.0
20250113T1800,-3.0797548,19.44,0.6,2.0,0.0,0.0,0.0
20250113T1900,-3.5897546,19.08,2.4,8.0,0.0,0.0,0.0
20250113T2000,-3.9497547,16.56,15.3,51.0,0.0,0.0,0.0
20250113T2100,-3.9497547,15.84,24.6,82.0,0.0,0.0,0.0
20250113T2200,-3.7897549,14.759999,27.000002,90.0,0.0,8.0,0.0
20250113T2300,-4.0897546,14.04,26.1,87.0,0.0,14.0,0.0
20250114T0000,-3.6097546,14.4,23.1,77.0,6.0,12.0,0.0
20250114T0100,-3.499755,13.679999,17.0,56.0,11.0,17.0,0.0
20250114T0200,-3.769755,13.32,14.0,37.0,13.0,14.0,0.0
20250114T0300,-4.0697546,13.32,14.0,4.0,0.0,14.0,0.0
20250114T0400,-4.139755,13.32,13.0,6.0,1.0,13.0,0.0
20250114T0500,-5.3597546,13.679999,13.0,15.0,0.0,13.0,0.0
20250114T0600,-5.809755,14.04,6.0,11.0,0.0,6.0,0.0
20250114T0700,-5.8397546,15.84,8.0,1.0,0.0,8.0,0.0
20250114T0800,-4.849755,12.959999,8.0,0.0,0.0,8.0,16.0
20250114T0900,-2.5897546,14.4,3.0,0.0,0.0,3.0,115.0
20250114T1000,-0.9497546,14.759999,1.0,0.0,0.0,1.0,229.0
20250114T1100,0.3802454,14.4,2.0,0.0,0.0,2.0,310.0
20250114T1200,1.3402455,14.4,0.0,0.0,0.0,0.0,333.0
20250114T1300,2.1202455,14.4,2.0,0.0,0.0,2.0,323.0
20250114T1400,2.5302453,14.759999,0.3,1.0,0.0,0.0,259.0
20250114T1500,1.7402455,12.959999,1.5,5.0,0.0,1.0,155.0
20250114T1600,1.1102455,14.04,1.0,0.0,0.0,1.0,42.0
20250114T1700,-0.27975458,13.32,1.0,0.0,0.0,1.0,0.0
20250114T1800,-2.8797545,12.599999,1.0,0.0,0.0,1.0,0.0
20250114T1900,-3.8197546,14.04,1.0,0.0,0.0,1.0,0.0
20250114T2000,-4.3597546,13.32,1.0,0.0,1.0,0.0,0.0
20250114T2100,-5.0097547,12.24,0.0,0.0,0.0,0.0,0.0
20250114T2200,-5.249755,11.5199995,1.0,0.0,1.0,0.0,0.0
20250114T2300,-5.3597546,11.159999,4.0,0.0,4.0,2.0,0.0
20250115T0000,-5.5297546,10.799999,14.0,0.0,14.0,8.0,0.0
20250115T0100,-5.4497547,10.08,25.0,0.0,25.0,15.0,0.0
20250115T0200,-4.619755,9.36,32.0,5.0,32.0,27.0,0.0
20250115T0300,-3.3797545,9.72,52.0,0.0,52.0,44.0,0.0
20250115T0400,-2.4597545,10.08,81.0,0.0,75.0,81.0,0.0
20250115T0500,-1.7997545,10.440001,92.0,13.0,92.0,92.0,0.0
20250115T0600,-1.2997546,10.08,100.0,2.0,89.0,100.0,0.0
20250115T0700,-1.1197546,9.72,100.0,0.0,73.0,100.0,0.0
20250115T0800,-0.9397546,9.72,100.0,0.0,48.0,100.0,2.0
20250115T0900,-0.23975462,9.0,99.0,0.0,24.0,99.0,14.0
20250115T1000,0.9802454,10.08,97.0,0.0,11.0,97.0,52.0
20250115T1100,1.8402454,12.24,89.0,0.0,12.0,89.0,78.0
20250115T1200,2.5702453,12.959999,91.0,0.0,6.0,91.0,111.0
20250115T1300,3.2302456,15.4800005,80.0,0.0,6.0,80.0,156.0
20250115T1400,3.2002454,15.84,64.0,0.0,5.0,64.0,137.0
20250115T1500,2.8602452,15.4800005,64.0,0.0,7.0,64.0,104.0
20250115T1600,1.5402454,14.759999,65.0,0.0,7.0,65.0,34.0
20250115T1700,1.1802454,16.56,53.0,0.0,14.0,53.0,0.0
20250115T1800,1.2302454,16.919998,49.0,0.0,8.0,49.0,0.0
20250115T1900,1.1202455,19.08,44.0,0.0,5.0,44.0,0.0
20250115T2000,0.8502454,16.56,43.0,0.0,0.0,43.0,0.0
20250115T2100,0.8302454,17.28,51.0,0.0,0.0,51.0,0.0
20250115T2200,1.4202454,17.64,51.0,0.0,0.0,51.0,0.0
20250115T2300,1.3102454,17.64,57.0,0.0,2.0,57.0,0.0
20250116T0000,1.2102454,17.64,58.0,0.0,1.0,58.0,0.0
20250116T0100,1.3602455,16.919998,50.0,0.0,1.0,50.0,0.0
20250116T0200,1.4002454,16.199999,61.0,0.0,0.0,61.0,0.0
20250116T0300,1.4502454,15.84,66.0,0.0,0.0,66.0,0.0
20250116T0400,1.7702454,17.64,69.0,0.0,0.0,69.0,0.0
20250116T0500,1.6902454,18.72,65.0,0.0,2.0,65.0,0.0
20250116T0600,1.7102454,19.08,59.0,0.0,0.0,59.0,0.0
20250116T0700,1.6102453,19.44,60.0,0.0,0.0,60.0,0.0
20250116T0800,1.7302454,19.44,51.0,0.0,0.0,51.0,10.0
20250116T0900,2.4902453,19.44,42.0,0.0,0.0,42.0,75.0
20250116T1000,3.4802456,23.039999,73.0,0.0,0.0,73.0,141.0
20250116T1100,4.3502455,23.039999,41.0,0.0,0.0,41.0,232.0
20250116T1200,5.0302453,19.44,30.0,0.0,0.0,30.0,309.0
20250116T1300,5.3202453,16.919998,42.0,0.0,0.0,42.0,299.0
20250116T1400,5.290245,16.919998,12.0,0.0,0.0,12.0,226.0
20250116T1500,4.1602454,15.84,7.0,0.0,0.0,7.0,123.0
20250116T1600,4.4702454,12.599999,5.0,0.0,0.0,5.0,42.0
20250116T1700,3.5902452,12.24,3.0,0.0,0.0,3.0,0.0
20250116T1800,1.8302454,12.599999,10.0,0.0,0.0,10.0,0.0
20250116T1900,0.5602454,16.199999,6.0,0.0,0.0,6.0,0.0
20250116T2000,0.22024539,13.679999,6.0,0.0,0.0,6.0,0.0
20250116T2100,0.14024541,12.959999,7.0,0.0,0.0,7.0,0.0
20250116T2200,0.17024541,12.599999,5.0,0.0,0.0,5.0,0.0
20250116T2300,-0.04975462,12.24,12.0,0.0,0.0,12.0,0.0
20250117T0000,0.13024542,11.5199995,18.0,0.0,0.0,18.0,0.0
20250117T0100,0.070245415,10.799999,26.0,0.0,0.0,26.0,0.0
20250117T0200,-0.46975458,10.799999,31.0,0.0,0.0,31.0,0.0
20250117T0300,-0.7197546,10.440001,37.0,0.0,0.0,37.0,0.0
20250117T0400,-0.8097546,10.08,37.0,0.0,0.0,37.0,0.0
20250117T0500,-0.8197546,10.08,44.0,0.0,0.0,44.0,0.0
20250117T0600,-0.85975456,9.72,49.0,0.0,0.0,49.0,0.0
20250117T0700,-0.48975456,12.599999,62.0,0.0,0.0,62.0,0.0
20250117T0800,-0.1897546,10.08,58.0,0.0,0.0,58.0,16.0
20250117T0900,0.6202454,10.799999,45.0,0.0,0.0,45.0,98.0
20250117T1000,1.2202454,12.24,64.0,0.0,0.0,64.0,197.0
20250117T1100,1.7102454,12.959999,31.0,0.0,0.0,31.0,285.0
20250117T1200,2.0502453,12.599999,24.0,0.0,0.0,24.0,319.0
20250117T1300,2.3402452,12.24,16.0,0.0,0.0,16.0,321.0
20250117T1400,2.4802454,11.879999,11.0,0.0,1.0,11.0,255.0
20250117T1500,2.2902455,9.72,3.0,0.0,0.0,3.0,153.0
20250117T1600,2.5902452,8.64,3.0,0.0,0.0,3.0,46.0
20250117T1700,1.8302454,11.159999,7.0,0.0,0.0,7.0,0.0
20250117T1800,1.0502454,11.879999,4.0,0.0,0.0,4.0,0.0
20250117T1900,0.4902454,12.959999,10.0,0.0,0.0,10.0,0.0
20250117T2000,-0.16975462,12.599999,8.0,0.0,0.0,8.0,0.0
20250117T2100,-0.27975458,12.599999,14.0,0.0,2.0,14.0,0.0
20250117T2200,-0.48975456,12.599999,30.0,0.0,0.0,30.0,0.0
20250117T2300,-0.6797546,12.959999,21.0,0.0,0.0,21.0,0.0
20250118T0000,-0.5997546,12.959999,24.0,0.0,1.0,24.0,0.0
20250118T0100,-0.6697546,12.24,32.0,0.0,1.0,32.0,0.0
20250118T0200,-0.85975456,12.599999,28.0,0.0,0.0,28.0,0.0
20250118T0300,-1.0997546,12.599999,30.0,0.0,0.0,30.0,0.0
20250118T0400,-1.0597546,12.599999,28.0,0.0,0.0,28.0,0.0
20250118T0500,-0.8397546,11.879999,22.0,0.0,0.0,22.0,0.0
20250118T0600,-0.74975455,11.5199995,18.0,0.0,0.0,18.0,0.0
20250118T0700,-0.9497546,11.879999,17.0,0.0,0.0,17.0,0.0
20250118T0800,-0.3697546,11.159999,17.0,0.0,0.0,17.0,20.0
20250118T0900,0.2902454,14.04,9.0,0.0,0.0,9.0,106.0
20250118T1000,1.0802454,14.759999,63.0,0.0,0.0,63.0,237.0
20250118T1100,2.0602455,14.759999,36.0,0.0,0.0,36.0,319.0
20250118T1200,3.0202456,14.04,21.0,0.0,0.0,21.0,342.0
20250118T1300,3.8202453,14.04,11.0,0.0,0.0,11.0,335.0
20250118T1400,4.0502453,14.4,5.0,0.0,0.0,5.0,270.0
20250118T1500,3.2102456,12.959999,5.0,0.0,0.0,5.0,165.0
20250118T1600,3.3502455,8.64,1.0,0.0,0.0,1.0,51.0
20250118T1700,1.8602453,9.0,6.0,0.0,0.0,6.0,0.0
20250118T1800,-1.1097546,9.72,0.0,0.0,0.0,0.0,0.0
20250118T1900,-2.1097546,11.5199995,1.0,0.0,0.0,1.0,0.0
20250118T2000,-2.4297547,10.440001,1.0,0.0,0.0,1.0,0.0
20250118T2100,-3.0197544,11.5199995,1.0,0.0,0.0,1.0,0.0
20250118T2200,-2.5197544,11.879999,1.0,0.0,0.0,1.0,0.0
20250118T2300,-2.8397546,11.5199995,4.0,0.0,0.0,4.0,0.0
20250119T0000,-2.9697547,11.159999,3.0,0.0,0.0,3.0,0.0
20250119T0100,-3.2097545,11.159999,5.0,0.0,0.0,5.0,0.0
20250119T0200,-3.1497545,10.799999,5.0,0.0,0.0,5.0,0.0
20250119T0300,-3.2197547,10.440001,9.0,0.0,0.0,9.0,0.0
20250119T0400,-3.3397546,10.08,20.0,0.0,0.0,20.0,0.0
20250119T0500,-3.2497544,9.72,14.0,0.0,0.0,14.0,0.0
20250119T0600,-3.1997547,9.72,17.0,0.0,1.0,17.0,0.0
20250119T0700,-3.2297544,11.879999,16.0,0.0,0.0,16.0,0.0
20250119T0800,-2.7197547,10.799999,25.0,0.0,0.0,25.0,18.0
20250119T0900,-1.7397546,11.879999,12.0,0.0,0.0,12.0,108.0
20250119T1000,-1.0897546,12.24,57.0,0.0,1.0,57.0,219.0
20250119T1100,-0.2697546,11.879999,6.0,1.0,2.0,6.0,296.0
20250119T1200,0.6602454,10.799999,42.0,33.0,42.0,5.0,342.0
20250119T1300,1.3402455,9.72,17.0,26.0,17.0,4.0,322.0
20250119T1400,1.9802454,8.28,11.0,2.0,11.0,2.0,260.0
20250119T1500,2.3402452,5.7599998,7.0,12.0,7.0,2.0,164.0
20250119T1600,1.6102453,5.7599998,15.0,35.0,15.0,0.0,52.0
20250119T1700,-0.009754598,7.5599995,9.0,23.0,9.0,1.0,0.0
20250119T1800,-1.4197546,9.0,30.0,41.0,30.0,1.0,0.0
20250119T1900,-0.9697546,12.599999,68.0,62.0,68.0,1.0,0.0
20250119T2000,-0.8397546,11.159999,33.0,14.0,33.0,0.0,0.0
20250119T2100,-0.89975464,11.879999,9.0,0.0,9.0,0.0,0.0
20250119T2200,-0.8497546,11.159999,14.0,0.0,14.0,0.0,0.0
20250119T2300,-0.61975455,11.879999,9.0,0.0,9.0,0.0,0.0
20250120T0000,-1.0097545,12.24,2.0,0.0,2.0,0.0,0.0
20250120T0100,-1.5797547,12.24,7.0,0.0,7.0,0.0,0.0
20250120T0200,-1.4097546,12.24,8.0,10.0,8.0,0.0,0.0
20250120T0300,-1.1697546,12.24,10.5,35.0,5.0,0.0,0.0
20250120T0400,-1.2697546,11.879999,20.400002,68.0,4.0,0.0,0.0
20250120T0500,-1.5597545,12.24,23.1,77.0,13.0,0.0,0.0
20250120T0600,-1.8697547,11.879999,20.0,54.0,20.0,0.0,0.0
20250120T0700,-2.0697546,14.04,9.3,31.0,4.0,0.0,0.0
20250120T0800,-1.5497545,12.959999,5.4,18.0,1.0,0.0,22.0
20250120T0900,-0.3897546,14.4,10.5,35.0,0.0,0.0,125.0
20250120T1000,1.6902454,14.04,7.0,3.0,7.0,0.0,234.0
20250120T1100,3.3002453,12.959999,18.0,37.0,18.0,0.0,308.0
20250120T1200,4.670245,11.159999,18.0,59.0,18.0,0.0,331.0
20250120T1300,5.8702455,10.08,27.0,64.0,27.0,0.0,322.0
20250120T1400,5.3302455,8.28,44.0,60.0,44.0,0.0,249.0
20250120T1500,4.9902453,5.04,25.0,55.0,25.0,0.0,162.0
20250120T1600,3.0202456,6.12,20.400002,68.0,15.0,0.0,49.0
20250120T1700,0.9002454,7.5599995,26.1,87.0,6.0,0.0,0.0
20250120T1800,-0.05975461,8.64,28.500002,95.0,9.0,0.0,0.0
20250120T1900,-0.63975465,10.08,29.1,97.0,24.0,0.0,0.0
20250120T2000,-1.0697546,9.36,28.500002,95.0,27.0,0.0,0.0
20250120T2100,-1.3897547,8.64,49.0,98.0,49.0,0.0,0.0
20250120T2200,-1.3797545,9.72,25.0,38.0,25.0,0.0,0.0
20250120T2300,-1.1597546,9.36,9.0,19.0,9.0,0.0,0.0
20250121T0000,-1.3097546,9.0,18.0,13.0,18.0,0.0,0.0
20250121T0100,-1.8097545,10.08,46.0,21.0,46.0,1.0,0.0
20250121T0200,-2.1497545,9.72,67.0,43.0,67.0,0.0,0.0
20250121T0300,-2.3397546,9.36,74.0,63.0,74.0,1.0,0.0
20250121T0400,-2.1997547,9.36,33.0,45.0,33.0,0.0,0.0
20250121T0500,-2.1997547,9.36,19.0,7.0,19.0,0.0,0.0
20250121T0600,-1.9897546,9.72,5.0,1.0,5.0,0.0,0.0
20250121T0700,-1.9397546,12.599999,3.0,1.0,3.0,0.0,0.0
20250121T0800,-1.8897547,11.5199995,1.0,1.0,1.0,0.0,23.0
20250121T0900,-0.61975455,13.32,1.0,1.0,1.0,0.0,130.0
20250121T1000,0.8302454,13.32,5.0,0.0,2.0,5.0,242.0
20250121T1100,2.2902455,12.24,2.0,0.0,1.0,2.0,321.0
20250121T1200,3.4402456,12.24,2.0,0.0,0.0,2.0,354.0
20250121T1300,4.5902452,11.5199995,0.0,0.0,0.0,0.0,331.0
20250121T1400,4.880245,10.799999,1.0,0.0,0.0,1.0,276.0
20250121T1500,4.880245,7.5599995,1.0,0.0,0.0,1.0,175.0
20250121T1600,3.4202452,7.2,1.0,2.0,0.0,1.0,59.0
20250121T1700,0.4802454,8.28,2.0,0.0,0.0,2.0,1.0
20250121T1800,-0.09975457,9.72,0.0,0.0,0.0,0.0,0.0
20250121T1900,-0.4397546,11.879999,6.6000004,22.0,0.0,0.0,0.0
20250121T2000,-0.87975454,12.599999,10.5,35.0,0.0,0.0,0.0
20250121T2100,-1.6797546,13.679999,1.2,4.0,0.0,0.0,0.0
20250121T2200,-1.9597546,14.759999,29.1,97.0,0.0,0.0,0.0
20250121T2300,-2.0397544,14.759999,29.400002,98.0,0.0,3.0,0.0
20250122T0000,-1.9297546,14.4,28.800001,96.0,0.0,9.0,0.0
20250122T0100,-1.7397546,13.32,29.1,97.0,0.0,8.0,0.0
20250122T0200,-1.5897547,13.32,29.7,99.0,25.0,20.0,0.0
20250122T0300,-1.3497546,13.32,29.7,99.0,7.0,10.0,0.0
20250122T0400,-1.0097545,13.679999,30.000002,100.0,8.0,15.0,0.0
20250122T0500,-0.86975455,15.84,30.000002,100.0,29.0,18.0,0.0
20250122T0600,-0.51975465,20.880001,76.0,100.0,76.0,40.0,0.0
20250122T0700,-0.40975457,18.72,99.0,99.0,99.0,47.0,0.0
20250122T0800,0.030245423,18.0,93.0,94.0,93.0,32.0,5.0
20250122T0900,0.7402454,18.359999,99.0,84.0,99.0,36.0,25.0
20250122T1000,1.7902454,20.16,99.0,53.0,99.0,75.0,49.0
20250122T1100,3.0802455,20.519999,98.0,29.0,98.0,97.0,69.0
20250122T1200,4.0402455,19.8,100.0,22.0,97.0,100.0,61.0
20250122T1300,4.8702455,18.72,100.0,66.0,94.0,100.0,95.0
20250122T1400,5.2202454,19.08,97.0,88.0,79.0,97.0,92.0
20250122T1500,5.5102453,18.72,88.0,94.0,56.0,88.0,86.0
20250122T1600,5.000245,17.28,55.0,97.0,47.0,55.0,36.0
20250122T1700,4.0702453,17.28,31.0,99.0,31.0,29.0,0.0
20250122T1800,3.5502453,19.44,33.0,91.0,26.0,33.0,0.0
20250122T1900,3.5802455,22.319998,27.300001,91.0,24.0,24.0,0.0
20250122T2000,3.8002453,22.319998,30.000002,100.0,27.0,24.0,0.0
20250122T2100,3.4702454,23.039999,36.0,99.0,36.0,27.0,0.0
20250122T2200,3.3902454,23.039999,39.0,99.0,39.0,1.0,0.0
20250122T2300,3.5802455,24.119999,94.0,98.0,94.0,8.0,0.0
20250123T0000,4.0602455,24.84,100.0,99.0,100.0,27.0,0.0
20250123T0100,4.3502455,27.359999,96.0,98.0,96.0,39.0,0.0
20250123T0200,4.5802455,29.519999,94.0,90.0,94.0,57.0,0.0
20250123T0300,5.420245,29.88,69.0,99.0,69.0,23.0,0.0
20250123T0400,7.040245,36.36,100.0,100.0,100.0,70.0,0.0
20250123T0500,7.400245,45.719997,100.0,89.0,99.0,100.0,0.0
20250123T0600,7.610245,42.48,96.0,15.0,82.0,96.0,0.0
20250123T0700,7.2802453,36.719997,76.0,0.0,33.0,76.0,0.0
20250123T0800,6.520245,34.2,97.0,0.0,16.0,97.0,6.0
20250123T0900,6.210245,30.960001,99.0,0.0,3.0,99.0,35.0
20250123T1000,6.3902454,28.44,89.0,0.0,0.0,89.0,66.0
20250123T1100,6.3202453,30.239998,62.0,2.0,0.0,62.0,149.0
20250123T1200,6.5602455,30.960001,63.0,49.0,3.0,63.0,173.0
20250123T1300,6.920245,30.599998,85.0,66.0,0.0,85.0,136.0
20250123T1400,6.880245,28.44,89.0,50.0,1.0,89.0,142.0
20250123T1500,6.7602453,27.359999,80.0,37.0,3.0,80.0,81.0
20250123T1600,5.5902452,20.880001,71.0,38.0,31.0,71.0,42.0
20250123T1700,4.5202456,21.24,46.0,65.0,30.0,46.0,1.0
20250123T1800,4.7602453,23.039999,38.0,84.0,16.0,38.0,0.0
20250123T1900,4.7202454,19.8,28.0,5.0,8.0,28.0,0.0
20250123T2000,4.5102453,21.599998,15.0,10.0,1.0,15.0,0.0
20250123T2100,4.5202456,23.759998,16.0,16.0,4.0,16.0,0.0
20250123T2200,4.0002456,25.199999,15.0,0.0,15.0,7.0,0.0
20250123T2300,4.0002456,25.56,34.0,14.0,34.0,11.0,0.0
20250124T0000,3.3202453,25.199999,97.0,99.0,97.0,51.0,0.0
20250124T0100,4.2702456,25.199999,85.0,88.0,85.0,75.0,0.0
20250124T0200,4.0202456,23.039999,82.0,39.0,82.0,45.0,0.0
20250124T0300,3.5302453,19.44,71.0,99.0,71.0,22.0,0.0
20250124T0400,3.1502452,16.56,46.0,98.0,46.0,7.0,0.0
20250124T0500,2.5602455,18.359999,30.000002,100.0,28.0,0.0,0.0
20250124T0600,2.3102455,19.44,30.000002,100.0,30.0,0.0,0.0
20250124T0700,2.2302454,20.519999,94.0,100.0,94.0,0.0,0.0
20250124T0800,2.5002456,23.4,100.0,100.0,100.0,0.0,13.0
20250124T0900,4.2302456,25.56,96.0,91.0,96.0,0.0,66.0
20250124T1000,6.5302453,26.64,99.0,99.0,99.0,0.0,135.0
20250124T1100,9.050245,25.919998,96.0,96.0,96.0,0.0,222.0
20250124T1200,11.130245,24.119999,25.2,84.0,12.0,0.0,284.0
20250124T1300,12.870245,23.039999,29.7,99.0,9.0,0.0,277.0
20250124T1400,13.390245,27.0,29.7,99.0,5.0,0.0,228.0
20250124T1500,13.030245,29.519999,28.800001,96.0,11.0,0.0,111.0
20250124T1600,11.210245,29.16,40.0,58.0,40.0,0.0,37.0
20250124T1700,10.580245,25.919998,80.0,12.0,80.0,0.0,1.0
20250124T1800,9.470245,22.68,100.0,2.0,100.0,7.0,0.0
20250124T1900,8.650246,21.96,98.0,0.0,98.0,0.0,0.0
20250124T2000,8.370246,24.119999,84.0,0.0,84.0,0.0,0.0
20250124T2100,8.520246,24.84,76.0,0.0,76.0,0.0,0.0
20250124T2200,7.0702453,22.68,49.0,0.0,49.0,0.0,0.0
20250124T2300,5.8302455,21.96,49.0,2.0,49.0,0.0,0.0
20250125T0000,4.5602455,21.96,42.0,47.0,42.0,1.0,0.0
20250125T0100,4.670245,21.24,60.0,33.0,60.0,0.0,0.0
20250125T0200,5.3502455,20.16,64.0,88.0,64.0,0.0,0.0
20250125T0300,6.040245,20.519999,80.0,88.0,80.0,0.0,0.0
20250125T0400,6.400245,20.16,82.0,98.0,82.0,0.0,0.0
20250125T0500,6.5502453,20.519999,89.0,98.0,89.0,0.0,0.0
20250125T0600,6.9102454,20.880001,95.0,98.0,95.0,0.0,0.0
20250125T0700,7.0102453,24.84,96.0,27.0,96.0,0.0,0.0
20250125T0800,7.520245,24.84,50.0,0.0,50.0,1.0,9.0
20250125T0900,9.580245,25.199999,70.0,35.0,70.0,1.0,60.0
20250125T1000,10.970245,24.48,72.0,94.0,72.0,0.0,142.0
20250125T1100,13.080245,23.4,75.0,91.0,75.0,0.0,172.0
20250125T1200,14.510245,21.599998,37.0,73.0,37.0,0.0,179.0
20250125T1300,15.120245,21.24,37.0,78.0,37.0,0.0,141.0
20250125T1400,15.220245,20.519999,17.7,59.0,15.0,3.0,150.0
20250125T1500,14.300245,19.44,17.0,10.0,17.0,5.0,106.0
20250125T1600,12.390245,17.28,68.0,15.0,68.0,47.0,52.0
20250125T1700,10.220245,17.64,81.0,62.0,81.0,36.0,1.0
20250125T1800,9.510245,24.84,74.0,90.0,74.0,22.0,0.0
20250125T1900,8.850245,30.239998,62.0,99.0,62.0,47.0,0.0
20250125T2000,8.700245,24.119999,86.0,100.0,86.0,24.0,0.0
20250125T2100,8.510245,23.039999,100.0,100.0,100.0,43.0,0.0
20250125T2200,8.740245,22.68,96.0,83.0,96.0,54.0,0.0
20250125T2300,9.040245,31.319998,100.0,81.0,100.0,83.0,0.0
20250126T0000,8.840245,47.519997,100.0,100.0,100.0,31.0,0.0
20250126T0100,8.170245,43.92,100.0,100.0,100.0,30.0,0.0
20250126T0200,8.050245,38.16,100.0,97.0,100.0,10.0,0.0
20250126T0300,8.150246,40.32,100.0,95.0,100.0,15.0,0.0
20250126T0400,8.470245,44.639996,100.0,100.0,100.0,38.0,0.0
20250126T0500,8.120246,50.76,100.0,100.0,100.0,57.0,0.0
20250126T0600,7.4502454,54.36,90.0,80.0,90.0,79.0,0.0
20250126T0700,6.4902453,47.519997,87.0,10.0,1.0,87.0,0.0
20250126T0800,6.000245,46.8,81.0,0.0,0.0,81.0,13.0
20250126T0900,6.4302454,43.199997,69.0,0.0,0.0,69.0,78.0
20250126T1000,7.1002455,35.64,23.0,0.0,0.0,23.0,181.0
20250126T1100,8.280246,34.2,7.0,0.0,0.0,7.0,274.0
20250126T1200,9.270246,29.16,2.0,0.0,0.0,2.0,373.0
20250126T1300,10.100245,23.4,10.5,35.0,0.0,0.0,378.0
20250126T1400,10.110246,20.880001,30.000002,100.0,1.0,0.0,299.0
20250126T1500,9.400246,20.880001,63.0,100.0,63.0,0.0,174.0
20250126T1600,8.460245,18.72,51.0,85.0,51.0,0.0,47.0
20250126T1700,7.9102454,19.8,95.0,95.0,95.0,0.0,2.0
20250126T1800,6.8902454,20.880001,99.0,93.0,99.0,5.0,0.0
20250126T1900,7.250245,30.239998,99.0,100.0,99.0,49.0,0.0
20250126T2000,7.3502455,39.239998,100.0,100.0,100.0,24.0,0.0
20250126T2100,7.6602454,42.12,63.0,90.0,63.0,5.0,0.0
20250126T2200,9.520246,42.12,81.0,95.0,81.0,11.0,0.0
20250126T2300,9.370245,40.32,97.0,99.0,97.0,9.0,0.0
20250127T0000,8.730246,59.039997,88.0,99.0,88.0,5.0,0.0
20250127T0100,8.520246,63.72,91.0,100.0,91.0,33.0,0.0
20250127T0200,8.720245,69.12,97.0,98.0,97.0,15.0,0.0
20250127T0300,8.860246,61.199997,89.0,97.0,89.0,18.0,0.0
20250127T0400,9.170245,30.599998,99.0,94.0,99.0,56.0,0.0
20250127T0500,9.610246,57.6,97.0,98.0,97.0,42.0,0.0
20250127T0600,9.680245,57.239998,91.0,70.0,91.0,30.0,0.0
20250127T0700,10.200245,58.32,91.0,66.0,91.0,48.0,0.0
20250127T0800,10.090245,58.679996,91.0,19.0,91.0,79.0,9.0
20250127T0900,9.900246,51.12,82.0,19.0,82.0,61.0,50.0
20250127T1000,10.070246,53.28,100.0,45.0,100.0,84.0,69.0
20250127T1100,10.500245,36.0,82.0,11.0,82.0,50.0,123.0
20250127T1200,10.760245,49.32,98.0,80.0,98.0,34.0,126.0
20250127T1300,10.340245,51.48,96.0,98.0,96.0,40.0,53.0
20250127T1400,10.960245,45.36,98.0,96.0,98.0,35.0,65.0
20250127T1500,10.330245,41.760002,93.0,92.0,93.0,37.0,35.0
20250127T1600,9.290245,36.36,97.0,81.0,97.0,26.0,17.0
20250127T1700,8.680245,32.039997,98.0,84.0,98.0,6.0,1.0
20250127T1800,8.420245,32.760002,94.0,77.0,94.0,3.0,0.0
20250127T1900,8.510245,36.36,48.0,61.0,48.0,6.0,0.0
20250127T2000,8.650246,35.28,29.0,90.0,29.0,28.0,0.0
20250127T2100,8.210245,32.039997,36.0,88.0,36.0,23.0,0.0
20250127T2200,7.5102453,29.88,56.0,90.0,56.0,13.0,0.0
20250127T2300,7.1402454,23.4,97.0,98.0,97.0,2.0,0.0
20250128T0000,6.8002453,18.72,100.0,100.0,100.0,9.0,0.0
20250128T0100,6.420245,16.56,99.0,100.0,99.0,9.0,0.0
20250128T0200,6.540245,15.84,100.0,98.0,100.0,5.0,0.0
20250128T0300,6.880245,22.319998,100.0,99.0,100.0,5.0,0.0
20250128T0400,6.980245,23.039999,100.0,100.0,100.0,2.0,0.0
20250128T0500,6.7602453,20.880001,97.0,100.0,97.0,6.0,0.0
20250128T0600,6.790245,22.319998,97.0,100.0,97.0,11.0,0.0
20250128T0700,6.8402452,24.48,99.0,100.0,99.0,26.0,0.0
20250128T0800,6.8202453,27.0,99.0,100.0,99.0,38.0,15.0
20250128T0900,7.2602453,29.16,91.0,100.0,91.0,52.0,69.0
20250128T1000,8.030246,31.68,56.0,100.0,56.0,39.0,137.0
20250128T1100,8.690246,33.12,32.0,98.0,32.0,21.0,206.0
20250128T1200,9.370245,37.44,24.6,82.0,16.0,19.0,228.0
20250128T1300,9.840245,39.239998,31.0,77.0,31.0,29.0,256.0
20250128T1400,10.010245,39.239998,43.0,60.0,43.0,31.0,217.0
20250128T1500,9.980246,37.8,48.0,38.0,48.0,46.0,161.0
20250128T1600,9.650246,39.6,95.0,3.0,95.0,90.0,61.0
20250128T1700,9.000245,34.56,99.0,0.0,99.0,85.0,2.0
20250128T1800,8.400246,37.079998,94.0,22.0,94.0,94.0,0.0
20250128T1900,7.9502454,41.760002,82.0,78.0,58.0,82.0,0.0
20250128T2000,7.7602453,42.12,75.0,79.0,21.0,75.0,0.0
20250128T2100,7.7602453,41.760002,68.0,87.0,36.0,68.0,0.0
20250128T2200,7.7602453,44.639996,60.0,80.0,60.0,45.0,0.0
20250128T2300,7.6602454,48.96,41.0,76.0,37.0,41.0,0.0
20250129T0000,7.5702453,52.92,93.0,71.0,93.0,47.0,0.0
20250129T0100,7.610245,51.839996,73.0,74.0,73.0,52.0,0.0
20250129T0200,7.710245,52.199997,88.0,96.0,88.0,78.0,0.0
20250129T0300,7.6402454,51.839996,97.0,91.0,97.0,68.0,0.0
20250129T0400,7.360245,52.92,82.0,98.0,82.0,68.0,0.0
20250129T0500,7.360245,55.44,93.0,84.0,93.0,80.0,0.0
20250129T0600,7.2402453,61.199997,89.0,16.0,84.0,89.0,0.0
20250129T0700,7.170245,50.76,94.0,0.0,60.0,94.0,0.0
20250129T0800,7.3402452,50.399998,91.0,0.0,46.0,91.0,22.0
20250129T0900,7.8402452,46.44,76.0,0.0,12.0,76.0,82.0
20250129T1000,8.420245,43.56,27.0,31.0,17.0,27.0,161.0
20250129T1100,9.150246,43.199997,29.7,99.0,0.0,22.0,269.0
20250129T1200,9.720245,42.48,30.000002,100.0,2.0,18.0,324.0
20250129T1300,10.170245,37.079998,6.3,21.0,0.0,4.0,319.0
20250129T1400,10.430245,30.239998,9.3,31.0,0.0,6.0,272.0
20250129T1500,10.160245,23.039999,27.6,92.0,5.0,0.0,141.0
20250129T1600,7.9702454,12.24,27.900002,93.0,25.0,0.0,63.0
20250129T1700,5.4702454,13.679999,78.0,96.0,78.0,0.0,3.0
20250129T1800,5.020245,15.4800005,95.0,94.0,95.0,0.0,0.0
20250129T1900,4.4602456,16.919998,94.0,81.0,94.0,0.0,0.0
20250129T2000,4.0202456,16.56,86.0,31.0,86.0,0.0,0.0
20250129T2100,3.4202452,17.28,61.0,64.0,61.0,0.0,0.0
20250129T2200,3.2702456,17.28,68.0,99.0,68.0,0.0,0.0
20250129T2300,3.1602454,16.56,90.0,99.0,90.0,0.0,0.0
20250130T0000,3.1602454,15.4800005,91.0,98.0,91.0,1.0,0.0
20250130T0100,2.8802452,13.32,96.0,99.0,96.0,1.0,0.0
20250130T0200,2.8702455,12.24,96.0,98.0,96.0,2.0,0.0
20250130T0300,2.9502454,12.24,98.0,98.0,98.0,2.0,0.0
20250130T0400,3.0802455,12.599999,96.0,52.0,96.0,5.0,0.0
20250130T0500,3.4102454,12.599999,98.0,56.0,98.0,10.0,0.0
20250130T0600,3.5902452,12.599999,100.0,59.0,100.0,15.0,0.0
20250130T0700,3.8202453,13.679999,99.0,75.0,99.0,14.0,0.0
20250130T0800,4.1802454,13.679999,100.0,80.0,100.0,19.0,14.0
20250130T0900,5.3102455,14.04,97.0,34.0,97.0,21.0,41.0
20250130T1000,6.7802453,14.759999,88.0,70.0,88.0,30.0,110.0
20250130T1100,7.610245,13.679999,89.0,86.0,89.0,27.0,152.0
20250130T1200,7.880245,13.679999,98.0,96.0,98.0,24.0,104.0
20250130T1300,8.020246,15.84,99.0,98.0,99.0,20.0,129.0
20250130T1400,7.980245,16.199999,96.0,98.0,96.0,6.0,109.0
20250130T1500,7.8202453,15.84,91.0,94.0,91.0,12.0,79.0
20250130T1600,7.110245,13.679999,78.0,30.0,78.0,45.0,45.0
20250130T1700,6.7202454,12.24,52.0,19.0,52.0,47.0,3.0
20250130T1800,6.210245,11.879999,57.0,8.0,32.0,57.0,0.0
20250130T1900,6.170245,13.679999,39.0,2.0,27.0,39.0,0.0
20250130T2000,5.750245,13.32,36.0,0.0,24.0,36.0,0.0
20250130T2100,5.6802454,14.04,60.0,0.0,39.0,60.0,0.0
20250130T2200,6.0802455,14.4,84.0,0.0,79.0,84.0,0.0
20250130T2300,5.8502455,14.04,79.0,0.0,73.0,79.0,0.0
20250131T0000,5.9102454,13.32,91.0,0.0,83.0,91.0,0.0
20250131T0100,5.8502455,11.879999,98.0,0.0,97.0,98.0,0.0
20250131T0200,5.9502454,11.159999,95.0,0.0,95.0,92.0,0.0
20250131T0300,5.790245,11.159999,95.0,0.0,95.0,89.0,0.0
20250131T0400,5.460245,14.4,99.0,0.0,96.0,99.0,0.0
20250131T0500,4.980245,20.519999,93.0,0.0,89.0,93.0,0.0
20250131T0600,4.3702455,21.96,95.0,3.0,84.0,95.0,0.0
20250131T0700,3.9202452,18.0,98.0,38.0,95.0,98.0,0.0
20250131T0800,3.7202454,17.28,98.0,81.0,98.0,91.0,18.0
20250131T0900,4.130245,16.56,96.0,95.0,96.0,88.0,53.0
20250131T1000,4.8502455,17.28,93.0,98.0,93.0,45.0,112.0
20250131T1100,5.2402453,17.28,92.0,98.0,92.0,48.0,121.0
20250131T1200,5.6402454,18.359999,80.0,94.0,80.0,51.0,178.0
20250131T1300,5.7802453,19.8,91.0,99.0,91.0,58.0,156.0
20250131T1400,5.750245,19.8,92.0,99.0,92.0,54.0,120.0
20250131T1500,5.4902453,17.28,78.0,87.0,78.0,42.0,89.0
20250131T1600,4.9502454,15.4800005,70.0,12.0,70.0,27.0,46.0
20250131T1700,4.170245,12.24,62.0,16.0,62.0,10.0,3.0
20250131T1800,3.4902453,11.159999,20.0,24.0,20.0,3.0,0.0
20250131T1900,2.8602452,14.4,6.0,12.0,6.0,5.0,0.0
20250131T2000,2.2202454,12.599999,8.0,5.0,2.0,8.0,0.0
20250131T2100,1.6202455,12.959999,4.0,0.0,0.0,4.0,0.0
20250131T2200,1.0502454,14.4,10.0,0.0,1.0,10.0,0.0
20250131T2300,1.0602454,15.119999,12.0,0.0,8.0,12.0,0.0
20250201T0000,0.7002454,15.119999,14.0,0.0,7.0,14.0,0.0
20250201T0100,0.2502454,14.759999,7.0,0.0,0.0,7.0,0.0
20250201T0200,0.070245415,15.119999,15.0,0.0,0.0,15.0,0.0
20250201T0300,-0.03975457,15.4800005,22.0,0.0,0.0,22.0,0.0
20250201T0400,-0.33975458,15.4800005,24.0,0.0,0.0,24.0,0.0
20250201T0500,-0.4597546,15.119999,16.0,0.0,0.0,16.0,0.0
20250201T0600,-0.3297546,14.759999,15.0,0.0,0.0,15.0,0.0
20250201T0700,-0.5397546,14.04,12.0,0.0,0.0,12.0,0.0
20250201T0800,0.4202454,13.679999,25.0,0.0,0.0,25.0,39.0
20250201T0900,1.2602453,15.84,16.0,0.0,0.0,16.0,135.0
20250201T1000,2.4402454,20.519999,28.0,0.0,0.0,28.0,230.0
20250201T1100,3.3002453,23.759998,60.0,0.0,0.0,60.0,262.0
20250201T1200,3.9202452,23.759998,61.0,0.0,2.0,61.0,262.0
20250201T1300,4.5802455,21.599998,37.0,0.0,0.0,37.0,292.0
20250201T1400,4.880245,19.8,46.0,0.0,0.0,46.0,247.0
20250201T1500,4.730245,19.08,57.0,0.0,1.0,57.0,154.0
20250201T1600,4.2002454,18.359999,41.0,0.0,2.0,41.0,68.0
20250201T1700,3.1402454,12.24,38.0,0.0,2.0,38.0,5.0
20250201T1800,3.4302454,11.879999,29.0,0.0,2.0,29.0,0.0
20250201T1900,3.4302454,10.799999,20.0,0.0,0.0,20.0,0.0
20250201T2000,2.5502453,10.799999,15.0,0.0,0.0,15.0,0.0
20250201T2100,1.8002454,11.159999,18.0,0.0,0.0,18.0,0.0
20250201T2200,1.2702454,10.799999,13.0,0.0,0.0,13.0,0.0
20250201T2300,1.0602454,10.799999,10.0,0.0,0.0,10.0,0.0
20250202T0000,0.9502454,11.159999,16.0,0.0,0.0,16.0,0.0
20250202T0100,0.6302454,11.879999,17.0,0.0,0.0,17.0,0.0
20250202T0200,0.5402454,11.879999,22.0,0.0,0.0,22.0,0.0
20250202T0300,0.5102454,11.5199995,17.0,0.0,0.0,17.0,0.0
20250202T0400,0.8002454,10.799999,27.0,0.0,0.0,27.0,0.0
20250202T0500,1.1102455,10.08,32.0,0.0,0.0,32.0,0.0
20250202T0600,1.3502455,8.64,28.0,0.0,0.0,28.0,0.0
20250202T0700,1.6102453,9.36,26.0,0.0,0.0,26.0,0.0
20250202T0800,1.5202454,9.0,20.0,0.0,0.0,20.0,36.0
20250202T0900,1.6202455,11.159999,18.0,0.0,0.0,18.0,140.0
20250202T1000,2.0002456,12.24,74.0,9.0,0.0,74.0,248.0
20250202T1100,2.5302453,12.24,53.0,13.0,0.0,53.0,318.0
20250202T1200,3.2002454,12.599999,25.0,0.0,0.0,25.0,394.0
20250202T1300,3.6902456,13.32,15.0,0.0,0.0,15.0,385.0
20250202T1400,3.9902453,14.04,12.0,0.0,0.0,12.0,332.0
20250202T1500,4.0302453,13.679999,7.0,0.0,0.0,7.0,229.0
20250202T1600,2.6902456,12.599999,5.0,0.0,0.0,5.0,101.0
20250202T1700,2.9702454,11.879999,3.0,0.0,0.0,3.0,8.0
20250202T1800,3.4202452,11.5199995,6.0,0.0,0.0,6.0,0.0
20250202T1900,2.2602453,6.4799995,3.0,0.0,0.0,3.0,0.0
20250202T2000,1.5002453,8.28,3.0,0.0,0.0,3.0,0.0
20250202T2100,1.7202454,9.36,4.0,0.0,0.0,4.0,0.0
20250202T2200,0.5902454,9.36,25.0,0.0,0.0,25.0,0.0
20250202T2300,0.4302454,9.72,24.0,0.0,0.0,24.0,0.0
20250203T0000,0.23024541,9.72,15.0,0.0,0.0,15.0,0.0
20250203T0100,-0.05975461,9.72,15.0,0.0,0.0,15.0,0.0
20250203T0200,-0.22975457,10.08,12.0,0.0,0.0,12.0,0.0
20250203T0300,-0.34975457,10.799999,10.0,0.0,0.0,10.0,0.0
20250203T0400,-0.2697546,10.799999,8.0,0.0,0.0,8.0,0.0
20250203T0500,-0.39975458,11.159999,5.0,0.0,0.0,5.0,0.0
20250203T0600,-0.3897546,10.799999,3.0,3.0,0.0,3.0,0.0
20250203T0700,-0.3097546,11.5199995,11.0,13.0,0.0,11.0,0.0
20250203T0800,0.3802454,11.5199995,60.0,26.0,0.0,60.0,41.0
20250203T0900,0.89024544,11.879999,14.0,14.0,0.0,14.0,144.0
20250203T1000,1.1502454,11.879999,75.0,0.0,0.0,75.0,279.0
20250203T1100,1.8602453,11.5199995,68.0,0.0,0.0,68.0,382.0
20250203T1200,2.3602452,11.5199995,47.0,0.0,0.0,47.0,422.0
20250203T1300,2.9002452,13.32,44.0,0.0,0.0,44.0,409.0
20250203T1400,3.1102452,14.759999,30.0,0.0,0.0,30.0,343.0
20250203T1500,2.8002453,15.119999,22.0,0.0,0.0,22.0,232.0
20250203T1600,1.7002454,13.679999,19.0,0.0,0.0,19.0,108.0
20250203T1700,2.9602456,11.159999,11.0,14.0,0.0,11.0,9.0
20250203T1800,2.3202453,8.28,14.0,2.0,0.0,14.0,0.0
20250203T1900,1.9502454,5.7599998,11.0,0.0,0.0,11.0,0.0
20250203T2000,1.7902454,6.12,11.0,6.0,0.0,11.0,0.0
20250203T2100,0.7202454,8.28,10.0,18.0,0.0,10.0,0.0
20250203T2200,0.3002454,8.28,52.0,19.0,0.0,52.0,0.0
20250203T2300,-0.14975458,8.64,38.0,7.0,0.0,38.0,0.0
20250204T0000,-0.5397546,9.0,39.0,2.0,0.0,39.0,0.0
20250204T0100,-0.87975454,9.72,34.0,0.0,0.0,34.0,0.0
20250204T0200,-1.0097545,9.72,36.0,0.0,0.0,36.0,0.0
20250204T0300,-1.1397547,10.08,27.0,0.0,0.0,27.0,0.0
20250204T0400,-1.3697546,9.72,28.0,0.0,0.0,28.0,0.0
20250204T0500,-1.3797545,10.08,16.0,3.0,0.0,16.0,0.0
20250204T0600,-1.2797546,10.08,16.0,13.0,0.0,16.0,0.0
20250204T0700,-1.1697546,11.159999,17.0,28.0,0.0,17.0,0.0
20250204T0800,-0.76975465,9.36,10.0,1.0,0.0,10.0,51.0
20250204T0900,-0.16975462,11.159999,12.0,0.0,0.0,12.0,181.0
20250204T1000,0.9602454,10.799999,9.0,0.0,0.0,9.0,305.0
20250204T1100,2.0602455,10.440001,6.0,0.0,0.0,6.0,392.0
20250204T1200,3.4002452,10.799999,6.0,0.0,0.0,6.0,440.0
20250204T1300,4.5602455,10.440001,6.0,6.0,0.0,6.0,418.0
20250204T1400,5.2402453,9.72,8.1,27.0,0.0,2.0,356.0
20250204T1500,5.3202453,7.92,1.0,2.0,0.0,1.0,247.0
20250204T1600,4.150245,5.7599998,5.0,0.0,0.0,5.0,114.0
20250204T1700,2.4702454,6.12,4.0,0.0,0.0,4.0,11.0
20250204T1800,1.1202455,6.8399997,4.0,0.0,0.0,4.0,0.0
20250204T1900,0.5902454,6.12,5.0,0.0,0.0,5.0,0.0
20250204T2000,-1.2997546,8.28,5.0,0.0,0.0,5.0,0.0
20250204T2100,-2.2597547,10.08,0.0,0.0,0.0,0.0,0.0
20250204T2200,-2.5597544,10.799999,2.0,0.0,0.0,2.0,0.0
20250204T2300,-2.7997546,10.799999,2.0,0.0,0.0,2.0,0.0
20250205T0000,-3.0297546,10.440001,1.0,0.0,0.0,1.0,0.0
20250205T0100,-3.1697545,10.440001,2.0,0.0,0.0,2.0,0.0
20250205T0200,-3.5297546,10.799999,0.0,0.0,0.0,0.0,0.0
20250205T0300,-3.6797547,10.799999,2.0,0.0,0.0,2.0,0.0
20250205T0400,-3.8697548,10.799999,0.0,0.0,0.0,0.0,0.0
20250205T0500,-3.9197545,10.440001,0.0,0.0,0.0,0.0,0.0
20250205T0600,-3.8997545,10.08,0.0,0.0,0.0,0.0,0.0
20250205T0700,-3.8997545,12.24,0.0,0.0,0.0,0.0,0.0
20250205T0800,-2.5097547,10.08,0.0,0.0,0.0,0.0,54.0
20250205T0900,-0.60975456,12.24,0.0,0.0,0.0,0.0,184.0
20250205T1000,1.0302454,11.879999,3.0,0.0,0.0,3.0,315.0
20250205T1100,2.1502454,14.759999,6.0,0.0,0.0,6.0,402.0
20250205T1200,3.2102456,18.0,3.0,0.0,0.0,3.0,441.0
20250205T1300,4.0202456,19.44,3.0,0.0,0.0,3.0,410.0
20250205T1400,4.730245,19.44,5.0,0.0,0.0,5.0,349.0
20250205T1500,4.650245,18.359999,4.0,0.0,0.0,4.0,236.0
20250205T1600,2.5502453,13.679999,6.0,0.0,0.0,6.0,102.0
20250205T1700,0.9802454,15.119999,10.0,0.0,0.0,10.0,10.0
20250205T1800,-0.04975462,15.84,16.0,0.0,0.0,16.0,0.0
20250205T1900,-0.47975457,15.84,16.0,0.0,1.0,16.0,0.0
20250205T2000,-0.8297546,15.4800005,17.0,0.0,2.0,17.0,0.0
20250205T2100,-0.98975456,15.119999,10.0,0.0,2.0,10.0,0.0
20250205T2200,-0.73975456,15.4800005,16.0,0.0,5.0,16.0,0.0
20250205T2300,-0.98975456,15.4800005,23.0,2.0,2.0,23.0,0.0
20250206T0000,-1.1297545,15.84,24.0,4.0,5.0,24.0,0.0
20250206T0100,-0.8297546,15.84,16.0,3.0,2.0,16.0,0.0
20250206T0200,-0.6697546,15.119999,19.0,27.0,6.0,19.0,0.0
20250206T0300,-0.6697546,16.199999,21.0,59.0,12.0,21.0,0.0
20250206T0400,-0.3797546,16.919998,25.0,69.0,6.0,25.0,0.0
20250206T0500,-0.07975459,16.56,22.800001,76.0,5.0,22.0,0.0
20250206T0600,0.17024541,15.4800005,35.0,65.0,9.0,35.0,0.0
20250206T0700,0.4002454,15.119999,37.0,94.0,3.0,37.0,0.0
20250206T0800,1.2302454,15.4800005,40.0,36.0,4.0,40.0,25.0
20250206T0900,1.8502454,19.08,64.0,37.0,11.0,64.0,83.0
20250206T1000,2.3702455,20.880001,100.0,97.0,6.0,100.0,95.0
20250206T1100,2.7402453,23.039999,100.0,49.0,12.0,100.0,139.0
20250206T1200,3.2102456,23.759998,99.0,92.0,17.0,99.0,151.0
20250206T1300,3.5102453,25.199999,100.0,91.0,14.0,100.0,158.0
20250206T1400,3.7702456,25.919998,99.0,90.0,20.0,99.0,127.0
20250206T1500,3.7002454,25.56,95.0,88.0,28.0,95.0,86.0
20250206T1600,3.3402452,24.119999,87.0,90.0,36.0,87.0,37.0
20250206T1700,3.0202456,21.599998,75.0,97.0,44.0,75.0,5.0
20250206T1800,2.5802455,18.359999,78.0,97.0,45.0,78.0,0.0
20250206T1900,2.5302453,19.8,82.0,93.0,34.0,82.0,0.0
20250206T2000,2.8302455,19.08,77.0,89.0,48.0,77.0,0.0
20250206T2100,2.6302452,19.44,68.0,92.0,60.0,68.0,0.0
20250206T2200,2.6802454,18.72,88.0,98.0,88.0,66.0,0.0
20250206T2300,2.6202455,16.919998,83.0,99.0,83.0,55.0,0.0
20250207T0000,2.5402455,15.119999,87.0,98.0,87.0,67.0,0.0
20250207T0100,2.2302454,13.679999,85.0,97.0,85.0,58.0,0.0
20250207T0200,1.8502454,10.440001,78.0,94.0,78.0,40.0,0.0
20250207T0300,1.6102453,10.08,74.0,90.0,74.0,35.0,0.0
20250207T0400,1.5102453,10.799999,75.0,98.0,75.0,29.0,0.0
20250207T0500,1.4602454,11.159999,71.0,94.0,71.0,23.0,0.0
20250207T0600,1.3302454,11.879999,86.0,99.0,86.0,15.0,0.0
20250207T0700,1.1102455,13.32,85.0,98.0,85.0,9.0,0.0
20250207T0800,1.6402454,12.959999,81.0,99.0,81.0,7.0,39.0
20250207T0900,2.5702453,14.04,85.0,98.0,85.0,6.0,121.0
20250207T1000,3.6102452,15.4800005,82.0,96.0,82.0,11.0,212.0
20250207T1100,4.8102455,16.919998,87.0,100.0,87.0,23.0,289.0
20250207T1200,5.960245,17.64,83.0,99.0,83.0,5.0,316.0
20250207T1300,6.650245,17.28,64.0,98.0,64.0,3.0,314.0
20250207T1400,6.860245,16.56,38.0,98.0,38.0,0.0,282.0
20250207T1500,6.500245,15.119999,30.000002,100.0,3.0,0.0,190.0
20250207T1600,5.110245,10.799999,30.000002,100.0,0.0,0.0,92.0
20250207T1700,3.9102454,11.5199995,29.400002,98.0,0.0,0.0,12.0
20250207T1800,2.2302454,12.599999,28.800001,96.0,0.0,0.0,0.0
20250207T1900,0.9802454,15.4800005,29.1,97.0,0.0,1.0,0.0
20250207T2000,0.13024542,13.32,26.400002,88.0,0.0,0.0,0.0
20250207T2100,-0.29975462,12.24,24.6,82.0,1.0,0.0,0.0
20250207T2200,-0.3197546,11.879999,15.6,52.0,4.0,0.0,0.0
20250207T2300,-0.5997546,10.799999,52.0,56.0,52.0,24.0,0.0
20250208T0000,-0.86975455,11.159999,29.0,56.0,29.0,21.0,0.0
20250208T0100,-0.8297546,11.5199995,23.1,77.0,14.0,17.0,0.0
20250208T0200,-0.63975465,11.879999,24.0,72.0,13.0,24.0,0.0
20250208T0300,-0.5397546,11.879999,24.0,29.0,20.0,24.0,0.0
20250208T0400,-0.89975464,11.879999,29.0,24.0,14.0,29.0,0.0
20250208T0500,-0.9397546,12.599999,63.0,37.0,2.0,63.0,0.0
20250208T0600,-0.9597546,13.679999,12.3,41.0,6.0,6.0,0.0
20250208T0700,-1.0097545,17.64,8.1,27.0,7.0,2.0,1.0
20250208T0800,0.3202454,16.919998,15.0,31.0,15.0,0.0,50.0
20250208T0900,2.1302454,16.919998,29.0,24.0,29.0,1.0,166.0
20250208T1000,4.1402454,15.84,44.0,15.0,44.0,0.0,280.0
20250208T1100,5.8202453,15.119999,50.0,51.0,50.0,0.0,360.0
20250208T1200,7.2202454,14.759999,91.0,92.0,91.0,0.0,361.0
20250208T1300,8.240246,14.04,93.0,93.0,93.0,0.0,323.0
20250208T1400,8.650246,11.879999,20.0,29.0,20.0,0.0,271.0
20250208T1500,8.280246,9.0,3.9,13.0,0.0,0.0,216.0
20250208T1600,7.360245,4.68,22.800001,76.0,5.0,0.0,116.0
20250208T1700,6.1402454,7.2,43.0,91.0,43.0,0.0,16.0
20250208T1800,5.110245,8.28,79.0,91.0,79.0,0.0,0.0
20250208T1900,4.6402454,10.799999,82.0,84.0,82.0,0.0,0.0
20250208T2000,2.6702452,10.799999,74.0,74.0,74.0,0.0,0.0
20250208T2100,1.4002454,12.959999,60.0,42.0,60.0,0.0,0.0
20250208T2200,1.2702454,13.32,11.0,30.0,11.0,0.0,0.0
20250208T2300,1.4202454,13.32,22.0,62.0,22.0,2.0,0.0
20250209T0000,1.5502454,13.32,31.0,93.0,31.0,25.0,0.0
20250209T0100,1.9402454,12.959999,32.0,87.0,32.0,32.0,0.0
20250209T0200,2.1902454,11.5199995,55.0,81.0,43.0,55.0,0.0
20250209T0300,2.1602454,10.440001,58.0,66.0,32.0,58.0,0.0
20250209T0400,2.2902455,9.36,51.0,69.0,48.0,51.0,0.0
20250209T0500,2.1402454,8.28,52.0,67.0,52.0,45.0,0.0
20250209T0600,1.7102454,9.0,61.0,64.0,61.0,52.0,0.0
20250209T0700,1.8502454,10.799999,70.0,18.0,59.0,70.0,1.0
20250209T0800,2.8502455,10.799999,90.0,2.0,35.0,90.0,40.0
20250209T0900,3.9602456,11.159999,91.0,0.0,24.0,91.0,130.0
20250209T1000,4.8202453,10.440001,79.0,0.0,30.0,79.0,216.0
20250209T1100,6.130245,12.24,89.0,0.0,49.0,89.0,315.0
20250209T1200,7.4302454,14.759999,90.0,0.0,86.0,90.0,379.0
20250209T1300,8.3102455,15.119999,100.0,0.0,91.0,100.0,364.0
20250209T1400,8.610246,14.04,97.0,0.0,86.0,97.0,286.0
20250209T1500,8.720245,12.599999,89.0,0.0,89.0,80.0,214.0
20250209T1600,7.460245,11.159999,73.0,0.0,73.0,52.0,97.0
20250209T1700,5.2202454,11.159999,66.0,0.0,66.0,29.0,15.0
20250209T1800,4.380245,11.5199995,51.0,0.0,51.0,31.0,0.0
20250209T1900,3.6102452,11.879999,8.0,0.0,4.0,8.0,0.0
20250209T2000,2.6502452,11.159999,12.0,37.0,12.0,6.0,0.0
20250209T2100,1.6002454,9.72,26.400002,88.0,11.0,4.0,0.0
20250209T2200,1.1802454,10.08,37.0,98.0,37.0,1.0,0.0
20250209T2300,1.1802454,10.08,71.0,100.0,71.0,1.0,0.0
20250210T0000,1.0402454,9.36,76.0,100.0,76.0,1.0,0.0
20250210T0100,0.9402454,8.28,92.0,100.0,92.0,2.0,0.0
20250210T0200,1.1602454,7.92,99.0,100.0,99.0,0.0,0.0
20250210T0300,1.5402454,8.28,100.0,99.0,100.0,0.0,0.0
20250210T0400,1.8802454,8.64,99.0,98.0,99.0,0.0,0.0
20250210T0500,1.9402454,9.72,98.0,77.0,98.0,3.0,0.0
20250210T0600,2.3102455,11.879999,97.0,7.0,97.0,5.0,0.0
20250210T0700,2.4902453,13.679999,97.0,0.0,97.0,12.0,0.0
20250210T0800,2.8702455,14.04,98.0,0.0,98.0,20.0,18.0
20250210T0900,3.7302456,14.04,94.0,0.0,94.0,27.0,53.0
20250210T1000,4.420245,14.04,78.0,47.0,78.0,42.0,75.0
20250210T1100,5.4102454,15.84,96.0,98.0,96.0,83.0,154.0
20250210T1200,5.7802453,17.28,89.0,96.0,89.0,87.0,124.0
20250210T1300,6.1002455,15.4800005,95.0,98.0,95.0,43.0,89.0
20250210T1400,6.3002453,15.84,100.0,100.0,100.0,94.0,85.0
20250210T1500,6.650245,16.199999,94.0,95.0,94.0,42.0,83.0
20250210T1600,6.6202455,16.56,99.0,97.0,99.0,31.0,52.0
20250210T1700,6.4302454,16.199999,89.0,90.0,89.0,53.0,7.0
20250210T1800,5.960245,17.28,87.0,85.0,87.0,40.0,0.0
20250210T1900,6.020245,21.96,97.0,77.0,97.0,21.0,0.0
20250210T2000,6.0702453,32.399998,78.0,79.0,78.0,12.0,0.0
20250210T2100,6.2602453,35.64,65.0,86.0,65.0,22.0,0.0
20250210T2200,6.3702455,25.919998,92.0,90.0,92.0,79.0,0.0
20250210T2300,6.5502453,26.28,85.0,84.0,79.0,85.0,0.0
20250211T0000,6.110245,22.68,90.0,67.0,82.0,90.0,0.0
20250211T0100,5.900245,18.0,100.0,67.0,93.0,100.0,0.0
20250211T0200,6.130245,17.64,100.0,75.0,78.0,100.0,0.0
20250211T0300,6.270245,17.64,100.0,79.0,90.0,100.0,0.0
20250211T0400,6.3902454,17.28,100.0,82.0,93.0,100.0,0.0
20250211T0500,6.2802453,16.199999,100.0,79.0,95.0,100.0,0.0
20250211T0600,6.1602454,16.199999,100.0,77.0,95.0,100.0,0.0
20250211T0700,6.0802455,16.56,100.0,85.0,96.0,100.0,0.0
20250211T0800,6.3402452,15.4800005,100.0,85.0,94.0,100.0,10.0
20250211T0900,6.5502453,14.4,100.0,91.0,89.0,100.0,19.0
20250211T1000,7.1402454,14.759999,100.0,95.0,92.0,100.0,32.0
20250211T1100,7.750245,14.759999,100.0,97.0,98.0,100.0,62.0
20250211T1200,8.170245,15.4800005,100.0,95.0,100.0,100.0,88.0
20250211T1300,8.380245,14.759999,100.0,95.0,99.0,100.0,76.0
20250211T1400,8.470245,13.679999,100.0,95.0,98.0,100.0,76.0
20250211T1500,8.3102455,12.599999,100.0,97.0,100.0,100.0,29.0
20250211T1600,8.210245,10.799999,100.0,97.0,99.0,100.0,17.0
20250211T1700,7.8702455,11.879999,99.0,98.0,94.0,99.0,3.0
20250211T1800,7.750245,13.32,93.0,98.0,93.0,93.0,0.0
20250211T1900,7.610245,16.919998,98.0,95.0,93.0,98.0,0.0
20250211T2000,7.3702455,16.919998,96.0,96.0,95.0,96.0,0.0
20250211T2100,7.110245,16.919998,99.0,90.0,93.0,99.0,0.0
20250211T2200,7.3902454,17.28,87.0,87.0,87.0,86.0,0.0
20250211T2300,7.3202453,17.64,85.0,90.0,85.0,64.0,0.0
20250212T0000,7.2202454,20.16,94.0,95.0,94.0,71.0,0.0
20250212T0100,7.0302453,16.919998,94.0,97.0,94.0,57.0,0.0
20250212T0200,6.9902453,21.599998,86.0,89.0,86.0,50.0,0.0
20250212T0300,6.9502454,18.72,90.0,86.0,90.0,50.0,0.0
20250212T0400,6.9702454,20.880001,73.0,66.0,73.0,55.0,0.0
20250212T0500,6.920245,20.880001,78.0,76.0,65.0,78.0,0.0
20250212T0600,6.960245,28.44,64.0,64.0,58.0,64.0,0.0
20250212T0700,6.960245,17.64,77.0,20.0,55.0,77.0,1.0
20250212T0800,7.540245,18.72,80.0,18.0,59.0,80.0,35.0
20250212T0900,8.760245,19.44,93.0,42.0,58.0,93.0,84.0
20250212T1000,10.020246,19.44,47.0,57.0,47.0,36.0,129.0
20250212T1100,10.890245,19.8,55.0,47.0,55.0,44.0,161.0
20250212T1200,11.600245,21.599998,58.0,24.0,58.0,42.0,239.0
20250212T1300,11.710245,23.759998,63.0,22.0,63.0,41.0,264.0
20250212T1400,11.480246,24.119999,54.0,46.0,54.0,49.0,135.0
20250212T1500,11.390245,20.519999,44.0,65.0,44.0,31.0,125.0
20250212T1600,10.980246,16.56,61.0,77.0,61.0,31.0,76.0
20250212T1700,9.530245,11.5199995,53.0,62.0,53.0,45.0,14.0
20250212T1800,9.420245,13.679999,62.0,50.0,62.0,54.0,0.0
20250212T1900,9.170245,14.759999,61.0,33.0,61.0,42.0,0.0
20250212T2000,8.920245,15.84,57.0,13.0,57.0,45.0,0.0
20250212T2100,8.790245,16.199999,66.0,0.0,66.0,35.0,0.0
20250212T2200,8.390245,16.56,84.0,70.0,84.0,31.0,0.0
20250212T2300,8.180245,15.4800005,74.0,27.0,74.0,41.0,0.0
20250213T0000,8.120246,14.759999,63.0,29.0,63.0,44.0,0.0
20250213T0100,8.250245,14.4,94.0,73.0,94.0,36.0,0.0
20250213T0200,8.090245,16.199999,98.0,97.0,98.0,45.0,0.0
20250213T0300,7.980245,17.28,98.0,94.0,98.0,49.0,0.0
20250213T0400,7.7602453,14.759999,95.0,51.0,95.0,53.0,0.0
20250213T0500,7.5302453,17.64,100.0,42.0,100.0,74.0,0.0
20250213T0600,7.1802454,19.44,100.0,25.0,100.0,89.0,0.0
20250213T0700,6.9702454,13.679999,100.0,59.0,100.0,100.0,1.0
20250213T0800,6.6402454,19.8,100.0,98.0,99.0,100.0,14.0
20250213T0900,6.1202455,24.84,100.0,100.0,100.0,100.0,22.0
20250213T1000,5.1002455,19.44,100.0,77.0,77.0,100.0,22.0
20250213T1100,4.2602453,21.96,100.0,84.0,99.0,100.0,41.0
20250213T1200,3.6902456,21.599998,92.0,74.0,85.0,92.0,56.0
20250213T1300,3.8302455,19.08,100.0,37.0,59.0,100.0,96.0
20250213T1400,4.3502455,17.64,95.0,0.0,15.0,95.0,185.0
20250213T1500,4.2902455,17.64,91.0,0.0,10.0,91.0,98.0
20250213T1600,4.2902455,15.84,83.0,0.0,8.0,83.0,67.0
20250213T1700,3.6502452,10.440001,74.0,0.0,2.0,74.0,12.0
20250213T1800,3.1602454,7.92,65.0,0.0,1.0,65.0,0.0
20250213T1900,2.7202454,6.8399997,75.0,0.0,7.0,75.0,0.0
20250213T2000,2.5202456,6.4799995,68.0,0.0,9.0,68.0,0.0
20250213T2100,2.3002453,7.92,77.0,0.0,25.0,77.0,0.0
20250213T2200,2.9302454,9.36,71.0,0.0,71.0,64.0,0.0
20250213T2300,2.8802452,10.08,80.0,0.0,80.0,80.0,0.0
20250214T0000,2.6002455,14.4,70.0,0.0,70.0,70.0,0.0
20250214T0100,1.8702455,22.68,88.0,0.0,80.0,88.0,0.0
20250214T0200,1.2902454,26.28,80.0,0.0,80.0,77.0,0.0
20250214T0300,0.5402454,25.56,65.0,0.0,63.0,65.0,0.0
20250214T0400,0.11024541,23.4,73.0,0.0,58.0,73.0,0.0
20250214T0500,-0.1297546,22.319998,70.0,0.0,35.0,70.0,0.0
20250214T0600,-0.3697546,23.039999,62.0,0.0,30.0,62.0,0.0
20250214T0700,-0.60975456,24.48,73.0,0.0,21.0,73.0,2.0
20250214T0800,-0.4397546,29.16,71.0,0.0,20.0,71.0,54.0
20250214T0900,0.13024542,29.88,83.0,0.0,5.0,83.0,141.0
20250214T1000,0.4902454,28.08,91.0,0.0,0.0,91.0,213.0
20250214T1100,0.8202454,26.28,81.0,0.0,0.0,81.0,270.0
20250214T1200,1.0802454,25.199999,95.0,0.0,0.0,95.0,315.0
20250214T1300,1.2002454,24.48,99.0,0.0,0.0,99.0,304.0
20250214T1400,1.2802454,23.759998,100.0,0.0,1.0,100.0,227.0
20250214T1500,1.3702455,22.68,100.0,0.0,1.0,100.0,181.0
20250214T1600,1.1902454,20.880001,91.0,0.0,2.0,91.0,106.0
20250214T1700,0.6002454,19.44,79.0,0.0,1.0,79.0,23.0
20250214T1800,0.050245404,17.64,54.0,0.0,1.0,54.0,0.0
20250214T1900,-0.4397546,16.919998,35.0,0.0,4.0,35.0,0.0
20250214T2000,-1.0297546,15.4800005,24.0,0.0,0.0,24.0,0.0
20250214T2100,-1.4197546,15.119999,12.0,0.0,0.0,12.0,0.0
20250214T2200,-1.6297547,15.119999,0.0,0.0,0.0,0.0,0.0
20250214T2300,-2.1197548,14.759999,1.0,0.0,0.0,1.0,0.0
20250215T0000,-2.3297548,14.4,2.0,0.0,0.0,2.0,0.0
20250215T0100,-2.5097547,14.4,5.0,0.0,0.0,5.0,0.0
20250215T0200,-2.6597548,14.04,3.0,0.0,0.0,3.0,0.0
20250215T0300,-2.4597545,13.32,2.0,0.0,0.0,2.0,0.0
20250215T0400,-2.4297547,12.599999,0.0,0.0,0.0,0.0,0.0
20250215T0500,-3.3997545,12.959999,2.0,0.0,0.0,2.0,0.0
20250215T0600,-3.7897549,12.599999,1.0,0.0,0.0,1.0,0.0
20250215T0700,-3.8997545,12.599999,1.0,0.0,0.0,1.0,4.0
20250215T0800,-1.2397546,12.24,0.0,0.0,0.0,0.0,97.0
20250215T0900,-0.05975461,16.56,0.0,0.0,0.0,0.0,246.0
20250215T1000,0.9402454,17.64,50.0,0.0,0.0,50.0,377.0
20250215T1100,1.8602453,18.359999,41.0,0.0,0.0,41.0,467.0
20250215T1200,2.6902456,18.72,16.0,0.0,0.0,16.0,509.0
20250215T1300,3.7202454,18.72,9.0,0.0,0.0,9.0,494.0
20250215T1400,4.130245,18.0,4.8,16.0,0.0,2.0,425.0
20250215T1500,3.8002453,16.199999,27.000002,90.0,0.0,1.0,310.0
20250215T1600,2.6602454,13.32,29.400002,98.0,0.0,0.0,159.0
20250215T1700,2.2302454,10.08,29.400002,98.0,1.0,0.0,27.0
20250215T1800,1.6002454,10.440001,29.400002,98.0,24.0,0.0,0.0
20250215T1900,-0.22975457,10.08,46.0,99.0,46.0,0.0,0.0
20250215T2000,-0.89975464,9.72,49.0,97.0,49.0,0.0,0.0
20250215T2100,-0.9697546,10.440001,59.0,96.0,59.0,0.0,0.0
20250215T2200,-0.5997546,11.159999,90.0,99.0,90.0,6.0,0.0
20250215T2300,-0.8397546,10.440001,95.0,99.0,95.0,11.0,0.0
20250216T0000,-1.0797546,9.72,94.0,97.0,94.0,16.0,0.0
20250216T0100,-1.2597545,9.72,96.0,94.0,96.0,11.0,0.0
20250216T0200,-1.4097546,9.72,93.0,94.0,93.0,3.0,0.0
20250216T0300,-1.2297546,9.36,96.0,95.0,96.0,3.0,0.0
20250216T0400,-1.4097546,9.0,68.0,33.0,68.0,1.0,0.0
20250216T0500,-1.4897546,9.72,68.0,0.0,68.0,0.0,0.0
20250216T0600,-1.5697545,10.440001,70.0,0.0,70.0,3.0,0.0
20250216T0700,-1.1397547,10.440001,51.0,0.0,51.0,2.0,3.0
20250216T0800,-0.07975459,11.159999,45.0,0.0,45.0,3.0,71.0
20250216T0900,0.6202454,12.24,33.0,0.0,33.0,0.0,179.0
20250216T1000,1.5302454,12.599999,60.0,14.0,60.0,0.0,244.0
20250216T1100,2.7902455,12.959999,45.0,1.0,45.0,0.0,311.0
20250216T1200,3.8602452,14.4,40.0,0.0,40.0,0.0,350.0
20250216T1300,4.5602455,15.84,71.0,0.0,71.0,0.0,350.0
20250216T1400,5.0302453,17.64,94.0,0.0,94.0,2.0,328.0
20250216T1500,4.9102454,17.64,71.0,0.0,71.0,5.0,249.0
20250216T1600,4.3102455,16.199999,72.0,0.0,72.0,12.0,128.0
20250216T1700,2.6802454,12.24,67.0,0.0,67.0,11.0,29.0
20250216T1800,1.8102454,13.679999,86.0,3.0,86.0,21.0,0.0
20250216T1900,1.0402454,14.759999,86.0,5.0,86.0,33.0,0.0
20250216T2000,0.8202454,12.599999,54.0,5.0,54.0,50.0,0.0
20250216T2100,0.6602454,11.5199995,39.0,7.0,39.0,37.0,0.0
20250216T2200,0.2802454,11.5199995,41.0,17.0,35.0,41.0,0.0
20250216T2300,-0.029754579,11.879999,38.0,31.0,33.0,38.0,0.0
20250217T0000,-0.3797546,12.24,35.0,61.0,24.0,35.0,0.0
20250217T0100,-0.4397546,12.24,33.0,70.0,17.0,33.0,0.0
20250217T0200,-0.4597546,11.879999,34.0,66.0,23.0,34.0,0.0
20250217T0300,-0.73975456,11.879999,27.900002,93.0,10.0,25.0,0.0
20250217T0400,-0.8497546,11.879999,27.6,92.0,11.0,25.0,0.0
20250217T0500,-0.76975465,11.879999,27.6,92.0,3.0,20.0,0.0
20250217T0600,-0.8297546,11.5199995,23.400002,78.0,2.0,17.0,0.0
20250217T0700,-0.5697546,12.24,23.400002,78.0,4.0,17.0,5.0
20250217T0800,0.5902454,11.5199995,22.5,75.0,1.0,13.0,87.0
20250217T0900,1.0702454,14.759999,16.2,54.0,0.0,13.0,215.0
20250217T1000,1.7102454,16.56,12.0,33.0,1.0,12.0,332.0
20250217T1100,2.4002454,17.64,6.0,6.0,0.0,6.0,446.0
20250217T1200,3.0202456,17.64,41.0,10.0,0.0,41.0,473.0
20250217T1300,3.7202454,17.64,17.0,24.0,0.0,17.0,487.0
20250217T1400,3.9502454,18.0,28.0,22.0,1.0,28.0,403.0
20250217T1500,3.7502456,18.359999,32.0,17.0,0.0,32.0,308.0
20250217T1600,3.1702452,17.28,17.0,2.0,1.0,17.0,163.0
20250217T1700,1.5302454,12.959999,8.0,0.0,0.0,8.0,36.0
20250217T1800,0.8602454,13.679999,4.0,0.0,0.0,4.0,0.0
20250217T1900,0.9602454,10.440001,2.0,0.0,0.0,2.0,0.0
20250217T2000,0.77024543,10.440001,5.0,1.0,0.0,5.0,0.0
20250217T2100,0.3702454,11.159999,4.0,0.0,0.0,4.0,0.0
20250217T2200,0.100245416,11.159999,5.0,0.0,0.0,5.0,0.0
20250217T2300,-0.07975459,11.879999,1.0,0.0,0.0,1.0,0.0
20250218T0000,-0.16975462,11.879999,7.0,0.0,0.0,7.0,0.0
20250218T0100,-0.46975458,11.879999,6.0,0.0,0.0,6.0,0.0
20250218T0200,-0.9397546,11.879999,12.0,1.0,0.0,12.0,0.0
20250218T0300,-0.8397546,11.879999,16.5,55.0,0.0,16.0,0.0
20250218T0400,-0.60975456,12.24,21.900002,73.0,0.0,16.0,0.0
20250218T0500,-1.0597546,12.599999,22.2,74.0,0.0,17.0,0.0
20250218T0600,-1.1397547,12.24,28.2,94.0,0.0,14.0,0.0
20250218T0700,-0.77975464,13.679999,29.1,97.0,0.0,2.0,5.0
20250218T0800,0.3202454,14.04,27.900002,93.0,0.0,4.0,81.0
20250218T0900,1.0002453,15.4800005,29.1,97.0,0.0,2.0,231.0
20250218T1000,1.8002454,17.28,25.2,84.0,0.0,13.0,367.0
20250218T1100,2.6102452,19.44,16.800001,56.0,0.0,5.0,441.0
20250218T1200,3.5602455,20.16,9.3,31.0,0.0,2.0,509.0
20250218T1300,4.2502456,20.16,3.0,10.0,0.0,1.0,484.0
20250218T1400,4.610245,21.599998,1.2,4.0,0.0,0.0,433.0
20250218T1500,4.6002455,21.96,0.6,2.0,0.0,0.0,320.0
20250218T1600,3.8102455,20.880001,2.0,0.0,0.0,2.0,173.0
20250218T1700,0.9802454,13.679999,0.0,0.0,0.0,0.0,39.0
20250218T1800,0.11024541,14.759999,2.0,0.0,0.0,2.0,0.0
20250218T1900,0.010245383,17.64,1.5,5.0,0.0,0.0,0.0
20250218T2000,-0.46975458,16.199999,2.7,9.0,0.0,1.0,0.0
20250218T2100,-0.9397546,15.84,2.4,8.0,0.0,1.0,0.0
20250218T2200,-1.0697546,15.119999,4.0,4.0,0.0,4.0,0.0
20250218T2300,-1.4097546,15.119999,12.0,2.0,0.0,12.0,0.0
20250219T0000,-1.8797547,14.4,27.0,7.0,0.0,27.0,0.0
20250219T0100,-2.1097546,12.599999,29.0,28.0,0.0,29.0,0.0
20250219T0200,-2.1197548,11.5199995,20.400002,68.0,0.0,17.0,0.0
20250219T0300,-2.2897544,10.440001,26.1,87.0,0.0,16.0,0.0
20250219T0400,-2.4197545,9.72,27.300001,91.0,0.0,20.0,0.0
20250219T0500,-2.3297548,9.72,25.2,84.0,9.0,16.0,0.0
20250219T0600,-2.2797546,10.799999,27.300001,91.0,27.0,15.0,0.0
20250219T0700,-2.0197544,14.759999,49.0,94.0,49.0,4.0,6.0
20250219T0800,-0.5597546,14.759999,70.0,92.0,70.0,2.0,83.0
20250219T0900,0.9102454,15.84,34.0,58.0,34.0,4.0,191.0
20250219T1000,2.3902454,17.28,72.0,88.0,72.0,11.0,341.0
20250219T1100,3.9902453,17.64,82.0,83.0,82.0,12.0,443.0
20250219T1200,5.5802455,17.28,58.0,34.0,58.0,28.0,488.0
20250219T1300,6.920245,16.919998,75.0,58.0,75.0,34.0,475.0
20250219T1400,7.730245,15.84,73.0,44.0,73.0,15.0,387.0
20250219T1500,7.6602454,14.04,79.0,69.0,79.0,22.0,287.0
20250219T1600,6.3502455,9.72,76.0,94.0,76.0,22.0,159.0
20250219T1700,4.8402452,11.159999,63.0,98.0,63.0,21.0,35.0
20250219T1800,2.9602456,11.879999,62.0,97.0,62.0,24.0,0.0
20250219T1900,2.1402454,15.4800005,64.0,97.0,64.0,16.0,0.0
20250219T2000,1.3202454,15.84,77.0,100.0,77.0,24.0,0.0
20250219T2100,0.84024537,15.84,80.0,99.0,80.0,20.0,0.0
20250219T2200,1.1202455,16.199999,98.0,98.0,98.0,6.0,0.0
20250219T2300,0.89024544,16.56,100.0,96.0,100.0,1.0,0.0
20250220T0000,0.5802454,16.56,99.0,95.0,99.0,1.0,0.0
20250220T0100,0.84024537,16.56,98.0,43.0,98.0,1.0,0.0
20250220T0200,1.0802454,16.199999,92.0,33.0,92.0,8.0,0.0
20250220T0300,1.5302454,16.199999,78.0,8.0,78.0,28.0,0.0
20250220T0400,1.9502454,16.199999,61.0,0.0,61.0,20.0,0.0
20250220T0500,2.6702452,16.199999,92.0,0.0,92.0,26.0,0.0
20250220T0600,3.4202452,16.199999,95.0,0.0,95.0,38.0,0.0
20250220T0700,3.9202452,18.0,83.0,9.0,83.0,49.0,6.0
20250220T0800,4.4302454,18.72,75.0,34.0,75.0,52.0,63.0
20250220T0900,6.0602455,18.72,40.0,66.0,21.0,40.0,93.0
20250220T1000,8.0602455,19.8,64.0,68.0,63.0,64.0,256.0
20250220T1100,10.500245,20.16,45.0,85.0,44.0,45.0,431.0
20250220T1200,12.400246,22.319998,34.0,86.0,31.0,34.0,451.0
20250220T1300,13.790245,24.119999,28.0,43.0,22.0,28.0,425.0
20250220T1400,14.940246,24.119999,50.0,55.0,50.0,35.0,296.0
20250220T1500,14.780245,21.96,83.0,97.0,83.0,24.0,143.0
20250220T1600,14.420245,12.599999,80.0,95.0,80.0,13.0,72.0
20250220T1700,12.490245,9.72,24.0,80.0,20.0,23.0,21.0
20250220T1800,10.860246,8.64,29.0,90.0,26.0,29.0,0.0
20250220T1900,7.920245,15.4800005,39.0,65.0,35.0,39.0,0.0
20250220T2000,7.6202455,15.119999,44.0,68.0,37.0,44.0,0.0
20250220T2100,7.1402454,14.759999,46.0,74.0,46.0,35.0,0.0
20250220T2200,6.150245,15.84,36.0,76.0,36.0,26.0,0.0
20250220T2300,5.5902452,15.4800005,41.0,28.0,41.0,25.0,0.0
20250221T0000,5.0102453,15.4800005,51.0,25.0,51.0,24.0,0.0
20250221T0100,4.4602456,15.119999,55.0,33.0,55.0,9.0,0.0
20250221T0200,4.2102456,14.4,16.0,36.0,16.0,7.0,0.0
20250221T0300,3.7202454,13.679999,22.5,75.0,10.0,7.0,0.0
20250221T0400,3.2702456,12.959999,25.500002,85.0,7.0,3.0,0.0
20250221T0500,3.5102453,13.32,25.500002,85.0,9.0,4.0,0.0
20250221T0600,3.5002456,14.04,38.0,94.0,4.0,38.0,0.0
20250221T0700,3.6402454,16.919998,73.0,97.0,3.0,73.0,8.0
20250221T0800,4.790245,18.359999,62.0,97.0,17.0,62.0,76.0
20250221T0900,7.0802455,18.72,54.0,87.0,43.0,54.0,182.0
20250221T1000,9.110246,18.72,66.0,93.0,66.0,27.0,272.0
20250221T1100,10.940246,19.08,83.0,92.0,83.0,0.0,366.0
20250221T1200,12.910245,19.08,70.0,92.0,70.0,0.0,431.0
20250221T1300,14.430245,19.08,73.0,91.0,73.0,0.0,416.0
20250221T1400,15.150246,18.72,37.0,23.0,37.0,0.0,334.0
20250221T1500,15.020246,16.199999,39.0,24.0,39.0,0.0,255.0
20250221T1600,13.630245,13.679999,41.0,89.0,41.0,0.0,120.0
20250221T1700,11.190246,12.599999,45.0,98.0,45.0,0.0,32.0
20250221T1800,9.910245,12.959999,45.0,97.0,45.0,0.0,0.0
20250221T1900,8.710245,15.119999,59.0,98.0,59.0,0.0,0.0
20250221T2000,7.5102453,15.119999,87.0,95.0,87.0,0.0,0.0
20250221T2100,7.1002455,14.4,95.0,96.0,95.0,0.0,0.0
20250221T2200,7.0602455,13.679999,90.0,98.0,90.0,0.0,0.0
20250221T2300,6.540245,13.32,89.0,94.0,89.0,0.0,0.0
20250222T0000,6.210245,12.959999,77.0,93.0,77.0,0.0,0.0
20250222T0100,6.0702453,12.599999,68.0,97.0,68.0,0.0,0.0
20250222T0200,6.1602454,12.24,81.0,82.0,81.0,0.0,0.0
20250222T0300,5.750245,12.599999,13.0,23.0,13.0,0.0,0.0
20250222T0400,4.9902453,12.24,5.1000004,17.0,0.0,0.0,0.0
20250222T0500,4.7402453,11.879999,23.400002,78.0,0.0,0.0,0.0
20250222T0600,5.0502453,12.24,27.900002,93.0,1.0,0.0,0.0
20250222T0700,5.400245,17.64,28.500002,95.0,8.0,0.0,9.0
20250222T0800,6.3902454,18.72,28.800001,96.0,15.0,0.0,77.0
20250222T0900,8.620245,18.359999,29.400002,98.0,12.0,0.0,168.0
20250222T1000,10.550245,18.0,29.400002,98.0,18.0,1.0,297.0
20250222T1100,12.070246,18.72,39.0,100.0,39.0,3.0,332.0
20250222T1200,13.340245,18.359999,75.0,100.0,75.0,10.0,321.0
20250222T1300,14.190246,17.64,87.0,100.0,87.0,10.0,317.0
20250222T1400,14.800245,18.72,87.0,98.0,87.0,14.0,268.0
20250222T1500,15.130245,19.44,77.0,97.0,77.0,32.0,169.0
20250222T1600,14.190246,19.44,84.0,95.0,84.0,41.0,100.0
20250222T1700,12.020246,19.8,97.0,89.0,97.0,24.0,24.0
20250222T1800,12.360246,18.72,98.0,100.0,98.0,32.0,0.0
20250222T1900,10.870245,15.119999,99.0,98.0,99.0,34.0,0.0
20250222T2000,10.580245,14.4,99.0,92.0,99.0,23.0,0.0
20250222T2100,10.280245,13.679999,99.0,85.0,99.0,23.0,0.0
20250222T2200,10.220245,12.959999,98.0,52.0,98.0,11.0,0.0
20250222T2300,9.770246,12.959999,98.0,19.0,98.0,14.0,0.0
20250223T0000,9.140245,12.599999,99.0,10.0,99.0,14.0,0.0
20250223T0100,8.840245,11.5199995,99.0,15.0,99.0,16.0,0.0
20250223T0200,8.430245,10.08,100.0,51.0,100.0,15.0,0.0
20250223T0300,7.980245,9.36,99.0,70.0,99.0,23.0,0.0
20250223T0400,7.940245,9.0,99.0,34.0,99.0,59.0,0.0
20250223T0500,7.960245,8.64,100.0,46.0,100.0,54.0,0.0
20250223T0600,7.710245,7.2,100.0,93.0,100.0,45.0,0.0
20250223T0700,7.900245,6.4799995,100.0,93.0,100.0,30.0,5.0
20250223T0800,8.570246,7.2,100.0,79.0,100.0,37.0,37.0
20250223T0900,9.760245,9.0,99.0,87.0,99.0,31.0,88.0
20250223T1000,10.740245,9.0,99.0,78.0,99.0,23.0,155.0
20250223T1100,11.430245,9.72,98.0,41.0,98.0,37.0,226.0
20250223T1200,11.970245,11.5199995,95.0,4.0,95.0,42.0,262.0
20250223T1300,12.280245,12.24,71.0,0.0,71.0,12.0,238.0
20250223T1400,12.520246,12.24,59.0,0.0,59.0,16.0,281.0
20250223T1500,12.580245,11.159999,30.0,0.0,30.0,13.0,232.0
20250223T1600,11.770246,11.159999,57.0,0.0,46.0,57.0,115.0
20250223T1700,10.900246,7.92,44.0,0.0,15.0,44.0,41.0
20250223T1800,8.740245,10.08,0.0,0.0,0.0,0.0,0.0
20250223T1900,7.1202455,12.959999,3.0,0.0,0.0,3.0,0.0
20250223T2000,5.650245,12.959999,2.0,0.0,0.0,2.0,0.0
20250223T2100,5.2802453,12.599999,2.0,0.0,0.0,2.0,0.0
20250223T2200,4.8902454,12.24,16.0,1.0,0.0,16.0,0.0
20250223T2300,4.5802455,14.04,54.0,0.0,0.0,54.0,0.0
20250224T0000,4.1402454,15.119999,63.0,33.0,0.0,63.0,0.0
20250224T0100,4.0802455,15.4800005,89.0,94.0,0.0,89.0,0.0
20250224T0200,4.1402454,15.84,93.0,97.0,0.0,93.0,0.0
20250224T0300,3.9602456,17.28,94.0,11.0,0.0,94.0,0.0
20250224T0400,4.2802453,18.0,96.0,37.0,7.0,96.0,0.0
20250224T0500,4.2602453,18.359999,96.0,100.0,43.0,96.0,0.0
20250224T0600,4.2902455,18.0,96.0,99.0,76.0,96.0,0.0
20250224T0700,4.8102455,19.08,97.0,100.0,92.0,97.0,9.0
20250224T0800,5.8702455,19.44,94.0,99.0,94.0,92.0,69.0
20250224T0900,7.210245,19.8,91.0,97.0,91.0,61.0,124.0
20250224T1000,8.670245,20.880001,91.0,100.0,91.0,48.0,215.0
20250224T1100,10.250245,22.319998,92.0,100.0,92.0,5.0,302.0
20250224T1200,11.540245,23.039999,49.0,100.0,49.0,10.0,307.0
20250224T1300,12.570246,22.68,33.0,100.0,33.0,5.0,289.0
20250224T1400,12.990245,22.319998,30.000002,100.0,25.0,1.0,234.0
20250224T1500,12.910245,21.24,33.0,100.0,33.0,3.0,157.0
20250224T1600,12.250245,17.28,46.0,100.0,46.0,0.0,78.0
20250224T1700,10.990245,13.679999,63.0,100.0,63.0,2.0,23.0
20250224T1800,10.200245,13.32,62.0,100.0,62.0,1.0,0.0
20250224T1900,9.970245,15.84,80.0,100.0,80.0,1.0,0.0
20250224T2000,9.600245,16.199999,92.0,99.0,92.0,4.0,0.0
20250224T2100,9.080245,15.4800005,98.0,74.0,98.0,13.0,0.0
20250224T2200,8.830245,14.759999,86.0,93.0,86.0,2.0,0.0
20250224T2300,8.100245,15.119999,96.0,90.0,96.0,21.0,0.0
20250225T0000,8.010245,14.4,99.0,91.0,99.0,34.0,0.0
20250225T0100,8.250245,14.759999,100.0,88.0,100.0,48.0,0.0
20250225T0200,8.320246,13.32,89.0,98.0,89.0,42.0,0.0
20250225T0300,8.340245,13.32,76.0,62.0,73.0,76.0,0.0
20250225T0400,8.260245,13.32,86.0,63.0,81.0,86.0,0.0
20250225T0500,8.170245,13.32,85.0,93.0,85.0,84.0,0.0
20250225T0600,8.160246,13.32,78.0,100.0,78.0,65.0,0.0
20250225T0700,8.200246,14.04,79.0,100.0,79.0,63.0,5.0
20250225T0800,8.540245,15.119999,95.0,100.0,95.0,72.0,46.0
20250225T0900,8.790245,18.0,100.0,100.0,100.0,80.0,91.0
20250225T1000,8.610246,19.44,96.0,100.0,96.0,25.0,57.0
20250225T1100,8.920245,18.0,97.0,92.0,97.0,32.0,53.0
20250225T1200,9.430245,23.4,95.0,78.0,95.0,54.0,107.0
20250225T1300,9.980246,30.239998,95.0,84.0,95.0,29.0,186.0
20250225T1400,10.740245,33.839996,55.0,35.0,55.0,52.0,155.0
20250225T1500,11.230246,34.2,29.0,33.0,29.0,20.0,167.0
20250225T1600,11.200245,32.039997,34.0,31.0,34.0,25.0,181.0
20250225T1700,9.910245,36.0,47.0,60.0,47.0,12.0,54.0
20250225T1800,8.910245,36.36,63.0,48.0,63.0,37.0,0.0
20250225T1900,8.630245,37.44,67.0,21.0,57.0,67.0,0.0
20250225T2000,7.8302455,39.96,83.0,53.0,83.0,77.0,0.0
20250225T2100,7.3902454,45.0,96.0,73.0,96.0,96.0,0.0
20250225T2200,7.110245,48.96,99.0,44.0,99.0,81.0,0.0
20250225T2300,6.710245,52.56,94.0,33.0,94.0,93.0,0.0
20250226T0000,6.2802453,54.36,95.0,29.0,83.0,95.0,0.0
20250226T0100,5.8202453,54.719997,98.0,10.0,92.0,98.0,0.0
20250226T0200,5.2402453,54.0,97.0,25.0,95.0,97.0,0.0
20250226T0300,4.880245,53.639996,100.0,25.0,99.0,100.0,0.0
20250226T0400,4.4802456,51.12,100.0,28.0,99.0,100.0,0.0
20250226T0500,4.2702456,47.16,99.0,53.0,99.0,99.0,0.0
20250226T0600,4.2702456,43.92,100.0,79.0,99.0,100.0,0.0
20250226T0700,4.4702454,40.68,99.0,72.0,99.0,99.0,3.0
20250226T0800,4.790245,38.16,100.0,0.0,100.0,99.0,17.0
20250226T0900,5.440245,36.36,99.0,0.0,99.0,97.0,39.0
20250226T1000,5.5902452,34.56,89.0,6.0,89.0,80.0,67.0
20250226T1100,6.3302455,34.2,99.0,0.0,99.0,90.0,140.0
20250226T1200,7.1002455,32.039997,93.0,0.0,91.0,93.0,191.0
20250226T1300,7.860245,29.16,82.0,0.0,71.0,82.0,291.0
20250226T1400,8.280246,27.359999,86.0,0.0,13.0,86.0,350.0
20250226T1500,8.330246,26.28,62.0,0.0,27.0,62.0,254.0
20250226T1600,8.0602455,24.119999,44.0,0.0,24.0,44.0,140.0
20250226T1700,6.880245,19.8,33.0,0.0,26.0,33.0,50.0
20250226T1800,4.8202453,16.919998,29.0,0.0,23.0,29.0,0.0
20250226T1900,3.7302456,16.199999,12.0,3.0,7.0,12.0,0.0
20250226T2000,2.5402455,15.84,9.0,15.0,4.0,9.0,0.0
20250226T2100,2.2302454,16.199999,3.3000002,11.0,2.0,3.0,0.0
20250226T2200,2.1802454,16.919998,19.2,64.0,10.0,0.0,0.0
20250226T2300,2.3802454,18.0,30.0,95.0,30.0,0.0,0.0
20250227T0000,2.6902456,19.08,29.1,97.0,22.0,5.0,0.0
20250227T0100,3.0802455,20.880001,60.0,96.0,60.0,40.0,0.0
20250227T0200,3.7802453,23.4,96.0,93.0,96.0,70.0,0.0
20250227T0300,3.9902453,23.759998,96.0,75.0,96.0,89.0,0.0
20250227T0400,4.170245,23.759998,99.0,27.0,99.0,80.0,0.0
20250227T0500,4.5702453,23.4,97.0,0.0,97.0,76.0,0.0
20250227T0600,4.6602454,23.4,92.0,0.0,92.0,90.0,0.0
20250227T0700,4.8502455,25.919998,94.0,0.0,93.0,94.0,5.0
20250227T0800,5.250245,25.56,94.0,0.0,94.0,92.0,56.0
20250227T0900,6.0502453,29.519999,83.0,0.0,80.0,83.0,131.0
20250227T1000,7.110245,30.599998,70.0,0.0,59.0,70.0,231.0
20250227T1100,8.150246,33.839996,63.0,0.0,26.0,63.0,339.0
20250227T1200,8.680245,36.719997,25.0,0.0,21.0,25.0,414.0
20250227T1300,8.740245,37.44,31.0,2.0,31.0,28.0,424.0
20250227T1400,8.850245,33.48,41.0,0.0,25.0,41.0,367.0
20250227T1500,8.620245,30.599998,40.0,0.0,40.0,20.0,300.0
20250227T1600,8.3102455,29.16,41.0,0.0,41.0,19.0,165.0
20250227T1700,6.880245,24.119999,32.0,0.0,32.0,21.0,56.0
20250227T1800,5.110245,15.4800005,31.0,0.0,31.0,16.0,0.0
20250227T1900,4.0102453,14.4,34.0,0.0,34.0,25.0,0.0
20250227T2000,3.5602455,13.679999,31.0,0.0,31.0,30.0,0.0
20250227T2100,3.6602454,14.04,32.0,0.0,8.0,32.0,0.0
20250227T2200,3.5702453,14.04,33.0,0.0,33.0,19.0,0.0
20250227T2300,3.3702455,13.679999,18.0,0.0,15.0,18.0,0.0
20250228T0000,3.2002454,13.32,10.0,0.0,10.0,9.0,0.0
20250228T0100,2.2702456,12.959999,6.0,0.0,3.0,6.0,0.0
20250228T0200,1.3602455,12.599999,3.0,0.0,0.0,3.0,0.0
20250228T0300,0.8702454,12.959999,5.0,0.0,0.0,5.0,0.0
20250228T0400,0.88024545,12.959999,6.0,0.0,0.0,6.0,0.0
20250228T0500,0.6602454,12.24,8.0,0.0,1.0,8.0,0.0
20250228T0600,0.6302454,12.24,18.0,0.0,6.0,18.0,0.0
20250228T0700,1.5902454,14.4,26.0,0.0,15.0,26.0,20.0
20250228T0800,2.8202453,15.4800005,44.0,0.0,15.0,44.0,121.0
20250228T0900,4.0402455,16.919998,58.0,0.0,14.0,58.0,223.0
20250228T1000,5.380245,18.72,50.0,0.0,50.0,24.0,333.0
20250228T1100,6.2402453,18.72,67.0,0.0,67.0,49.0,394.0
20250228T1200,6.440245,19.08,60.0,0.0,60.0,58.0,362.0
20250228T1300,6.520245,19.8,80.0,0.0,61.0,80.0,301.0
20250228T1400,6.5302453,18.72,87.0,0.0,64.0,87.0,253.0
20250228T1500,6.460245,17.64,77.0,0.0,59.0,77.0,173.0
20250228T1600,6.230245,17.28,61.0,0.0,46.0,61.0,155.0
20250228T1700,5.0102453,15.84,49.0,0.0,30.0,49.0,57.0
20250228T1800,3.7402453,12.959999,32.0,0.0,30.0,32.0,1.0
20250228T1900,3.2902455,14.759999,29.0,0.0,28.0,29.0,0.0
20250228T2000,3.4002452,14.04,22.0,0.0,11.0,22.0,0.0
20250228T2100,2.9202452,14.4,17.0,0.0,5.0,17.0,0.0
20250228T2200,2.4802454,14.04,60.0,2.0,60.0,2.0,0.0
20250228T2300,1.9002454,13.32,50.0,5.0,50.0,2.0,0.0
20250301T0000,1.4602454,14.04,40.0,1.0,40.0,2.0,0.0
20250301T0100,1.5102453,14.759999,10.0,0.0,3.0,10.0,0.0
20250301T0200,1.6202455,15.84,24.0,0.0,0.0,24.0,0.0
20250301T0300,2.0302453,18.0,38.0,0.0,0.0,38.0,0.0
20250301T0400,2.1702454,20.16,59.0,0.0,0.0,59.0,0.0
20250301T0500,2.2002454,20.16,75.0,0.0,0.0,75.0,0.0
20250301T0600,2.3602452,19.8,86.0,0.0,0.0,86.0,0.0
20250301T0700,2.5302453,20.16,79.0,0.0,0.0,79.0,12.0
20250301T0800,3.1402454,27.0,78.0,0.0,0.0,78.0,86.0
20250301T0900,4.0802455,34.56,91.0,0.0,0.0,91.0,176.0
20250301T1000,5.2402453,38.88,89.0,0.0,0.0,89.0,308.0
20250301T1100,6.290245,40.68,97.0,0.0,0.0,97.0,330.0
20250301T1200,7.190245,42.839996,100.0,0.0,0.0,100.0,439.0
20250301T1300,7.610245,42.839996,100.0,0.0,10.0,100.0,392.0
20250301T1400,7.9102454,42.48,97.0,0.0,11.0,97.0,379.0
20250301T1500,7.9302454,42.12,82.0,0.0,4.0,82.0,287.0
20250301T1600,7.4302454,38.16,35.0,0.0,6.0,35.0,199.0
20250301T1700,6.4102454,32.399998,51.0,0.0,4.0,51.0,71.0
20250301T1800,5.2202454,28.44,47.0,0.0,2.0,47.0,1.0
20250301T1900,4.2402453,28.8,37.0,0.0,2.0,37.0,0.0
20250301T2000,3.3502455,25.56,3.0,0.0,0.0,3.0,0.0
20250301T2100,2.8002453,23.039999,1.0,0.0,0.0,1.0,0.0
20250301T2200,3.1302452,21.599998,3.0,0.0,0.0,3.0,0.0
20250301T2300,2.4802454,21.599998,3.0,0.0,0.0,3.0,0.0
20250302T0000,2.0002456,21.24,0.0,0.0,0.0,0.0,0.0
20250302T0100,1.4502454,20.519999,0.0,0.0,0.0,0.0,0.0
20250302T0200,1.3002454,19.44,0.0,0.0,0.0,0.0,0.0
20250302T0300,0.88024545,18.72,1.0,0.0,0.0,1.0,0.0
20250302T0400,0.5702454,18.0,0.0,0.0,0.0,0.0,0.0
20250302T0500,0.2402454,17.28,2.0,0.0,0.0,2.0,0.0
20250302T0600,-0.2697546,16.919998,3.0,0.0,0.0,3.0,0.0
20250302T0700,0.84024537,16.56,4.0,0.0,0.0,4.0,29.0
20250302T0800,2.4202454,20.880001,14.0,0.0,0.0,14.0,146.0
20250302T0900,3.6802454,27.72,9.0,1.0,0.0,9.0,286.0
20250302T1000,5.420245,29.519999,64.0,0.0,0.0,64.0,415.0
20250302T1100,7.1402454,30.239998,16.0,0.0,0.0,16.0,543.0
20250302T1200,8.470245,29.519999,32.0,3.0,0.0,32.0,583.0
20250302T1300,9.400246,28.08,5.4,18.0,0.0,1.0,572.0
20250302T1400,10.000245,26.64,11.1,37.0,0.0,0.0,499.0
20250302T1500,10.300245,25.56,9.900001,33.0,0.0,0.0,383.0
20250302T1600,9.770246,24.48,10.200001,34.0,0.0,0.0,233.0
20250302T1700,6.790245,18.0,7.5000005,25.0,0.0,0.0,78.0
20250302T1800,4.400245,17.64,0.6,2.0,0.0,0.0,1.0
20250302T1900,3.1102452,15.119999,0.0,0.0,0.0,0.0,0.0
20250302T2000,2.0402455,14.759999,0.0,0.0,0.0,0.0,0.0
20250302T2100,1.3202454,15.119999,0.0,0.0,0.0,0.0,0.0
20250302T2200,0.4002454,14.04,0.0,0.0,0.0,0.0,0.0
20250302T2300,-0.3697546,12.959999,0.0,0.0,0.0,0.0,0.0
20250303T0000,-0.40975457,12.959999,0.0,0.0,0.0,0.0,0.0
20250303T0100,-0.8297546,12.959999,0.0,0.0,0.0,0.0,0.0
20250303T0200,-1.1597546,11.879999,0.0,0.0,0.0,0.0,0.0
20250303T0300,-1.2697546,10.08,0.0,0.0,0.0,0.0,0.0
20250303T0400,-1.6497546,9.72,0.0,0.0,0.0,0.0,0.0
20250303T0500,-1.7897545,9.36,0.0,0.0,0.0,0.0,0.0
20250303T0600,-1.9797546,9.72,1.0,0.0,0.0,1.0,0.0
20250303T0700,-0.98975456,11.5199995,4.0,0.0,0.0,4.0,32.0
20250303T0800,1.9202454,13.679999,1.0,0.0,0.0,1.0,173.0
20250303T0900,4.4102454,13.32,0.0,0.0,0.0,0.0,323.0
20250303T1000,6.3502455,13.32,0.0,0.0,0.0,0.0,467.0
20250303T1100,8.260245,12.959999,0.0,0.0,0.0,0.0,559.0
20250303T1200,9.820246,12.599999,0.0,0.0,0.0,0.0,599.0
20250303T1300,11.130245,12.599999,0.0,0.0,0.0,0.0,582.0
20250303T1400,12.130245,12.24,0.0,0.0,0.0,0.0,511.0
20250303T1500,12.430245,11.159999,0.0,0.0,0.0,0.0,393.0
20250303T1600,11.990245,8.64,0.0,0.0,0.0,0.0,241.0
20250303T1700,9.660245,10.08,0.0,0.0,0.0,0.0,84.0
20250303T1800,8.290245,10.08,0.0,0.0,0.0,0.0,2.0
20250303T1900,6.500245,6.4799995,0.0,0.0,0.0,0.0,0.0
20250303T2000,3.3402452,8.28,0.0,0.0,0.0,0.0,0.0
20250303T2100,1.6502454,10.799999,0.0,0.0,0.0,0.0,0.0
20250303T2200,0.3902454,11.879999,8.1,27.0,0.0,0.0,0.0
20250303T2300,-0.3197546,11.879999,10.200001,34.0,0.0,0.0,0.0
20250304T0000,-0.5897546,11.879999,8.400001,28.0,0.0,0.0,0.0
20250304T0100,-0.46975458,11.159999,9.0,30.0,0.0,0.0,0.0
20250304T0200,-0.76975465,10.440001,6.3,21.0,0.0,0.0,0.0
20250304T0300,-0.8497546,9.72,6.9,23.0,0.0,0.0,0.0
20250304T0400,-0.90975463,9.72,4.8,16.0,0.0,0.0,0.0
20250304T0500,-0.86975455,10.440001,9.0,30.0,0.0,0.0,0.0
20250304T0600,-1.0997546,10.799999,12.900001,43.0,0.0,0.0,0.0
20250304T0700,-0.10975462,13.679999,17.1,57.0,0.0,0.0,37.0
20250304T0800,2.6402454,14.04,20.7,69.0,0.0,0.0,177.0
20250304T0900,5.8002453,13.679999,21.0,70.0,0.0,0.0,326.0
20250304T1000,8.430245,12.959999,19.2,64.0,0.0,0.0,465.0
20250304T1100,10.280245,13.32,21.6,72.0,0.0,0.0,557.0
20250304T1200,11.950245,13.679999,19.800001,66.0,0.0,0.0,600.0
20250304T1300,13.100245,13.32,18.0,60.0,0.0,0.0,561.0
20250304T1400,13.910245,14.04,13.200001,44.0,0.0,0.0,508.0
20250304T1500,14.110246,14.04,6.3,21.0,0.0,0.0,379.0
20250304T1600,13.430245,11.879999,2.7,9.0,0.0,0.0,243.0
20250304T1700,11.700245,7.2,0.0,0.0,0.0,0.0,87.0
20250304T1800,8.530246,6.12,0.0,0.0,0.0,0.0,2.0
20250304T1900,7.0302453,5.04,0.0,0.0,0.0,0.0,0.0
20250304T2000,3.8502455,8.64,0.0,0.0,0.0,0.0,0.0
20250304T2100,2.7502456,9.72,0.0,0.0,0.0,0.0,0.0
20250304T2200,1.6602454,10.440001,0.0,0.0,0.0,0.0,0.0
20250304T2300,1.0602454,10.799999,0.0,0.0,0.0,0.0,0.0
20250305T0000,0.7102454,11.159999,0.0,0.0,0.0,0.0,0.0
20250305T0100,0.5002454,11.159999,0.0,0.0,0.0,0.0,0.0
20250305T0200,0.2602454,10.799999,0.0,0.0,0.0,0.0,0.0
20250305T0300,0.100245416,10.799999,0.0,0.0,0.0,0.0,0.0
20250305T0400,-0.23975462,11.159999,0.0,0.0,0.0,0.0,0.0
20250305T0500,-0.60975456,11.159999,0.0,0.0,0.0,0.0,0.0
20250305T0600,-0.6697546,11.159999,0.0,0.0,0.0,0.0,0.0
20250305T0700,0.35024542,14.04,0.0,0.0,0.0,0.0,40.0
20250305T0800,3.6702452,15.119999,0.0,0.0,0.0,0.0,186.0
20250305T0900,7.020245,15.119999,0.0,0.0,0.0,0.0,347.0
20250305T1000,10.280245,13.679999,0.0,0.0,0.0,0.0,482.0
20250305T1100,12.600245,12.959999,0.0,0.0,0.0,0.0,573.0
20250305T1200,14.530245,12.24,0.0,0.0,0.0,0.0,612.0
20250305T1300,15.880245,11.5199995,0.0,0.0,0.0,0.0,594.0
20250305T1400,16.710245,11.5199995,0.0,0.0,0.0,0.0,522.0
20250305T1500,17.030245,10.799999,0.0,0.0,0.0,0.0,403.0
20250305T1600,16.340246,8.28,0.0,0.0,0.0,0.0,251.0
20250305T1700,13.410245,5.7599998,0.0,0.0,0.0,0.0,92.0
20250305T1800,9.870245,6.12,0.0,0.0,0.0,0.0,3.0
20250305T1900,6.8502455,9.36,0.0,0.0,0.0,0.0,0.0
20250305T2000,4.3302455,9.36,0.0,0.0,0.0,0.0,0.0
20250305T2100,3.2902455,10.799999,0.0,0.0,0.0,0.0,0.0
20250305T2200,3.0802455,11.879999,0.0,0.0,0.0,0.0,0.0
20250305T2300,2.3002453,12.599999,0.0,0.0,0.0,0.0,0.0
20250306T0000,1.7402455,12.959999,0.0,0.0,0.0,0.0,0.0
20250306T0100,1.2502453,13.32,0.0,0.0,0.0,0.0,0.0
20250306T0200,0.7902454,13.32,0.0,0.0,0.0,0.0,0.0
20250306T0300,0.4202454,13.32,0.0,0.0,0.0,0.0,0.0
20250306T0400,0.20024541,13.32,0.0,0.0,0.0,0.0,0.0
20250306T0500,-0.33975458,13.679999,0.0,0.0,0.0,0.0,0.0
20250306T0600,-0.5797546,13.679999,0.0,0.0,0.0,0.0,0.0
20250306T0700,1.1302454,16.199999,0.0,0.0,0.0,0.0,43.0
20250306T0800,5.040245,17.28,0.0,0.0,0.0,0.0,189.0
20250306T0900,9.3102455,16.56,0.0,0.0,0.0,0.0,347.0
20250306T1000,12.400246,14.4,0.0,0.0,0.0,0.0,479.0
20250306T1100,14.670245,13.32,0.0,0.0,0.0,0.0,569.0
20250306T1200,16.360247,11.879999,0.0,0.0,0.0,0.0,607.0
20250306T1300,17.430244,11.879999,0.0,0.0,0.0,0.0,589.0
20250306T1400,18.120245,11.159999,0.0,0.0,0.0,0.0,519.0
20250306T1500,18.380245,10.440001,0.0,0.0,0.0,0.0,401.0
20250306T1600,17.600245,8.64,0.0,0.0,0.0,0.0,250.0
20250306T1700,15.620245,7.5599995,2.0,0.0,2.0,0.0,94.0
20250306T1800,12.630245,7.2,15.0,20.0,15.0,0.0,3.0
20250306T1900,9.280245,7.5599995,9.0,7.0,9.0,0.0,0.0
20250306T2000,6.8702455,9.0,3.0,0.0,3.0,0.0,0.0
20250306T2100,5.880245,9.72,5.0,0.0,5.0,0.0,0.0
20250306T2200,3.8502455,10.440001,9.900001,33.0,0.0,0.0,0.0
20250306T2300,3.1902456,10.799999,13.500001,45.0,0.0,0.0,0.0
20250307T0000,2.6302452,11.159999,20.7,69.0,0.0,0.0,0.0
20250307T0100,2.3102455,11.5199995,23.1,77.0,0.0,0.0,0.0
20250307T0200,1.8102454,11.879999,22.800001,76.0,0.0,0.0,0.0
20250307T0300,1.1302454,11.5199995,12.0,40.0,0.0,0.0,0.0
20250307T0400,0.97024536,11.5199995,6.3,21.0,0.0,0.0,0.0
20250307T0500,0.7302454,11.5199995,6.9,23.0,0.0,0.0,0.0
20250307T0600,0.8002454,11.159999,7.5000005,25.0,0.0,0.0,0.0
20250307T0700,2.5102453,11.879999,3.9,13.0,0.0,0.0,46.0
20250307T0800,6.5302453,13.32,2.4,8.0,0.0,0.0,193.0
20250307T0900,9.910245,12.959999,1.5,5.0,0.0,0.0,349.0
20250307T1000,12.790245,10.799999,2.4,8.0,0.0,0.0,481.0
20250307T1100,14.710245,12.959999,4.5,15.0,0.0,0.0,570.0
20250307T1200,15.790245,14.759999,1.5,5.0,0.0,0.0,609.0
20250307T1300,16.470245,16.56,0.0,0.0,0.0,0.0,591.0
20250307T1400,16.830246,17.28,0.6,2.0,0.0,0.0,520.0
20250307T1500,16.740246,17.28,0.6,2.0,0.0,0.0,402.0
20250307T1600,15.900246,16.199999,0.0,0.0,0.0,0.0,253.0
20250307T1700,13.210245,11.5199995,0.0,0.0,0.0,0.0,96.0
20250307T1800,12.140245,11.159999,0.90000004,3.0,0.0,0.0,4.0
20250307T1900,10.000245,10.08,4.2000003,14.0,0.0,0.0,0.0
20250307T2000,7.270245,8.64,6.0,20.0,0.0,0.0,0.0
20250307T2100,5.150245,9.0,0.0,0.0,0.0,0.0,0.0
20250307T2200,4.710245,9.36,0.0,0.0,0.0,0.0,0.0
20250307T2300,4.0002456,9.0,0.6,2.0,0.0,0.0,0.0
20250308T0000,3.3202453,9.36,3.0,10.0,0.0,0.0,0.0
20250308T0100,2.7302456,10.440001,8.700001,29.0,0.0,0.0,0.0
20250308T0200,2.2202454,11.159999,12.900001,43.0,2.0,0.0,0.0
20250308T0300,1.9702454,11.159999,9.0,30.0,5.0,0.0,0.0
20250308T0400,1.6802454,11.159999,7.8,26.0,3.0,0.0,0.0
20250308T0500,1.2302454,11.159999,8.400001,28.0,1.0,0.0,0.0
20250308T0600,1.0002453,11.5199995,14.700001,49.0,3.0,0.0,0.0
20250308T0700,2.2802453,14.04,22.0,48.0,22.0,0.0,46.0
20250308T0800,5.8002453,15.119999,11.0,16.0,11.0,0.0,190.0
20250308T0900,9.330245,14.759999,0.0,0.0,0.0,0.0,360.0
20250308T1000,12.530245,14.04,0.0,0.0,0.0,0.0,494.0
20250308T1100,14.8102455,14.4,0.0,0.0,0.0,0.0,584.0
20250308T1200,16.390245,14.759999,5.0,0.0,5.0,0.0,622.0
20250308T1300,17.390245,14.759999,0.0,0.0,0.0,0.0,602.0
20250308T1400,17.980246,15.4800005,0.90000004,3.0,0.0,0.0,529.0
20250308T1500,18.050245,15.119999,0.0,0.0,0.0,0.0,410.0
20250308T1600,17.500246,13.32,0.0,0.0,0.0,0.0,259.0
20250308T1700,15.290245,10.440001,0.0,0.0,0.0,0.0,100.0
20250308T1800,11.120245,12.959999,0.0,0.0,0.0,0.0,5.0
20250308T1900,8.650246,15.119999,0.0,0.0,0.0,0.0,0.0
20250308T2000,6.9302454,13.679999,4.2000003,14.0,0.0,0.0,0.0
20250308T2100,5.6202455,13.679999,17.1,57.0,0.0,0.0,0.0
20250308T2200,5.2002454,13.32,25.800001,86.0,5.0,0.0,0.0
20250308T2300,4.4402456,12.599999,28.2,94.0,0.0,0.0,0.0
20250309T0000,4.170245,11.879999,29.1,97.0,0.0,0.0,0.0
20250309T0100,3.7102456,11.159999,28.800001,96.0,2.0,0.0,0.0
20250309T0200,3.5302453,10.440001,28.800001,96.0,3.0,0.0,0.0
20250309T0300,3.5302453,10.440001,27.900002,93.0,0.0,0.0,0.0
20250309T0400,2.9502454,10.08,24.300001,81.0,0.0,0.0,0.0
20250309T0500,2.1002455,10.799999,15.6,52.0,0.0,0.0,0.0
20250309T0600,1.9502454,11.159999,8.400001,28.0,2.0,0.0,0.0
20250309T0700,3.3002453,13.32,17.400002,58.0,1.0,0.0,50.0
20250309T0800,7.0702453,14.04,10.5,35.0,3.0,0.0,184.0
20250309T0900,10.610246,14.04,3.0,5.0,3.0,0.0,353.0
20250309T1000,13.660245,13.679999,3.9,13.0,1.0,0.0,479.0
20250309T1100,15.5602455,14.759999,8.1,27.0,1.0,0.0,565.0
20250309T1200,17.140245,17.28,5.0,6.0,5.0,0.0,617.0
20250309T1300,18.020245,18.359999,6.0,6.0,6.0,0.0,601.0
20250309T1400,18.310246,19.08,8.400001,28.0,0.0,0.0,529.0
20250309T1500,18.140245,18.359999,22.5,75.0,0.0,0.0,405.0
20250309T1600,17.530245,15.84,25.800001,86.0,6.0,0.0,259.0
20250309T1700,14.200245,12.959999,28.2,94.0,21.0,0.0,96.0
20250309T1800,11.360246,14.759999,26.7,89.0,15.0,0.0,5.0
20250309T1900,9.660245,15.119999,34.0,89.0,34.0,0.0,0.0
20250309T2000,8.120246,13.32,62.0,93.0,62.0,0.0,0.0
20250309T2100,7.250245,12.599999,76.0,95.0,76.0,0.0,0.0
20250309T2200,6.860245,11.879999,66.0,97.0,66.0,0.0,0.0
20250309T2300,6.4702454,10.799999,57.0,98.0,57.0,0.0,0.0
20250310T0000,5.770245,10.440001,44.0,100.0,44.0,0.0,0.0
20250310T0100,6.3302455,9.72,30.000002,100.0,2.0,0.0,0.0
20250310T0200,6.520245,10.08,30.000002,100.0,8.0,0.0,0.0
20250310T0300,7.3502455,14.4,30.000002,100.0,14.0,0.0,0.0
20250310T0400,8.480246,17.28,30.000002,100.0,23.0,0.0,0.0
20250310T0500,8.840245,18.0,68.0,100.0,68.0,0.0,0.0
20250310T0600,9.140245,17.28,87.0,100.0,87.0,0.0,0.0
20250310T0700,9.480246,26.28,99.0,100.0,99.0,13.0,18.0
20250310T0800,9.750245,30.239998,100.0,100.0,100.0,46.0,61.0
20250310T0900,9.910245,29.88,94.0,100.0,94.0,88.0,83.0
20250310T1000,10.000245,26.28,92.0,100.0,86.0,92.0,91.0
20250310T1100,10.170245,23.4,83.0,100.0,83.0,17.0,102.0
20250310T1200,11.040245,18.359999,74.0,99.0,74.0,10.0,261.0
20250310T1300,11.880245,16.919998,44.0,100.0,44.0,24.0,340.0
20250310T1400,12.610246,19.8,38.0,100.0,38.0,37.0,306.0
20250310T1500,13.150246,20.16,33.0,100.0,30.0,33.0,236.0
20250310T1600,13.210245,15.4800005,30.000002,100.0,15.0,15.0,157.0
20250310T1700,10.890245,9.72,29.7,99.0,19.0,22.0,76.0
20250310T1800,8.340245,11.5199995,29.1,97.0,19.0,25.0,5.0
20250310T1900,6.0802455,9.72,27.000002,90.0,8.0,13.0,0.0
20250310T2000,4.8002453,9.72,21.900002,73.0,6.0,4.0,0.0
20250310T2100,4.0202456,10.440001,22.5,75.0,2.0,3.0,0.0
20250310T2200,4.0202456,10.440001,21.300001,71.0,0.0,0.0,0.0
20250310T2300,3.3202453,11.5199995,23.400002,78.0,2.0,2.0,0.0
20250311T0000,3.0402455,12.599999,21.6,72.0,7.0,0.0,0.0
20250311T0100,2.9302454,12.959999,24.300001,81.0,12.0,0.0,0.0
20250311T0200,3.3602452,12.959999,30.0,86.0,30.0,0.0,0.0
20250311T0300,3.4702454,13.32,26.7,89.0,4.0,0.0,0.0
20250311T0400,3.5702453,13.32,28.500002,95.0,14.0,0.0,0.0
20250311T0500,3.6002455,13.32,29.400002,98.0,22.0,0.0,0.0
20250311T0600,3.4702454,12.599999,28.800001,96.0,23.0,0.0,0.0
20250311T0700,4.670245,14.4,29.400002,98.0,24.0,0.0,44.0
20250311T0800,6.9902453,15.119999,31.0,99.0,31.0,0.0,144.0
20250311T0900,9.800245,14.4,30.000002,100.0,25.0,0.0,227.0
20250311T1000,11.680245,13.32,30.000002,100.0,16.0,1.0,348.0
20250311T1100,12.790245,13.679999,49.0,96.0,49.0,0.0,448.0
20250311T1200,13.710245,15.119999,57.0,39.0,57.0,1.0,525.0
20250311T1300,14.080245,15.84,67.0,66.0,67.0,6.0,559.0
20250311T1400,14.280245,15.84,59.0,81.0,59.0,9.0,440.0
20250311T1500,14.140245,11.879999,27.000002,90.0,24.0,9.0,293.0
20250311T1600,12.960245,11.879999,32.0,97.0,32.0,22.0,181.0
20250311T1700,11.900246,9.0,43.0,99.0,43.0,30.0,88.0
20250311T1800,10.780245,7.2,29.7,99.0,17.0,16.0,5.0
20250311T1900,9.330245,5.7599998,29.7,99.0,19.0,12.0,0.0
20250311T2000,8.850245,7.5599995,27.300001,91.0,27.0,15.0,0.0
20250311T2100,8.300245,7.5599995,24.0,80.0,20.0,14.0,0.0
20250311T2200,7.4102454,6.8399997,51.0,52.0,51.0,16.0,0.0
20250311T2300,7.480245,7.2,95.0,93.0,95.0,29.0,0.0
20250312T0000,7.880245,7.5599995,97.0,98.0,97.0,36.0,0.0
20250312T0100,7.9302454,8.28,96.0,67.0,96.0,54.0,0.0
20250312T0200,7.190245,7.92,99.0,88.0,99.0,76.0,0.0
20250312T0300,7.210245,8.28,97.0,98.0,97.0,82.0,0.0
20250312T0400,7.130245,7.92,97.0,100.0,96.0,97.0,0.0
20250312T0500,7.230245,7.2,100.0,99.0,97.0,100.0,0.0
20250312T0600,7.3102455,7.5599995,100.0,98.0,94.0,100.0,0.0
20250312T0700,7.3102455,9.72,100.0,98.0,93.0,100.0,11.0
20250312T0800,7.380245,9.36,100.0,97.0,98.0,100.0,33.0
20250312T0900,7.480245,12.24,100.0,89.0,100.0,100.0,78.0
20250312T1000,7.440245,12.599999,100.0,69.0,99.0,100.0,90.0
20250312T1100,7.630245,13.32,98.0,51.0,98.0,98.0,101.0
20250312T1200,7.8502455,12.959999,97.0,35.0,97.0,86.0,126.0
20250312T1300,8.170245,12.599999,98.0,77.0,98.0,96.0,177.0
20250312T1400,8.080246,11.879999,99.0,72.0,98.0,99.0,168.0
20250312T1500,7.940245,11.879999,97.0,79.0,97.0,95.0,127.0
20250312T1600,7.6402454,11.879999,95.0,61.0,95.0,88.0,94.0
20250312T1700,7.400245,10.799999,89.0,44.0,89.0,87.0,31.0
20250312T1800,6.5702453,8.28,89.0,35.0,58.0,89.0,3.0
20250312T1900,6.540245,9.0,91.0,28.0,29.0,91.0,0.0
20250312T2000,6.2602453,9.36,93.0,62.0,69.0,93.0,0.0
20250312T2100,6.0602455,11.159999,96.0,57.0,78.0,96.0,0.0
20250312T2200,5.7402453,11.159999,74.0,47.0,38.0,74.0,0.0
20250312T2300,5.7202454,11.159999,78.0,68.0,56.0,78.0,0.0
20250313T0000,5.520245,9.72,88.0,87.0,62.0,88.0,0.0
20250313T0100,5.3402452,8.64,89.0,91.0,55.0,89.0,0.0
20250313T0200,5.3702455,9.72,92.0,84.0,72.0,92.0,0.0
20250313T0300,5.4502454,10.440001,89.0,78.0,85.0,89.0,0.0
20250313T0400,5.400245,11.5199995,91.0,89.0,91.0,88.0,0.0
20250313T0500,5.270245,13.679999,96.0,96.0,96.0,94.0,0.0
20250313T0600,4.9102454,15.119999,99.0,97.0,99.0,90.0,0.0
20250313T0700,5.0802455,12.599999,99.0,91.0,99.0,96.0,13.0
20250313T0800,5.2802453,19.08,100.0,53.0,89.0,100.0,34.0
20250313T0900,5.710245,10.799999,100.0,27.0,54.0,100.0,51.0
20250313T1000,7.130245,24.119999,83.0,73.0,43.0,83.0,210.0
20250313T1100,8.040245,31.319998,70.0,71.0,51.0,70.0,265.0
20250313T1200,8.780245,41.039997,41.0,46.0,41.0,37.0,382.0
20250313T1300,8.680245,51.48,61.0,52.0,61.0,42.0,378.0
20250313T1400,7.9102454,55.079998,35.0,2.0,18.0,35.0,438.0
20250313T1500,7.170245,43.199997,39.0,0.0,13.0,39.0,358.0
20250313T1600,6.360245,42.12,49.0,0.0,16.0,49.0,241.0
20250313T1700,5.4702454,37.079998,72.0,1.0,17.0,72.0,87.0
20250313T1800,4.860245,29.88,79.0,1.0,22.0,79.0,7.0
20250313T1900,4.3402452,19.44,54.0,3.0,20.0,54.0,0.0
20250313T2000,4.150245,15.119999,57.0,1.0,17.0,57.0,0.0
20250313T2100,3.7902455,12.599999,45.0,0.0,4.0,45.0,0.0
20250313T2200,3.1702452,9.36,67.0,0.0,15.0,67.0,0.0
20250313T2300,2.8702455,9.36,66.0,4.0,9.0,66.0,0.0
20250314T0000,3.0102453,8.64,69.0,0.0,24.0,69.0,0.0
20250314T0100,3.3402452,7.2,68.0,0.0,17.0,68.0,0.0
20250314T0200,3.0102453,7.2,53.0,1.0,7.0,53.0,0.0
20250314T0300,2.8502455,7.92,51.0,23.0,0.0,51.0,0.0
20250314T0400,2.5902452,8.64,48.0,15.0,0.0,48.0,0.0
20250314T0500,2.2902455,9.0,58.0,24.0,3.0,58.0,0.0
20250314T0600,1.6402454,9.36,70.0,36.0,7.0,70.0,1.0
20250314T0700,2.6402454,13.679999,65.0,61.0,1.0,65.0,41.0
20250314T0800,3.7802453,23.039999,88.0,61.0,2.0,88.0,128.0
20250314T0900,4.920245,27.359999,82.0,71.0,7.0,82.0,296.0
20250314T1000,5.3202453,28.08,82.0,59.0,18.0,82.0,349.0
20250314T1100,6.1202455,27.359999,100.0,78.0,58.0,100.0,362.0
20250314T1200,6.630245,27.359999,91.0,87.0,57.0,91.0,375.0
20250314T1300,6.9502454,28.08,90.0,92.0,76.0,90.0,376.0
20250314T1400,6.880245,30.960001,92.0,95.0,89.0,92.0,311.0
20250314T1500,6.4902453,33.12,97.0,95.0,97.0,88.0,182.0
20250314T1600,6.1402454,33.839996,99.0,98.0,99.0,80.0,132.0
20250314T1700,5.5802455,32.399998,100.0,97.0,100.0,54.0,60.0
20250314T1800,5.1202455,28.8,100.0,85.0,100.0,41.0,6.0
20250314T1900,4.8302455,26.28,48.0,65.0,48.0,22.0,0.0
20250314T2000,4.610245,25.199999,31.0,50.0,21.0,31.0,0.0
20250314T2100,4.0802455,23.039999,37.0,63.0,14.0,37.0,0.0
20250314T2200,4.2002454,21.599998,36.0,50.0,27.0,36.0,0.0
20250314T2300,4.0702453,21.24,82.0,49.0,82.0,27.0,0.0
20250315T0000,3.8702455,20.519999,100.0,82.0,100.0,54.0,0.0
20250315T0100,3.9202452,21.24,100.0,84.0,100.0,75.0,0.0
20250315T0200,4.0802455,24.84,88.0,76.0,88.0,84.0,0.0
20250315T0300,4.0102453,26.28,90.0,86.0,90.0,81.0,0.0
20250315T0400,3.9402456,26.28,87.0,93.0,87.0,77.0,0.0
20250315T0500,3.8902454,22.68,90.0,99.0,90.0,69.0,0.0
20250315T0600,3.7602453,22.68,94.0,99.0,94.0,77.0,1.0
20250315T0700,3.9502454,28.08,96.0,99.0,96.0,74.0,23.0
20250315T0800,4.380245,37.8,96.0,98.0,96.0,72.0,74.0
20250315T0900,4.880245,39.6,80.0,90.0,80.0,56.0,136.0
20250315T1000,5.5902452,45.36,87.0,91.0,1.0,87.0,269.0
20250315T1100,6.130245,41.399998,95.0,78.0,7.0,95.0,252.0
20250315T1200,6.420245,40.32,100.0,78.0,43.0,100.0,240.0
20250315T1300,6.540245,41.760002,83.0,87.0,45.0,83.0,257.0
20250315T1400,6.630245,34.92,63.0,90.0,44.0,63.0,221.0
20250315T1500,6.8002453,43.56,95.0,91.0,51.0,95.0,234.0
20250315T1600,6.860245,42.839996,84.0,91.0,52.0,84.0,136.0
20250315T1700,6.7002454,37.079998,80.0,86.0,37.0,80.0,51.0
20250315T1800,6.500245,33.12,84.0,87.0,44.0,84.0,6.0
20250315T1900,6.150245,29.16,80.0,86.0,52.0,80.0,0.0
20250315T2000,5.9502454,25.199999,86.0,89.0,67.0,86.0,0.0
20250315T2100,5.7402453,22.319998,85.0,80.0,62.0,85.0,0.0
20250315T2200,5.500245,19.08,49.0,74.0,35.0,49.0,0.0
20250315T2300,5.400245,18.0,73.0,72.0,50.0,73.0,0.0
20250316T0000,4.9302454,16.199999,91.0,79.0,66.0,91.0,0.0
20250316T0100,4.960245,15.119999,79.0,62.0,44.0,79.0,0.0
20250316T0200,4.9102454,15.4800005,90.0,76.0,54.0,90.0,0.0
20250316T0300,4.690245,15.4800005,89.0,75.0,53.0,89.0,0.0
20250316T0400,4.6402454,16.199999,97.0,89.0,76.0,97.0,0.0
20250316T0500,4.5802455,16.919998,97.0,70.0,87.0,97.0,0.0
20250316T0600,4.4602456,16.56,98.0,27.0,83.0,98.0,1.0
20250316T0700,4.4102454,18.359999,99.0,37.0,89.0,99.0,14.0
20250316T0800,4.380245,20.16,99.0,48.0,86.0,99.0,52.0
20250316T0900,4.5802455,22.319998,100.0,46.0,90.0,100.0,115.0
20250316T1000,4.900245,23.759998,99.0,34.0,83.0,99.0,151.0
20250316T1100,5.150245,24.48,94.0,38.0,88.0,94.0,209.0
20250316T1200,5.3102455,23.759998,93.0,46.0,91.0,93.0,224.0
20250316T1300,5.3002453,23.759998,90.0,69.0,90.0,78.0,251.0
20250316T1400,4.9902453,24.119999,93.0,69.0,93.0,88.0,181.0
20250316T1500,4.750245,24.48,95.0,69.0,95.0,86.0,92.0
20250316T1600,4.7202454,20.519999,95.0,50.0,95.0,73.0,54.0
20250316T1700,4.5402455,16.919998,98.0,35.0,98.0,64.0,25.0
20250316T1800,4.400245,13.32,98.0,13.0,98.0,72.0,3.0
20250316T1900,4.2102456,9.72,97.0,2.0,97.0,73.0,0.0
20250316T2000,4.1902456,6.8399997,99.0,2.0,99.0,83.0,0.0
20250316T2100,4.2902455,6.12,87.0,1.0,87.0,83.0,0.0
20250316T2200,4.360245,5.7599998,97.0,24.0,97.0,79.0,0.0
20250316T2300,4.2702456,5.7599998,95.0,0.0,95.0,93.0,0.0
20250317T0000,4.4502454,6.12,96.0,0.0,93.0,96.0,0.0
20250317T0100,4.4902453,6.12,90.0,0.0,79.0,90.0,0.0
20250317T0200,4.3402452,6.12,78.0,0.0,66.0,78.0,0.0
20250317T0300,3.9102454,6.8399997,70.0,0.0,50.0,70.0,0.0
20250317T0400,3.9402456,7.2,70.0,0.0,23.0,70.0,0.0
20250317T0500,3.0502453,9.36,66.0,0.0,16.0,66.0,0.0
20250317T0600,3.0402455,10.440001,63.0,0.0,9.0,63.0,2.0
20250317T0700,3.4102454,19.8,62.0,0.0,5.0,62.0,68.0
20250317T0800,4.4902453,21.24,58.0,0.0,1.0,58.0,178.0
20250317T0900,5.9902453,26.64,35.0,0.0,2.0,35.0,322.0
20250317T1000,7.290245,29.88,61.0,0.0,0.0,61.0,432.0
20250317T1100,8.330246,31.68,63.0,0.0,0.0,63.0,525.0
20250317T1200,9.280245,34.2,40.0,0.0,0.0,40.0,593.0
20250317T1300,9.830245,34.56,45.0,0.0,19.0,45.0,607.0
20250317T1400,10.3102455,34.92,66.0,0.0,66.0,6.0,564.0
20250317T1500,10.180245,35.64,14.0,0.0,14.0,2.0,415.0
20250317T1600,9.780245,36.0,1.0,0.0,0.0,1.0,290.0
20250317T1700,8.580245,32.399998,2.0,0.0,1.0,2.0,131.0
20250317T1800,6.9502454,26.28,1.0,0.0,0.0,1.0,15.0
20250317T1900,5.790245,24.48,0.0,0.0,0.0,0.0,0.0
20250317T2000,4.880245,26.28,1.0,0.0,0.0,1.0,0.0
20250317T2100,4.3002453,27.0,0.0,0.0,0.0,0.0,0.0
20250317T2200,3.8002453,27.359999,0.0,0.0,0.0,0.0,0.0
20250317T2300,3.0702453,25.919998,0.0,0.0,0.0,0.0,0.0
20250318T0000,2.2502456,23.039999,0.0,0.0,0.0,0.0,0.0
20250318T0100,1.3002454,20.16,0.0,0.0,0.0,0.0,0.0
20250318T0200,0.3202454,17.64,0.0,0.0,0.0,0.0,0.0
20250318T0300,-0.49975455,17.28,0.0,0.0,0.0,0.0,0.0
20250318T0400,-0.88975465,16.919998,0.0,0.0,0.0,0.0,0.0
20250318T0500,-1.3397546,16.199999,0.0,0.0,0.0,0.0,0.0
20250318T0600,-1.2597545,15.4800005,0.0,0.0,0.0,0.0,4.0
20250318T0700,1.3002454,14.759999,0.0,0.0,0.0,0.0,102.0
20250318T0800,3.2302456,19.08,0.0,0.0,0.0,0.0,274.0
20250318T0900,4.730245,23.039999,0.0,0.0,0.0,0.0,439.0
20250318T1000,6.690245,23.759998,0.0,0.0,0.0,0.0,552.0
20250318T1100,8.110246,23.039999,0.0,0.0,0.0,0.0,661.0
20250318T1200,9.380245,21.599998,0.0,0.0,0.0,0.0,696.0
20250318T1300,10.390245,20.16,0.0,0.0,0.0,0.0,675.0
20250318T1400,11.220245,19.08,0.0,0.0,0.0,0.0,598.0
20250318T1500,11.700245,17.64,0.0,0.0,0.0,0.0,473.0
20250318T1600,11.650246,15.119999,0.0,0.0,0.0,0.0,316.0
20250318T1700,10.200245,11.159999,0.0,0.0,0.0,0.0,144.0
20250318T1800,9.230246,9.0,0.0,0.0,0.0,0.0,17.0
20250318T1900,5.360245,12.24,0.0,0.0,0.0,0.0,0.0
20250318T2000,4.0202456,11.5199995,0.0,0.0,0.0,0.0,0.0
20250318T2100,2.6102452,11.159999,0.0,0.0,0.0,0.0,0.0
20250318T2200,1.7302454,11.5199995,0.0,0.0,0.0,0.0,0.0
20250318T2300,1.0602454,11.159999,0.0,0.0,0.0,0.0,0.0
20250319T0000,0.64024544,11.5199995,0.0,0.0,0.0,0.0,0.0
20250319T0100,0.1202454,11.5199995,0.0,0.0,0.0,0.0,0.0
20250319T0200,-0.5997546,11.879999,0.0,0.0,0.0,0.0,0.0
20250319T0300,-1.0297546,11.879999,0.0,0.0,0.0,0.0,0.0
20250319T0400,-1.4797546,11.879999,0.0,0.0,0.0,0.0,0.0
20250319T0500,-1.5497545,12.24,0.0,0.0,0.0,0.0,0.0
20250319T0600,-1.2797546,12.24,0.0,0.0,0.0,0.0,5.0
20250319T0700,1.5302454,14.4,0.0,0.0,0.0,0.0,105.0
20250319T0800,4.790245,15.119999,0.0,0.0,0.0,0.0,273.0
20250319T0900,8.200246,14.4,0.0,0.0,0.0,0.0,438.0
20250319T1000,10.830245,14.4,0.0,0.0,0.0,0.0,571.0
20250319T1100,13.090245,13.679999,0.0,0.0,0.0,0.0,658.0
20250319T1200,14.790245,12.959999,0.0,0.0,0.0,0.0,693.0
20250319T1300,15.900246,13.679999,0.0,0.0,0.0,0.0,671.0
20250319T1400,16.490246,14.04,0.0,0.0,0.0,0.0,596.0
20250319T1500,16.630245,13.679999,0.0,0.0,0.0,0.0,473.0
20250319T1600,16.460245,11.879999,0.0,0.0,0.0,0.0,316.0
20250319T1700,14.870245,8.28,0.0,0.0,0.0,0.0,146.0
20250319T1800,12.770246,7.92,0.0,0.0,0.0,0.0,18.0
20250319T1900,9.130245,11.5199995,0.0,0.0,0.0,0.0,0.0
20250319T2000,6.1602454,10.799999,0.0,0.0,0.0,0.0,0.0
20250319T2100,5.3902454,11.159999,0.0,0.0,0.0,0.0,0.0
20250319T2200,4.940245,12.959999,5.0,0.0,5.0,0.0,0.0
20250319T2300,3.7502456,13.679999,11.0,0.0,11.0,2.0,0.0
20250320T0000,2.9902453,13.679999,16.0,0.0,16.0,1.0,0.0
20250320T0100,2.5202456,13.32,41.0,0.0,41.0,2.0,0.0
20250320T0200,2.1502454,12.959999,44.0,3.0,44.0,1.0,0.0
20250320T0300,2.2402453,13.32,52.0,1.0,52.0,1.0,0.0
20250320T0400,2.3702455,13.679999,56.0,4.0,56.0,0.0,0.0
20250320T0500,3.0502453,13.679999,35.0,2.0,35.0,0.0,0.0
20250320T0600,3.6802454,13.679999,1.0,1.0,1.0,0.0,4.0
20250320T0700,5.3002453,18.72,1.0,0.0,1.0,0.0,104.0
20250320T0800,7.770245,18.0,7.0,0.0,7.0,0.0,267.0
20250320T0900,11.400246,16.199999,9.0,0.0,9.0,0.0,417.0
20250320T1000,14.210245,15.4800005,0.0,0.0,0.0,0.0,527.0
20250320T1100,16.260246,16.199999,10.0,2.0,10.0,1.0,646.0
20250320T1200,17.830246,17.28,23.0,0.0,23.0,3.0,681.0
20250320T1300,19.090246,18.72,30.0,0.0,30.0,1.0,649.0
20250320T1400,19.900246,19.08,22.0,0.0,22.0,0.0,556.0
20250320T1500,19.890245,18.72,14.0,0.0,14.0,0.0,420.0
20250320T1600,19.090246,16.919998,14.0,0.0,14.0,0.0,258.0
20250320T1700,16.740246,10.799999,26.0,0.0,26.0,2.0,114.0
20250320T1800,14.080245,11.5199995,35.0,55.0,35.0,10.0,11.0
20250320T1900,11.260245,12.24,28.2,94.0,27.0,16.0,0.0
20250320T2000,9.580245,11.159999,27.6,92.0,17.0,7.0,0.0
20250320T2100,8.700245,11.5199995,25.2,84.0,15.0,3.0,0.0
20250320T2200,7.3502455,11.879999,28.2,94.0,6.0,1.0,0.0
20250320T2300,6.8402452,12.599999,28.500002,95.0,4.0,0.0,0.0
20250321T0000,6.5902452,13.32,29.7,99.0,1.0,2.0,0.0
20250321T0100,6.270245,13.679999,29.1,97.0,0.0,0.0,0.0
20250321T0200,6.0702453,14.04,27.6,92.0,0.0,0.0,0.0
20250321T0300,5.7602453,14.04,29.400002,98.0,0.0,0.0,0.0
20250321T0400,5.5602455,14.4,30.000002,100.0,11.0,1.0,0.0
20250321T0500,5.790245,14.4,30.000002,100.0,24.0,0.0,0.0
20250321T0600,6.400245,15.119999,74.0,100.0,74.0,1.0,5.0
20250321T0700,7.6202455,16.919998,66.0,98.0,66.0,4.0,57.0
20250321T0800,9.5602455,17.64,70.0,100.0,70.0,0.0,151.0
20250321T0900,11.600245,17.64,73.0,100.0,73.0,2.0,287.0
20250321T1000,13.590245,19.08,30.000002,100.0,2.0,2.0,391.0
20250321T1100,15.720245,22.319998,30.000002,100.0,5.0,0.0,470.0
20250321T1200,17.560246,25.199999,42.0,99.0,42.0,1.0,571.0
20250321T1300,18.590246,25.919998,51.0,100.0,51.0,0.0,546.0
20250321T1400,19.010244,25.919998,59.0,100.0,59.0,0.0,446.0
20250321T1500,19.070246,24.84,47.0,99.0,47.0,0.0,297.0
20250321T1600,18.430244,20.519999,30.000002,100.0,9.0,0.0,199.0
20250321T1700,16.800245,21.96,29.400002,98.0,20.0,0.0,68.0
20250321T1800,15.130245,24.84,30.0,93.0,30.0,0.0,10.0
20250321T1900,14.110246,23.759998,29.400002,98.0,4.0,0.0,0.0
20250321T2000,13.220245,23.039999,29.400002,98.0,10.0,0.0,0.0
20250321T2100,12.510245,18.72,30.000002,100.0,14.0,0.0,0.0
20250321T2200,11.550245,17.64,30.000002,100.0,11.0,0.0,0.0
20250321T2300,11.230246,15.84,38.0,100.0,38.0,0.0,0.0
20250322T0000,11.240245,14.759999,85.0,100.0,85.0,0.0,0.0
20250322T0100,11.260245,15.119999,99.0,100.0,99.0,0.0,0.0
20250322T0200,10.890245,15.84,100.0,100.0,100.0,0.0,0.0
20250322T0300,10.580245,15.84,92.0,95.0,92.0,0.0,0.0
20250322T0400,9.790245,11.879999,56.0,83.0,56.0,0.0,0.0
20250322T0500,9.250245,11.879999,49.0,65.0,49.0,3.0,0.0
20250322T0600,9.700245,10.799999,73.0,40.0,73.0,4.0,7.0
20250322T0700,11.300245,13.679999,30.0,15.0,30.0,0.0,85.0
20250322T0800,14.520246,14.4,13.0,36.0,13.0,0.0,228.0
20250322T0900,16.490246,14.4,28.0,76.0,28.0,0.0,404.0
20250322T1000,18.090246,15.119999,20.1,67.0,18.0,0.0,500.0
20250322T1100,19.150246,19.8,18.300001,61.0,13.0,0.0,599.0
20250322T1200,19.440245,21.24,35.0,43.0,35.0,0.0,510.0
20250322T1300,19.870245,24.119999,71.0,38.0,71.0,0.0,520.0
20250322T1400,19.830246,19.08,18.0,60.0,13.0,0.0,436.0
20250322T1500,20.020245,20.880001,21.900002,73.0,4.0,0.0,389.0
20250322T1600,19.410246,21.24,27.900002,93.0,19.0,0.0,279.0
20250322T1700,17.390245,16.199999,24.0,80.0,24.0,0.0,132.0
20250322T1800,14.720245,13.32,33.0,69.0,33.0,0.0,18.0
20250322T1900,13.590245,17.28,46.0,65.0,46.0,0.0,0.0
20250322T2000,12.480246,15.4800005,68.0,89.0,68.0,0.0,0.0
20250322T2100,11.860246,14.4,43.0,91.0,43.0,0.0,0.0
20250322T2200,11.290245,12.24,30.0,91.0,30.0,0.0,0.0
20250322T2300,10.830245,10.799999,32.0,95.0,32.0,0.0,0.0
20250323T0000,10.780245,12.599999,27.900002,93.0,4.0,0.0,0.0
20250323T0100,10.180245,17.64,29.400002,98.0,4.0,0.0,0.0
20250323T0200,9.940246,23.759998,29.7,99.0,7.0,4.0,0.0
20250323T0300,10.230246,25.199999,37.0,100.0,7.0,37.0,0.0
20250323T0400,10.460245,25.199999,67.0,100.0,37.0,67.0,0.0
20250323T0500,10.460245,23.4,93.0,100.0,67.0,93.0,0.0
20250323T0600,9.900246,18.0,89.0,100.0,82.0,89.0,2.0
20250323T0700,9.820246,11.5199995,83.0,98.0,83.0,55.0,23.0
20250323T0800,10.390245,15.84,84.0,83.0,84.0,12.0,45.0
20250323T0900,11.520246,21.599998,84.0,68.0,84.0,17.0,144.0
20250323T1000,12.190246,25.56,75.0,92.0,75.0,31.0,280.0
20250323T1100,13.430245,26.28,60.0,75.0,60.0,27.0,424.0
20250323T1200,14.400246,27.0,31.0,86.0,31.0,26.0,335.0
20250323T1300,15.0602455,25.919998,28.0,86.0,27.0,28.0,396.0
20250323T1400,15.570246,24.119999,18.0,57.0,18.0,8.0,364.0
20250323T1500,15.790245,19.08,18.900002,63.0,11.0,4.0,299.0
20250323T1600,15.630245,14.759999,22.800001,76.0,6.0,9.0,220.0
20250323T1700,15.150246,10.799999,25.500002,85.0,15.0,4.0,91.0
20250323T1800,14.230246,5.3999996,27.300001,91.0,14.0,9.0,16.0
20250323T1900,12.040245,10.08,32.0,95.0,32.0,1.0,0.0
20250323T2000,10.670245,11.5199995,40.0,98.0,40.0,7.0,0.0
20250323T2100,9.270246,11.159999,56.0,93.0,56.0,11.0,0.0
20250323T2200,10.380245,8.64,32.0,96.0,23.0,32.0,0.0
20250323T2300,9.230246,7.2,44.0,94.0,42.0,44.0,0.0
20250324T0000,8.170245,7.5599995,61.0,98.0,61.0,13.0,0.0
20250324T0100,8.140245,7.5599995,59.0,97.0,59.0,7.0,0.0
20250324T0200,7.770245,7.92,46.0,97.0,46.0,27.0,0.0
20250324T0300,7.7202454,7.92,57.0,97.0,57.0,35.0,0.0
20250324T0400,7.360245,7.92,65.0,98.0,65.0,23.0,0.0
20250324T0500,7.2002454,8.28,69.0,98.0,69.0,40.0,0.0
20250324T0600,7.690245,7.2,86.0,97.0,86.0,59.0,7.0
20250324T0700,8.630245,6.8399997,91.0,95.0,91.0,71.0,56.0
20250324T0800,10.130245,8.28,81.0,92.0,81.0,1.0,125.0
20250324T0900,11.470245,12.959999,53.0,81.0,53.0,6.0,255.0
20250324T1000,12.870245,17.64,90.0,93.0,90.0,5.0,388.0
20250324T1100,13.8102455,21.96,69.0,88.0,69.0,11.0,547.0
20250324T1200,14.660245,25.56,23.1,77.0,7.0,16.0,593.0
20250324T1300,15.020246,27.0,20.400002,68.0,20.0,14.0,538.0
20250324T1400,14.650246,27.359999,47.0,46.0,47.0,14.0,371.0
20250324T1500,14.420245,27.359999,31.0,71.0,31.0,29.0,294.0
20250324T1600,14.540245,26.28,52.0,81.0,52.0,11.0,201.0
20250324T1700,13.680245,19.08,29.0,72.0,29.0,7.0,86.0
20250324T1800,12.480246,12.24,28.0,79.0,28.0,7.0,16.0
20250324T1900,11.490245,12.599999,39.0,79.0,39.0,17.0,0.0
20250324T2000,12.070246,10.440001,48.0,64.0,48.0,21.0,0.0
20250324T2100,11.610246,7.5599995,43.0,31.0,43.0,13.0,0.0
20250324T2200,9.640245,7.5599995,35.0,52.0,35.0,14.0,0.0
20250324T2300,8.650246,8.64,44.0,42.0,44.0,8.0,0.0
20250325T0000,8.400246,8.28,30.0,34.0,30.0,12.0,0.0
20250325T0100,7.7802453,7.5599995,35.0,38.0,35.0,7.0,0.0
20250325T0200,7.5102453,7.5599995,18.0,16.0,18.0,3.0,0.0
20250325T0300,7.290245,7.5599995,23.0,8.0,23.0,3.0,0.0
20250325T0400,6.8302455,8.28,35.0,5.0,35.0,3.0,0.0
20250325T0500,6.230245,9.36,21.0,1.0,21.0,8.0,0.0
20250325T0600,6.3502455,10.440001,9.0,0.0,6.0,9.0,10.0
20250325T0700,7.920245,12.959999,11.0,2.0,11.0,8.0,125.0
20250325T0800,10.540245,14.04,9.0,1.0,9.0,9.0,240.0
20250325T0900,12.580245,15.4800005,22.0,1.0,22.0,12.0,400.0
20250325T1000,14.040245,24.48,47.0,9.0,47.0,27.0,522.0
20250325T1100,14.990245,25.199999,19.0,1.0,19.0,14.0,591.0
20250325T1200,14.960245,25.919998,36.0,3.0,33.0,36.0,436.0
20250325T1300,15.170245,25.199999,33.0,17.0,33.0,8.0,577.0
20250325T1400,15.0602455,24.119999,44.0,17.0,44.0,28.0,363.0
20250325T1500,15.120245,21.24,41.0,7.0,41.0,22.0,327.0
20250325T1600,14.620245,19.44,30.0,7.0,30.0,28.0,291.0
20250325T1700,13.490245,22.319998,35.0,5.0,35.0,25.0,130.0
20250325T1800,11.790245,18.359999,61.0,14.0,61.0,33.0,21.0
20250325T1900,10.770246,14.04,72.0,30.0,72.0,21.0,0.0
20250325T2000,11.380245,10.440001,82.0,25.0,82.0,18.0,0.0
20250325T2100,11.500245,7.5599995,90.0,27.0,90.0,18.0,0.0
20250325T2200,10.170245,7.5599995,92.0,74.0,92.0,7.0,0.0
20250325T2300,10.090245,7.5599995,83.0,63.0,83.0,5.0,0.0
20250326T0000,9.460245,7.2,91.0,54.0,91.0,6.0,0.0
20250326T0100,9.670245,7.5599995,91.0,56.0,91.0,19.0,0.0
20250326T0200,9.630245,9.0,92.0,66.0,92.0,20.0,0.0
20250326T0300,9.420245,10.440001,93.0,80.0,93.0,28.0,0.0
20250326T0400,9.190246,11.5199995,98.0,89.0,98.0,33.0,0.0
20250326T0500,7.9902453,11.159999,96.0,66.0,96.0,31.0,0.0
20250326T0600,7.650245,10.440001,97.0,66.0,97.0,38.0,9.0
20250326T0700,9.150246,10.08,93.0,53.0,93.0,27.0,81.0
20250326T0800,10.280245,14.04,99.0,60.0,99.0,19.0,176.0
20250326T0900,11.280245,18.72,97.0,68.0,97.0,20.0,260.0
20250326T1000,11.970245,22.319998,95.0,72.0,95.0,16.0,324.0
20250326T1100,12.530245,25.56,97.0,80.0,97.0,26.0,339.0
20250326T1200,12.300245,28.08,89.0,53.0,89.0,33.0,337.0
20250326T1300,11.840245,29.88,93.0,44.0,93.0,35.0,284.0
20250326T1400,11.380245,31.68,92.0,63.0,92.0,48.0,300.0
20250326T1500,11.040245,31.319998,94.0,61.0,94.0,73.0,174.0
20250326T1600,10.640245,29.16,81.0,64.0,81.0,41.0,113.0
20250326T1700,10.120245,28.08,67.0,5.0,57.0,67.0,62.0
20250326T1800,9.690246,27.359999,83.0,0.0,33.0,83.0,10.0
20250326T1900,9.400246,23.039999,85.0,0.0,46.0,85.0,0.0
20250326T2000,9.150246,23.039999,97.0,0.0,45.0,97.0,0.0
20250326T2100,8.950245,23.4,98.0,0.0,47.0,98.0,0.0
20250326T2200,8.730246,23.759998,89.0,0.0,47.0,89.0,0.0
20250326T2300,8.580245,23.039999,80.0,0.0,31.0,80.0,0.0
20250327T0000,8.400246,21.96,94.0,0.0,0.0,94.0,0.0
20250327T0100,8.140245,21.24,95.0,0.0,0.0,95.0,0.0
20250327T0200,7.7002454,20.519999,95.0,0.0,0.0,95.0,0.0
20250327T0300,7.2602453,19.8,90.0,0.0,1.0,90.0,0.0
20250327T0400,6.920245,19.8,88.0,0.0,5.0,88.0,0.0
20250327T0500,6.7402453,20.16,79.0,0.0,6.0,79.0,0.0
20250327T0600,6.9302454,19.44,70.0,0.0,3.0,70.0,8.0
20250327T0700,7.940245,19.8,65.0,0.0,4.0,65.0,81.0
20250327T0800,9.180245,24.84,76.0,0.0,1.0,76.0,193.0
20250327T0900,10.270246,30.599998,83.0,0.0,1.0,83.0,327.0
20250327T1000,11.160245,31.319998,69.0,0.0,0.0,69.0,302.0
20250327T1100,12.120245,32.039997,73.0,0.0,0.0,73.0,407.0
20250327T1200,12.710245,32.399998,76.0,0.0,0.0,76.0,444.0
20250327T1300,13.300245,31.68,66.0,0.0,9.0,66.0,497.0
20250327T1400,13.710245,30.599998,65.0,0.0,16.0,65.0,535.0
20250327T1500,13.890245,30.239998,69.0,0.0,15.0,69.0,461.0
20250327T1600,13.550245,28.8,37.0,0.0,14.0,37.0,272.0
20250327T1700,12.430245,26.28,28.0,0.0,12.0,28.0,170.0
20250327T1800,9.650246,18.72,28.0,0.0,3.0,28.0,32.0
20250327T1900,8.390245,19.8,30.0,0.0,1.0,30.0,0.0
20250327T2000,7.6602454,16.199999,40.0,0.0,1.0,40.0,0.0
20250327T2100,6.6002455,16.199999,34.0,0.0,0.0,34.0,0.0
20250327T2200,5.730245,15.4800005,22.0,0.0,0.0,22.0,0.0
20250327T2300,5.8702455,13.32,13.0,0.0,0.0,13.0,0.0
20250328T0000,4.900245,12.24,15.0,0.0,0.0,15.0,0.0
20250328T0100,4.3902454,10.799999,3.0,0.0,0.0,3.0,0.0
20250328T0200,4.1902456,10.08,3.0,0.0,0.0,3.0,0.0
20250328T0300,4.0802455,9.0,10.0,0.0,1.0,10.0,0.0
20250328T0400,4.0202456,8.64,11.0,0.0,0.0,11.0,0.0
20250328T0500,3.0802455,9.36,7.0,0.0,0.0,7.0,0.0
20250328T0600,2.9502454,10.08,2.0,0.0,0.0,2.0,20.0
20250328T0700,5.610245,11.159999,3.0,0.0,0.0,3.0,147.0
20250328T0800,8.010245,11.159999,4.0,0.0,1.0,4.0,321.0
20250328T0900,9.770246,12.24,8.0,0.0,0.0,8.0,470.0
20250328T1000,11.190246,13.679999,64.0,0.0,0.0,64.0,592.0
20250328T1100,12.080245,14.759999,72.0,0.0,0.0,72.0,648.0
20250328T1200,13.300245,15.4800005,76.0,0.0,0.0,76.0,668.0
20250328T1300,14.020246,16.919998,77.0,0.0,0.0,77.0,660.0
20250328T1400,14.530245,18.359999,87.0,14.0,3.0,87.0,559.0
20250328T1500,14.870245,18.359999,94.0,42.0,48.0,94.0,408.0
20250328T1600,14.720245,16.919998,84.0,61.0,60.0,84.0,203.0
20250328T1700,14.020246,10.440001,72.0,67.0,58.0,72.0,79.0
20250328T1800,14.000245,5.7599998,67.0,0.0,67.0,58.0,18.0
20250328T1900,11.020246,12.24,66.0,0.0,66.0,49.0,0.0
20250328T2000,10.180245,11.5199995,61.0,4.0,61.0,49.0,0.0
20250328T2100,9.740245,12.599999,62.0,6.0,62.0,51.0,0.0
20250328T2200,9.640245,14.04,64.0,39.0,64.0,57.0,0.0
20250328T2300,9.500245,15.4800005,70.0,52.0,70.0,63.0,0.0
20250329T0000,9.260245,15.119999,75.0,20.0,75.0,56.0,0.0
20250329T0100,8.850245,13.679999,73.0,9.0,73.0,50.0,0.0
20250329T0200,8.630245,13.32,65.0,41.0,65.0,47.0,0.0
20250329T0300,8.380245,12.599999,79.0,85.0,79.0,40.0,0.0
20250329T0400,8.300245,11.5199995,95.0,98.0,95.0,48.0,0.0
20250329T0500,8.240246,11.159999,98.0,98.0,98.0,28.0,0.0
20250329T0600,8.410246,12.599999,100.0,100.0,100.0,28.0,7.0
20250329T0700,8.540245,18.0,96.0,95.0,96.0,43.0,44.0
20250329T0800,8.390245,26.64,96.0,84.0,96.0,69.0,71.0
20250329T0900,8.490246,32.760002,100.0,8.0,60.0,100.0,97.0
20250329T1000,9.200245,35.28,99.0,98.0,77.0,99.0,136.0
20250329T1100,10.080245,37.44,94.0,94.0,23.0,94.0,216.0
20250329T1200,10.600245,37.079998,100.0,72.0,15.0,100.0,202.0
20250329T1300,10.990245,38.519997,87.0,43.0,45.0,87.0,233.0
20250329T1400,11.320246,39.6,70.0,51.0,48.0,70.0,237.0
20250329T1500,11.190246,39.239998,53.0,54.0,50.0,53.0,206.0
20250329T1600,11.120245,39.239998,39.0,8.0,29.0,39.0,200.0
20250329T1700,10.910245,36.36,22.0,0.0,11.0,22.0,88.0
20250329T1800,10.540245,29.88,38.0,0.0,29.0,38.0,20.0
20250329T1900,9.580245,19.08,46.0,1.0,46.0,46.0,0.0
20250329T2000,8.260245,15.119999,40.0,0.0,33.0,40.0,0.0
20250329T2100,7.1202455,14.04,15.0,0.0,12.0,15.0,0.0
20250329T2200,6.110245,14.4,13.0,0.0,13.0,4.0,0.0
20250329T2300,5.250245,15.119999,1.0,0.0,1.0,0.0,0.0
20250330T0000,5.920245,14.759999,0.0,0.0,0.0,0.0,0.0
20250330T0100,5.650245,12.24,5.0,0.0,0.0,5.0,0.0
20250330T0200,5.250245,10.08,21.0,4.0,0.0,21.0,0.0
20250330T0300,5.0602455,10.08,17.0,32.0,0.0,17.0,0.0
20250330T0400,4.7002454,7.92,10.0,21.0,0.0,10.0,0.0
20250330T0500,3.1802454,8.28,21.300001,71.0,0.0,8.0,0.0
20250330T0600,2.7402453,9.72,17.400002,58.0,1.0,1.0,25.0
20250330T0700,5.7802453,12.959999,5.0,1.0,5.0,0.0,159.0
20250330T0800,8.8102455,15.4800005,11.1,37.0,1.0,1.0,338.0
20250330T0900,11.160245,22.319998,5.1000004,17.0,0.0,0.0,510.0
20250330T1000,12.760245,28.8,8.1,27.0,6.0,7.0,646.0
20250330T1100,13.940246,32.039997,22.0,16.0,22.0,20.0,724.0
20250330T1200,14.540245,34.56,40.0,1.0,40.0,36.0,571.0
20250330T1300,14.530245,35.64,60.0,72.0,44.0,60.0,390.0
20250330T1400,14.380245,36.0,68.0,72.0,45.0,68.0,280.0
20250330T1500,13.750245,35.28,86.0,82.0,81.0,86.0,171.0
20250330T1600,13.110246,33.48,81.0,20.0,62.0,81.0,72.0
20250330T1700,12.5602455,30.239998,89.0,10.0,33.0,89.0,38.0
20250330T1800,11.890245,30.239998,99.0,0.0,13.0,99.0,7.0
20250330T1900,10.860246,29.519999,93.0,0.0,16.0,93.0,0.0
20250330T2000,9.980246,27.0,72.0,0.0,13.0,72.0,0.0
20250330T2100,9.570246,23.759998,79.0,0.0,16.0,79.0,0.0
20250330T2200,9.530245,22.319998,65.0,0.0,65.0,21.0,0.0
20250330T2300,8.970245,21.96,48.0,0.0,48.0,16.0,0.0
20250331T0000,8.660245,18.359999,37.0,0.0,37.0,12.0,0.0
20250331T0100,8.510245,15.4800005,13.0,0.0,13.0,12.0,0.0
20250331T0200,7.750245,15.84,4.0,0.0,3.0,4.0,0.0
20250331T0300,7.3402452,16.199999,5.0,0.0,0.0,5.0,0.0
20250331T0400,7.4702454,16.199999,12.0,0.0,0.0,12.0,0.0
20250331T0500,7.3402452,15.4800005,21.0,0.0,0.0,21.0,0.0
20250331T0600,7.3902454,14.04,25.0,0.0,0.0,25.0,16.0
20250331T0700,8.410246,14.759999,29.0,0.0,0.0,29.0,148.0
20250331T0800,9.5602455,24.119999,51.0,0.0,0.0,51.0,284.0
20250331T0900,10.120245,29.16,83.0,0.0,0.0,83.0,399.0
20250331T1000,10.570246,29.519999,80.0,0.0,0.0,80.0,456.0
20250331T1100,11.050245,29.16,79.0,0.0,0.0,79.0,502.0
20250331T1200,11.370245,30.239998,89.0,0.0,1.0,89.0,511.0
20250331T1300,11.610246,30.599998,87.0,0.0,0.0,87.0,467.0
20250331T1400,11.770246,30.599998,91.0,0.0,0.0,91.0,419.0
20250331T1500,11.860246,30.599998,86.0,0.0,0.0,86.0,382.0
20250331T1600,11.450245,30.239998,73.0,0.0,12.0,73.0,253.0
20250331T1700,10.670245,29.16,52.0,0.0,12.0,52.0,136.0
20250331T1800,9.360246,26.28,45.0,0.0,24.0,45.0,30.0
20250331T1900,8.260245,22.68,31.0,0.0,25.0,31.0,0.0
20250331T2000,7.750245,20.519999,29.0,0.0,21.0,29.0,0.0
20250331T2100,7.110245,19.08,24.0,0.0,23.0,24.0,0.0
20250331T2200,5.670245,18.359999,27.0,0.0,21.0,27.0,0.0
20250331T2300,4.8702455,18.0,0.0,0.0,0.0,0.0,0.0
20250401T0000,4.2002454,18.0,0.0,0.0,0.0,0.0,0.0
20250401T0100,3.6302452,18.0,0.0,0.0,0.0,0.0,0.0
20250401T0200,3.0902452,18.359999,0.0,0.0,0.0,0.0,0.0
20250401T0300,2.8902454,18.72,0.0,0.0,0.0,0.0,0.0
20250401T0400,2.6902456,18.72,0.0,0.0,0.0,0.0,0.0
20250401T0500,2.8402452,19.44,0.0,0.0,0.0,0.0,0.0
20250401T0600,4.3202453,20.16,6.0,0.0,0.0,6.0,30.0
20250401T0700,7.170245,27.359999,27.0,0.0,0.0,27.0,176.0
20250401T0800,8.830245,38.16,58.0,0.0,0.0,58.0,311.0
20250401T0900,9.940246,49.32,82.0,0.0,1.0,82.0,433.0
20250401T1000,10.690246,53.28,40.0,0.0,40.0,20.0,522.0
20250401T1100,11.340245,53.28,30.0,0.0,30.0,3.0,506.0
20250401T1200,11.550245,56.88,23.0,0.0,23.0,11.0,538.0
20250401T1300,12.100245,62.279995,22.0,0.0,22.0,12.0,562.0
20250401T1400,12.230246,64.799995,30.0,0.0,30.0,9.0,551.0
20250401T1500,12.390245,61.920002,15.0,0.0,14.0,15.0,501.0
20250401T1600,12.160245,62.279995,15.0,6.0,6.0,15.0,341.0
20250401T1700,11.510245,53.639996,8.1,27.0,3.0,4.0,186.0
20250401T1800,10.740245,50.76,13.500001,45.0,7.0,1.0,39.0
20250401T1900,10.290245,47.88,11.400001,38.0,2.0,1.0,0.0
20250401T2000,9.990245,46.8,3.3000002,11.0,0.0,1.0,0.0
20250401T2100,9.5602455,43.199997,0.3,1.0,0.0,0.0,0.0
20250401T2200,9.250245,40.32,13.8,46.0,0.0,0.0,0.0
20250401T2300,8.780245,37.8,17.400002,58.0,0.0,0.0,0.0
20250402T0000,8.220245,34.2,18.300001,61.0,4.0,0.0,0.0
20250402T0100,7.2802453,28.8,3.3000002,11.0,0.0,0.0,0.0
20250402T0200,5.8702455,23.039999,1.5,5.0,0.0,0.0,0.0
20250402T0300,5.7202454,19.8,3.0,8.0,3.0,0.0,0.0
20250402T0400,5.7802453,17.64,18.0,60.0,4.0,0.0,0.0
20250402T0500,5.0102453,16.199999,27.6,92.0,0.0,0.0,0.0
20250402T0600,5.0602455,16.199999,29.0,96.0,29.0,1.0,33.0
20250402T0700,7.980245,16.919998,29.400002,98.0,14.0,0.0,131.0
20250402T0800,10.280245,20.519999,28.2,94.0,22.0,0.0,244.0
20250402T0900,12.160245,25.56,29.400002,98.0,27.0,0.0,375.0
20250402T1000,13.660245,28.44,12.900001,43.0,1.0,0.0,575.0
20250402T1100,15.3102455,28.8,2.4,8.0,0.0,0.0,691.0
20250402T1200,16.820246,29.16,1.0,0.0,1.0,0.0,751.0
20250402T1300,18.020245,29.16,0.6,2.0,0.0,0.0,738.0
20250402T1400,18.930244,29.88,0.3,1.0,0.0,0.0,656.0
20250402T1500,19.400246,30.239998,0.0,0.0,0.0,0.0,532.0
20250402T1600,19.090246,30.239998,0.3,1.0,0.0,0.0,373.0
20250402T1700,17.680244,27.72,0.3,1.0,0.0,0.0,196.0
20250402T1800,15.520246,23.4,0.90000004,3.0,0.0,0.0,47.0
20250402T1900,13.960245,23.4,0.3,1.0,0.0,0.0,0.0
20250402T2000,12.760245,23.039999,0.0,0.0,0.0,0.0,0.0
20250402T2100,11.210245,19.44,0.0,0.0,0.0,0.0,0.0
20250402T2200,9.300245,15.4800005,0.0,0.0,0.0,0.0,0.0
20250402T2300,8.370246,14.04,0.0,0.0,0.0,0.0,0.0
20250403T0000,7.500245,12.959999,0.0,0.0,0.0,0.0,0.0
20250403T0100,6.440245,12.24,0.0,0.0,0.0,0.0,0.0
20250403T0200,5.420245,11.5199995,0.0,0.0,0.0,0.0,0.0
20250403T0300,4.9102454,10.799999,0.0,0.0,0.0,0.0,0.0
20250403T0400,4.4302454,9.72,0.0,0.0,0.0,0.0,0.0
20250403T0500,3.7402453,9.0,7.5000005,25.0,0.0,0.0,0.0
20250403T0600,5.1202455,9.0,19.5,65.0,0.0,0.0,36.0
20250403T0700,8.550245,11.879999,25.500002,85.0,0.0,0.0,172.0
20250403T0800,11.690246,11.5199995,26.1,87.0,4.0,0.0,347.0
20250403T0900,13.760245,14.4,18.300001,61.0,6.0,0.0,502.0
20250403T1000,15.650246,15.84,12.3,41.0,3.0,0.0,626.0
20250403T1100,17.170246,16.919998,8.700001,29.0,0.0,0.0,726.0
20250403T1200,18.420246,18.0,1.5,5.0,0.0,0.0,750.0
20250403T1300,19.500246,18.72,0.0,0.0,0.0,0.0,729.0
20250403T1400,20.220245,19.44,0.0,0.0,0.0,0.0,661.0
20250403T1500,20.490246,20.16,0.0,0.0,0.0,0.0,537.0
20250403T1600,20.370245,19.8,0.0,0.0,0.0,0.0,379.0
20250403T1700,18.830246,18.359999,0.0,0.0,0.0,0.0,204.0
20250403T1800,15.150246,14.4,0.0,0.0,0.0,0.0,50.0
20250403T1900,15.070246,15.119999,0.0,0.0,0.0,0.0,0.0
20250403T2000,12.960245,12.959999,0.0,0.0,0.0,0.0,0.0
20250403T2100,9.700245,12.959999,0.0,0.0,0.0,0.0,0.0
20250403T2200,8.740245,12.959999,0.0,0.0,0.0,0.0,0.0
20250403T2300,7.3302455,12.599999,0.0,0.0,0.0,0.0,0.0
20250404T0000,6.520245,11.879999,0.0,0.0,0.0,0.0,0.0
20250404T0100,5.8002453,11.5199995,0.0,0.0,0.0,0.0,0.0
20250404T0200,5.0502453,11.159999,0.0,0.0,0.0,0.0,0.0
20250404T0300,4.5302453,11.159999,0.0,0.0,0.0,0.0,0.0
20250404T0400,4.1902456,11.159999,0.0,0.0,0.0,0.0,0.0
20250404T0500,4.0002456,11.5199995,0.0,0.0,0.0,0.0,0.0
20250404T0600,5.3902454,12.24,0.0,0.0,0.0,0.0,41.0
20250404T0700,9.520246,13.679999,0.0,0.0,0.0,0.0,194.0
20250404T0800,13.090245,14.04,0.0,0.0,0.0,0.0,372.0
20250404T0900,15.610246,14.04,0.0,0.0,0.0,0.0,536.0
20250404T1000,17.530245,15.84,0.0,0.0,0.0,0.0,665.0
20250404T1100,19.060246,16.56,0.0,0.0,0.0,0.0,747.0
20250404T1200,20.380245,17.64,0.0,0.0,0.0,0.0,775.0
20250404T1300,21.200245,18.72,0.0,0.0,0.0,0.0,748.0
20250404T1400,21.820246,19.08,0.0,0.0,0.0,0.0,668.0
20250404T1500,22.130245,19.44,0.0,0.0,0.0,0.0,543.0
20250404T1600,21.790245,18.72,0.0,0.0,0.0,0.0,384.0
20250404T1700,20.290245,16.919998,0.0,0.0,0.0,0.0,208.0
20250404T1800,16.750246,14.04,0.0,0.0,0.0,0.0,53.0
20250404T1900,16.080246,15.4800005,0.0,0.0,0.0,0.0,0.0
20250404T2000,14.760245,13.679999,0.0,0.0,0.0,0.0,0.0
20250404T2100,10.670245,13.679999,0.0,0.0,0.0,0.0,0.0
20250404T2200,9.180245,12.959999,0.0,0.0,0.0,0.0,0.0
20250404T2300,8.190246,12.599999,0.0,0.0,0.0,0.0,0.0
20250405T0000,7.110245,11.879999,0.0,0.0,0.0,0.0,0.0
20250405T0100,6.0602455,11.879999,0.0,0.0,0.0,0.0,0.0
20250405T0200,5.2002454,11.879999,0.0,0.0,0.0,0.0,0.0
20250405T0300,4.670245,11.5199995,0.0,0.0,0.0,0.0,0.0
20250405T0400,4.5302453,11.5199995,0.0,0.0,0.0,0.0,0.0
20250405T0500,4.0502453,10.440001,0.0,0.0,0.0,0.0,0.0
20250405T0600,5.960245,10.440001,0.0,0.0,0.0,0.0,44.0
20250405T0700,10.200245,13.32,0.0,0.0,0.0,0.0,199.0
20250405T0800,13.720245,12.959999,0.0,0.0,0.0,0.0,377.0
20250405T0900,16.250246,12.959999,0.0,0.0,0.0,0.0,540.0
20250405T1000,18.280245,14.4,0.0,0.0,0.0,0.0,669.0
20250405T1100,19.850245,16.199999,0.0,0.0,0.0,0.0,752.0
20250405T1200,20.740246,19.44,0.0,0.0,0.0,0.0,781.0
20250405T1300,21.570246,21.24,0.0,0.0,0.0,0.0,755.0
20250405T1400,21.940245,22.319998,0.0,0.0,0.0,0.0,676.0
20250405T1500,22.010244,23.759998,0.6,2.0,0.0,0.0,551.0
20250405T1600,21.490246,24.119999,6.3,21.0,0.0,0.0,389.0
20250405T1700,20.170246,23.039999,24.300001,81.0,1.0,0.0,213.0
20250405T1800,17.350245,20.16,30.000002,100.0,6.0,2.0,50.0
20250405T1900,15.000245,22.68,30.000002,100.0,2.0,0.0,0.0
20250405T2000,13.950245,19.44,29.400002,98.0,10.0,1.0,0.0
20250405T2100,13.340245,20.519999,55.0,86.0,55.0,5.0,0.0
20250405T2200,13.320246,21.24,90.0,23.0,90.0,0.0,0.0
20250405T2300,12.630245,21.24,21.0,0.0,21.0,0.0,0.0
20250406T0000,11.320246,20.880001,8.0,0.0,8.0,0.0,0.0
20250406T0100,10.440246,21.24,5.0,0.0,5.0,0.0,0.0
20250406T0200,9.150246,19.08,1.0,0.0,1.0,0.0,0.0
20250406T0300,8.020246,18.0,1.0,0.0,1.0,0.0,0.0
20250406T0400,6.9902453,18.359999,0.0,0.0,0.0,0.0,0.0
20250406T0500,5.940245,18.0,0.0,0.0,0.0,0.0,0.0
20250406T0600,7.290245,18.72,0.0,0.0,0.0,0.0,48.0
20250406T0700,9.070246,26.28,0.0,0.0,0.0,0.0,206.0
20250406T0800,10.110246,30.960001,0.0,0.0,0.0,0.0,387.0
20250406T0900,11.210245,33.48,0.0,0.0,0.0,0.0,553.0
20250406T1000,12.300245,35.28,0.0,0.0,0.0,0.0,684.0
20250406T1100,13.250245,36.36,0.0,0.0,0.0,0.0,769.0
20250406T1200,14.120245,36.719997,0.0,0.0,0.0,0.0,799.0
20250406T1300,14.710245,36.719997,0.0,0.0,0.0,0.0,774.0
20250406T1400,15.040245,37.079998,0.0,0.0,0.0,0.0,695.0
20250406T1500,15.0602455,36.719997,0.0,0.0,0.0,0.0,569.0
20250406T1600,14.430245,36.36,0.0,0.0,0.0,0.0,407.0
20250406T1700,13.030245,34.2,0.0,0.0,0.0,0.0,227.0
20250406T1800,10.700245,27.359999,0.0,0.0,0.0,0.0,62.0
20250406T1900,8.840245,22.319998,0.0,0.0,0.0,0.0,0.0
20250406T2000,7.520245,21.24,0.0,0.0,0.0,0.0,0.0
20250406T2100,6.1402454,20.16,0.0,0.0,0.0,0.0,0.0
20250406T2200,4.6002455,17.64,0.0,0.0,0.0,0.0,0.0
20250406T2300,3.4802456,16.56,0.0,0.0,0.0,0.0,0.0
20250407T0000,2.7302456,16.199999,0.0,0.0,0.0,0.0,0.0
20250407T0100,2.0502453,16.199999,0.0,0.0,0.0,0.0,0.0
20250407T0200,1.2302454,16.199999,0.0,0.0,0.0,0.0,0.0
20250407T0300,0.5702454,15.84,0.0,0.0,0.0,0.0,0.0
20250407T0400,0.100245416,15.119999,0.0,0.0,0.0,0.0,0.0
20250407T0500,-0.27975458,14.4,0.0,0.0,0.0,0.0,0.0
20250407T0600,1.8602453,14.04,0.0,0.0,0.0,0.0,54.0
20250407T0700,5.130245,14.759999,0.0,0.0,0.0,0.0,217.0
20250407T0800,7.5302453,18.0,0.0,0.0,0.0,0.0,399.0
20250407T0900,9.470245,20.519999,0.0,0.0,0.0,0.0,565.0
20250407T1000,11.150246,21.599998,0.0,0.0,0.0,0.0,695.0
20250407T1100,12.690246,23.039999,0.0,0.0,0.0,0.0,778.0
20250407T1200,13.850245,23.759998,0.0,0.0,0.0,0.0,807.0
20250407T1300,14.8102455,24.119999,0.0,0.0,0.0,0.0,780.0
20250407T1400,15.470245,24.119999,0.0,0.0,0.0,0.0,699.0
20250407T1500,15.770246,23.759998,0.0,0.0,0.0,0.0,571.0
20250407T1600,15.570246,22.68,0.0,0.0,0.0,0.0,408.0
20250407T1700,14.230246,20.880001,0.0,0.0,0.0,0.0,228.0
20250407T1800,11.140245,16.199999,0.0,0.0,0.0,0.0,64.0
20250407T1900,8.530246,15.84,0.0,0.0,0.0,0.0,0.0
20250407T2000,7.8102455,14.4,0.0,0.0,0.0,0.0,0.0
20250407T2100,5.8002453,14.759999,0.0,0.0,0.0,0.0,0.0
20250407T2200,5.0602455,14.4,0.0,0.0,0.0,0.0,0.0
20250407T2300,4.110245,14.04,0.0,0.0,0.0,0.0,0.0
20250408T0000,3.1702452,13.679999,0.0,0.0,0.0,0.0,0.0
20250408T0100,2.1502454,13.32,0.0,0.0,0.0,0.0,0.0
20250408T0200,1.3902454,12.959999,0.0,0.0,0.0,0.0,0.0
20250408T0300,0.7002454,12.959999,0.0,0.0,0.0,0.0,0.0
20250408T0400,0.3302454,12.599999,0.0,0.0,0.0,0.0,0.0
20250408T0500,0.030245423,12.599999,0.0,0.0,0.0,0.0,0.0
20250408T0600,2.4902453,12.599999,0.0,0.0,0.0,0.0,57.0
20250408T0700,6.3302455,12.599999,0.0,0.0,0.0,0.0,220.0
20250408T0800,9.3102455,14.759999,0.0,0.0,0.0,0.0,401.0
20250408T0900,11.340245,16.919998,6.3,21.0,0.0,0.0,565.0
20250408T1000,13.030245,18.72,5.4,18.0,0.0,0.0,694.0
20250408T1100,14.460245,20.16,12.900001,43.0,0.0,0.0,775.0
20250408T1200,15.620245,20.16,19.2,64.0,0.0,0.0,804.0
20250408T1300,16.440247,20.16,21.6,72.0,0.0,0.0,772.0
20250408T1400,17.200245,19.44,10.5,35.0,0.0,0.0,687.0
20250408T1500,17.570246,18.359999,11.400001,38.0,0.0,0.0,552.0
20250408T1600,17.520245,16.199999,9.6,32.0,0.0,0.0,392.0
20250408T1700,16.220245,13.679999,6.3,21.0,0.0,0.0,220.0
20250408T1800,13.270246,12.599999,7.5000005,25.0,0.0,0.0,64.0
20250408T1900,11.960245,12.599999,7.8,26.0,0.0,0.0,0.0
20250408T2000,8.950245,11.5199995,4.5,15.0,2.0,0.0,0.0
20250408T2100,6.7402453,12.599999,3.0,8.0,3.0,0.0,0.0
20250408T2200,5.8002453,12.599999,2.1000001,7.0,2.0,0.0,0.0
20250408T2300,4.4702454,11.879999,13.0,21.0,13.0,0.0,0.0
20250409T0000,3.5502453,11.5199995,9.0,28.0,9.0,0.0,0.0
20250409T0100,2.8502455,11.5199995,13.8,46.0,8.0,0.0,0.0
20250409T0200,2.2602453,11.5199995,20.0,62.0,20.0,0.0,0.0
20250409T0300,1.8302454,11.5199995,23.1,77.0,21.0,0.0,0.0
20250409T0400,1.4002454,11.5199995,28.0,66.0,28.0,0.0,0.0
20250409T0500,1.1002455,11.159999,29.0,55.0,29.0,0.0,0.0
20250409T0600,3.3202453,11.159999,9.6,32.0,9.0,0.0,58.0
20250409T0700,7.1802454,12.599999,6.6000004,22.0,4.0,0.0,215.0
20250409T0800,10.520246,13.32,6.6000004,22.0,3.0,0.0,397.0
20250409T0900,12.790245,16.56,12.0,40.0,1.0,0.0,551.0
20250409T1000,14.760245,20.519999,12.0,40.0,4.0,0.0,689.0
20250409T1100,16.100246,21.96,18.0,60.0,13.0,0.0,770.0
20250409T1200,17.100245,23.4,25.0,79.0,25.0,0.0,808.0
20250409T1300,17.630245,25.919998,14.0,43.0,14.0,0.0,765.0
20250409T1400,17.970245,27.72,4.0,7.0,4.0,0.0,659.0
20250409T1500,17.860245,29.519999,14.0,0.0,14.0,0.0,515.0
20250409T1600,17.370245,29.88,25.0,0.0,25.0,0.0,314.0
20250409T1700,16.400246,29.16,39.0,0.0,39.0,0.0,201.0
20250409T1800,14.5602455,25.919998,37.0,0.0,37.0,2.0,59.0
20250409T1900,12.420245,27.0,34.0,0.0,34.0,1.0,0.0
20250409T2000,10.280245,26.64,23.0,0.0,23.0,1.0,0.0
20250409T2100,8.680245,16.919998,1.0,0.0,1.0,0.0,0.0
20250409T2200,7.860245,17.28,32.0,0.0,32.0,1.0,0.0
20250409T2300,6.400245,16.199999,0.0,0.0,0.0,0.0,0.0
20250410T0000,5.3502455,13.679999,2.0,0.0,0.0,2.0,0.0
20250410T0100,4.2802453,13.32,0.3,1.0,0.0,0.0,0.0
20250410T0200,3.5902452,12.959999,27.000002,90.0,0.0,0.0,0.0
20250410T0300,2.9502454,12.24,13.200001,44.0,0.0,0.0,0.0
20250410T0400,2.7002454,11.879999,15.000001,50.0,0.0,0.0,0.0
20250410T0500,2.0102453,11.5199995,27.300001,91.0,0.0,0.0,0.0
20250410T0600,4.4802456,11.159999,6.9,23.0,0.0,0.0,61.0
20250410T0700,8.670245,14.04,6.9,23.0,0.0,0.0,219.0
20250410T0800,11.630245,15.4800005,11.400001,38.0,0.0,0.0,397.0
20250410T0900,13.750245,19.08,14.400001,48.0,0.0,0.0,555.0
20250410T1000,15.600245,21.96,12.900001,43.0,0.0,0.0,688.0
20250410T1100,16.730246,23.4,15.6,52.0,0.0,0.0,768.0
20250410T1200,17.540245,23.759998,12.6,42.0,0.0,0.0,797.0
20250410T1300,18.220245,23.4,11.700001,39.0,0.0,0.0,773.0
20250410T1400,18.540245,23.759998,3.9,13.0,0.0,0.0,692.0
20250410T1500,18.520245,24.48,2.1000001,7.0,0.0,0.0,568.0
20250410T1600,18.050245,24.84,0.0,0.0,0.0,0.0,409.0
20250410T1700,16.860245,24.84,0.0,0.0,0.0,0.0,232.0
20250410T1800,14.340245,21.24,0.0,0.0,0.0,0.0,70.0
20250410T1900,11.240245,19.08,0.0,0.0,0.0,0.0,1.0
20250410T2000,9.760245,15.4800005,0.0,0.0,0.0,0.0,0.0
20250410T2100,9.820246,14.4,0.0,0.0,0.0,0.0,0.0
20250410T2200,7.5502453,12.959999,0.0,0.0,0.0,0.0,0.0
20250410T2300,6.610245,12.599999,0.0,0.0,0.0,0.0,0.0
20250411T0000,6.2002454,12.24,0.0,0.0,0.0,0.0,0.0
20250411T0100,5.670245,10.799999,0.0,0.0,0.0,0.0,0.0
20250411T0200,4.8702455,10.08,0.0,0.0,0.0,0.0,0.0
20250411T0300,4.2302456,9.0,0.0,0.0,0.0,0.0,0.0
20250411T0400,3.7302456,8.64,0.0,0.0,0.0,0.0,0.0
20250411T0500,3.3502455,8.64,0.0,0.0,0.0,0.0,0.0
20250411T0600,4.7402453,8.64,0.0,0.0,0.0,0.0,68.0
20250411T0700,8.420245,10.08,0.0,0.0,0.0,0.0,233.0
20250411T0800,11.140245,10.440001,0.0,0.0,0.0,0.0,412.0
20250411T0900,13.630245,12.24,0.0,0.0,0.0,0.0,575.0
20250411T1000,15.900246,13.679999,0.0,0.0,0.0,0.0,702.0
20250411T1100,17.660246,15.4800005,0.0,0.0,0.0,0.0,784.0
20250411T1200,19.070246,17.28,0.0,0.0,0.0,0.0,813.0
20250411T1300,20.100245,19.44,0.0,0.0,0.0,0.0,785.0
20250411T1400,20.730246,20.880001,0.0,0.0,0.0,0.0,705.0
20250411T1500,21.010244,20.519999,0.0,0.0,0.0,0.0,579.0
20250411T1600,20.690245,18.359999,0.0,0.0,0.0,0.0,418.0
20250411T1700,19.200245,16.919998,0.0,0.0,0.0,0.0,240.0
20250411T1800,15.520246,13.679999,0.0,0.0,0.0,0.0,75.0
20250411T1900,12.640245,19.08,0.0,0.0,0.0,0.0,1.0
20250411T2000,10.780245,15.4800005,0.0,0.0,0.0,0.0,0.0
20250411T2100,9.230246,14.759999,0.0,0.0,0.0,0.0,0.0
20250411T2200,8.3102455,14.04,0.0,0.0,0.0,0.0,0.0
20250411T2300,7.6802454,14.04,1.5,5.0,0.0,0.0,0.0
20250412T0000,6.7402453,14.04,3.0,10.0,0.0,0.0,0.0
20250412T0100,6.0302453,13.32,3.3000002,11.0,0.0,0.0,0.0
20250412T0200,5.3302455,13.32,4.8,16.0,0.0,0.0,0.0
20250412T0300,4.5702453,13.32,3.9,13.0,0.0,0.0,0.0
20250412T0400,3.9302454,13.32,2.7,9.0,0.0,0.0,0.0
20250412T0500,3.5402455,12.599999,7.5000005,25.0,0.0,0.0,1.0
20250412T0600,6.250245,12.959999,12.3,41.0,0.0,0.0,73.0
20250412T0700,10.750245,13.32,1.8000001,6.0,0.0,0.0,240.0
20250412T0800,14.350245,12.959999,0.0,0.0,0.0,0.0,421.0
20250412T0900,16.960245,13.679999,0.0,0.0,0.0,0.0,584.0
20250412T1000,18.760244,14.4,0.0,0.0,0.0,0.0,712.0
20250412T1100,20.370245,15.119999,4.5,15.0,0.0,0.0,796.0
20250412T1200,21.290245,16.56,18.6,62.0,0.0,0.0,825.0
20250412T1300,21.600245,17.28,25.2,84.0,0.0,0.0,693.0
20250412T1400,21.480246,16.199999,29.400002,98.0,17.0,0.0,479.0
20250412T1500,21.730246,12.599999,29.400002,98.0,0.0,0.0,338.0
20250412T1600,21.970245,11.5199995,24.6,82.0,5.0,0.0,240.0
20250412T1700,20.820246,9.72,23.0,35.0,23.0,0.0,181.0
20250412T1800,18.010244,11.5199995,44.0,6.0,44.0,0.0,64.0
20250412T1900,17.260244,10.799999,32.0,12.0,32.0,0.0,1.0
20250412T2000,15.080245,12.24,46.0,70.0,46.0,4.0,0.0
20250412T2100,14.930245,16.919998,56.0,83.0,56.0,5.0,0.0
20250412T2200,15.530245,18.359999,34.0,83.0,34.0,2.0,0.0
20250412T2300,15.800245,18.72,28.500002,95.0,6.0,0.0,0.0
20250413T0000,13.150246,14.759999,45.0,98.0,45.0,0.0,0.0
20250413T0100,12.910245,14.4,82.0,98.0,82.0,2.0,0.0
20250413T0200,13.170245,16.199999,70.0,94.0,70.0,0.0,0.0
20250413T0300,13.840245,17.64,84.0,94.0,84.0,0.0,0.0
20250413T0400,13.940246,18.359999,85.0,84.0,85.0,15.0,0.0
20250413T0500,13.720245,18.72,79.0,65.0,79.0,21.0,1.0
20250413T0600,13.380245,18.72,80.0,41.0,80.0,27.0,28.0
20250413T0700,13.710245,21.599998,84.0,36.0,84.0,23.0,106.0
20250413T0800,13.940246,22.319998,63.0,36.0,63.0,39.0,186.0
20250413T0900,14.360246,25.199999,74.0,16.0,73.0,74.0,252.0
20250413T1000,14.630245,27.359999,92.0,18.0,79.0,92.0,339.0
20250413T1100,15.090245,27.359999,93.0,14.0,84.0,93.0,279.0
20250413T1200,15.980246,26.64,97.0,20.0,72.0,97.0,260.0
20250413T1300,17.140245,27.359999,91.0,36.0,54.0,91.0,309.0
20250413T1400,17.610245,25.919998,74.0,28.0,24.0,74.0,371.0
20250413T1500,17.980246,24.84,61.0,36.0,27.0,61.0,354.0
20250413T1600,18.190245,23.039999,68.0,69.0,53.0,68.0,295.0
20250413T1700,17.270245,19.44,74.0,76.0,74.0,42.0,138.0
20250413T1800,16.550245,10.08,92.0,94.0,92.0,28.0,57.0
20250413T1900,15.5602455,10.799999,83.0,98.0,83.0,33.0,1.0
20250413T2000,14.090245,9.36,61.0,99.0,61.0,59.0,0.0
20250413T2100,13.540245,10.440001,88.0,99.0,88.0,62.0,0.0
20250413T2200,12.650246,9.72,91.0,99.0,91.0,53.0,0.0
20250413T2300,12.470245,8.64,96.0,99.0,96.0,65.0,0.0
20250414T0000,12.320246,8.28,93.0,99.0,93.0,56.0,0.0
20250414T0100,12.090245,7.92,95.0,99.0,95.0,60.0,0.0
20250414T0200,11.710245,7.5599995,95.0,96.0,95.0,80.0,0.0
20250414T0300,11.290245,7.92,92.0,86.0,92.0,79.0,0.0
20250414T0400,11.070246,8.28,99.0,47.0,99.0,30.0,0.0
20250414T0500,10.830245,7.92,97.0,13.0,97.0,25.0,1.0
20250414T0600,11.550245,9.72,96.0,0.0,96.0,20.0,39.0
20250414T0700,13.120245,8.64,81.0,0.0,81.0,17.0,73.0
20250414T0800,14.8102455,12.599999,15.0,3.0,5.0,15.0,223.0
20250414T0900,16.090246,16.56,17.0,30.0,3.0,17.0,382.0
20250414T1000,17.050245,21.599998,28.0,9.0,9.0,28.0,570.0
20250414T1100,18.100245,21.599998,24.0,41.0,24.0,21.0,634.0
20250414T1200,18.970245,19.08,34.0,60.0,34.0,21.0,567.0
20250414T1300,19.860245,18.0,20.1,67.0,14.0,12.0,593.0
20250414T1400,20.470245,19.44,30.0,66.0,30.0,20.0,572.0
20250414T1500,20.730246,20.880001,19.0,51.0,19.0,15.0,416.0
20250414T1600,20.560246,20.880001,21.300001,71.0,15.0,13.0,325.0
20250414T1700,19.630245,18.359999,28.500002,95.0,20.0,4.0,130.0
20250414T1800,17.080246,13.32,29.1,97.0,9.0,4.0,54.0
20250414T1900,14.960245,13.32,29.1,97.0,8.0,3.0,1.0
20250414T2000,13.440246,11.159999,26.1,87.0,4.0,2.0,0.0
20250414T2100,12.490245,11.879999,21.900002,73.0,2.0,2.0,0.0
20250414T2200,11.660245,11.879999,20.1,67.0,19.0,0.0,0.0
20250414T2300,10.520246,11.159999,49.0,77.0,49.0,0.0,0.0
20250415T0000,10.340245,10.799999,88.0,95.0,88.0,0.0,0.0
20250415T0100,10.290245,9.72,68.0,92.0,68.0,0.0,0.0
20250415T0200,10.020246,8.64,74.0,85.0,74.0,0.0,0.0
20250415T0300,9.600245,9.72,46.0,51.0,46.0,14.0,0.0
20250415T0400,9.630245,10.08,79.0,84.0,79.0,25.0,0.0
20250415T0500,10.290245,10.440001,95.0,100.0,95.0,18.0,1.0
20250415T0600,11.570246,12.959999,100.0,100.0,100.0,23.0,29.0
20250415T0700,13.170245,14.759999,99.0,100.0,99.0,24.0,82.0
20250415T0800,13.980246,15.4800005,100.0,100.0,100.0,16.0,123.0
20250415T0900,14.090245,14.4,100.0,100.0,100.0,66.0,108.0
20250415T1000,14.320246,14.04,98.0,98.0,98.0,23.0,107.0
20250415T1100,15.030245,14.04,97.0,99.0,97.0,6.0,187.0
20250415T1200,16.000246,13.679999,88.0,91.0,88.0,38.0,194.0
20250415T1300,17.550245,16.919998,41.0,73.0,41.0,19.0,339.0
20250415T1400,18.970245,21.599998,16.2,54.0,16.0,10.0,548.0
20250415T1500,19.320246,22.319998,22.0,54.0,22.0,21.0,408.0
20250415T1600,19.310246,18.0,28.500002,95.0,12.0,7.0,322.0
20250415T1700,18.750246,15.84,28.500002,95.0,12.0,11.0,180.0
20250415T1800,17.730246,14.04,27.6,92.0,19.0,12.0,44.0
20250415T1900,14.750245,11.879999,28.500002,95.0,21.0,10.0,2.0
20250415T2000,15.030245,13.679999,30.0,97.0,30.0,8.0,0.0
20250415T2100,13.130245,12.24,39.0,94.0,39.0,13.0,0.0
20250415T2200,13.610246,10.440001,75.0,96.0,75.0,74.0,0.0
20250415T2300,13.230246,9.0,72.0,95.0,72.0,60.0,0.0
20250416T0000,12.410245,7.5599995,63.0,95.0,63.0,11.0,0.0
20250416T0100,12.230246,6.4799995,55.0,98.0,55.0,9.0,0.0
20250416T0200,11.300245,8.64,49.0,76.0,40.0,49.0,0.0
20250416T0300,10.780245,10.440001,88.0,35.0,79.0,88.0,0.0
20250416T0400,10.430245,11.159999,86.0,97.0,81.0,86.0,0.0
20250416T0500,10.570246,11.879999,89.0,25.0,76.0,89.0,2.0
20250416T0600,11.670245,16.199999,100.0,28.0,91.0,100.0,50.0
20250416T0700,13.280245,17.28,100.0,10.0,92.0,100.0,53.0
20250416T0800,13.180245,21.599998,100.0,2.0,98.0,100.0,99.0
20250416T0900,12.920245,28.08,100.0,6.0,96.0,100.0,116.0
20250416T1000,12.500245,29.519999,94.0,3.0,73.0,94.0,113.0
20250416T1100,12.080245,29.16,94.0,15.0,94.0,72.0,200.0
20250416T1200,11.620245,28.44,100.0,76.0,100.0,73.0,95.0
20250416T1300,11.350245,22.319998,99.0,57.0,99.0,49.0,89.0
20250416T1400,11.110246,19.8,98.0,25.0,98.0,6.0,101.0
20250416T1500,11.010245,17.64,97.0,16.0,97.0,16.0,146.0
20250416T1600,10.8102455,15.4800005,99.0,18.0,99.0,15.0,73.0
20250416T1700,10.580245,13.32,99.0,71.0,99.0,24.0,59.0
20250416T1800,10.160245,13.679999,92.0,99.0,92.0,17.0,25.0
20250416T1900,9.820246,14.759999,76.0,97.0,76.0,23.0,1.0
20250416T2000,9.670245,18.0,99.0,37.0,99.0,41.0,0.0
20250416T2100,9.490245,12.599999,98.0,57.0,98.0,64.0,0.0
20250416T2200,9.250245,13.679999,97.0,98.0,97.0,89.0,0.0
20250416T2300,9.090245,16.199999,75.0,98.0,68.0,75.0,0.0
20250417T0000,8.920245,16.919998,97.0,96.0,97.0,75.0,0.0
20250417T0100,8.770246,16.919998,89.0,90.0,89.0,76.0,0.0
20250417T0200,8.610246,15.4800005,95.0,98.0,95.0,78.0,0.0
20250417T0300,8.490246,14.4,99.0,97.0,91.0,99.0,0.0
20250417T0400,8.380245,15.119999,97.0,100.0,57.0,97.0,0.0
20250417T0500,8.290245,15.84,100.0,100.0,89.0,100.0,0.0
20250417T0600,8.340245,18.359999,100.0,71.0,96.0,100.0,11.0
20250417T0700,8.550245,23.759998,100.0,18.0,99.0,100.0,25.0
20250417T0800,8.800245,23.759998,100.0,25.0,99.0,100.0,37.0
20250417T0900,8.790245,24.84,100.0,26.0,92.0,100.0,70.0
20250417T1000,8.910245,26.64,95.0,33.0,83.0,95.0,97.0
20250417T1100,9.290245,27.0,97.0,52.0,90.0,97.0,135.0
20250417T1200,9.480246,25.919998,100.0,54.0,66.0,100.0,160.0
20250417T1300,9.550245,26.28,100.0,51.0,53.0,100.0,156.0
20250417T1400,9.520246,25.199999,100.0,51.0,67.0,100.0,159.0
20250417T1500,9.380245,23.759998,100.0,39.0,88.0,100.0,90.0
20250417T1600,9.270246,23.4,100.0,83.0,98.0,100.0,85.0
20250417T1700,8.770246,22.319998,99.0,93.0,99.0,97.0,34.0
20250417T1800,8.400246,19.08,98.0,94.0,98.0,95.0,13.0
20250417T1900,8.130245,17.64,98.0,93.0,98.0,91.0,1.0
20250417T2000,7.860245,15.84,92.0,85.0,92.0,88.0,0.0
20250417T2100,7.6402454,14.4,91.0,72.0,91.0,86.0,0.0
20250417T2200,7.5102453,15.4800005,94.0,70.0,94.0,90.0,0.0
20250417T2300,7.3102455,16.199999,92.0,67.0,92.0,86.0,0.0
20250418T0000,7.1002455,16.56,89.0,64.0,89.0,89.0,0.0
20250418T0100,6.980245,16.919998,84.0,57.0,81.0,84.0,0.0
20250418T0200,6.8402452,16.199999,81.0,9.0,31.0,81.0,0.0
20250418T0300,6.8502455,14.759999,92.0,4.0,33.0,92.0,0.0
20250418T0400,6.900245,14.04,98.0,0.0,57.0,98.0,0.0
20250418T0500,6.900245,13.679999,99.0,4.0,79.0,99.0,1.0
20250418T0600,7.0802455,12.599999,98.0,23.0,89.0,98.0,20.0
20250418T0700,7.3902454,14.4,85.0,69.0,59.0,85.0,84.0
20250418T0800,7.860245,17.64,80.0,92.0,44.0,80.0,139.0
20250418T0900,8.640245,18.359999,96.0,83.0,41.0,96.0,232.0
20250418T1000,8.660245,18.0,97.0,35.0,48.0,97.0,235.0
20250418T1100,9.110246,17.28,100.0,11.0,50.0,100.0,283.0
20250418T1200,9.600245,16.919998,100.0,1.0,43.0,100.0,294.0
20250418T1300,10.240245,16.56,100.0,0.0,38.0,100.0,331.0
20250418T1400,10.860246,14.04,100.0,0.0,36.0,100.0,338.0
20250418T1500,10.920245,13.32,92.0,0.0,34.0,92.0,194.0
20250418T1600,10.830245,11.159999,82.0,0.0,22.0,82.0,140.0
20250418T1700,10.510245,11.159999,98.0,0.0,11.0,98.0,113.0
20250418T1800,9.070246,11.5199995,52.0,1.0,5.0,52.0,65.0
20250418T1900,6.8002453,12.959999,32.0,13.0,1.0,32.0,3.0
20250418T2000,5.2002454,11.159999,34.0,14.0,0.0,34.0,0.0
20250418T2100,5.0802455,11.5199995,17.0,3.0,0.0,17.0,0.0
20250418T2200,3.6602454,10.799999,8.0,19.0,8.0,2.0,0.0
20250418T2300,3.1502452,10.799999,2.0,1.0,0.0,2.0,0.0
20250419T0000,2.7802453,11.159999,2.0,0.0,0.0,2.0,0.0
20250419T0100,2.4602454,11.5199995,3.0,10.0,0.0,1.0,0.0
20250419T0200,2.1802454,11.5199995,11.400001,38.0,0.0,2.0,0.0
20250419T0300,1.9402454,11.159999,22.0,37.0,0.0,22.0,0.0
20250419T0400,1.6802454,10.799999,54.0,24.0,0.0,54.0,0.0
20250419T0500,1.9602454,11.5199995,100.0,47.0,0.0,100.0,5.0
20250419T0600,4.1202455,13.32,100.0,77.0,0.0,100.0,100.0
20250419T0700,6.6802454,18.0,44.0,74.0,0.0,44.0,174.0
20250419T0800,9.330245,16.919998,18.0,60.0,0.0,3.0,336.0
20250419T0900,11.820246,17.28,11.700001,39.0,2.0,0.0,511.0
20250419T1000,14.040245,18.0,16.5,55.0,6.0,0.0,689.0
20250419T1100,16.300245,17.64,21.6,72.0,9.0,0.0,703.0
20250419T1200,18.090246,18.0,26.1,87.0,16.0,0.0,742.0
20250419T1300,19.410246,20.16,18.0,51.0,18.0,0.0,734.0
20250419T1400,20.280245,21.96,10.0,10.0,10.0,0.0,668.0
20250419T1500,20.750246,22.319998,4.0,1.0,4.0,0.0,570.0
20250419T1600,20.870245,21.24,6.0,5.0,6.0,0.0,396.0
20250419T1700,20.070246,16.919998,8.0,0.0,8.0,0.0,234.0
20250419T1800,16.240246,13.32,7.0,0.0,7.0,0.0,88.0
20250419T1900,13.3102455,17.28,5.0,0.0,5.0,0.0,4.0
20250419T2000,11.640245,14.4,14.0,0.0,14.0,0.0,0.0
20250419T2100,10.5602455,14.4,2.0,1.0,2.0,0.0,0.0
20250419T2200,9.840245,15.119999,2.0,1.0,2.0,0.0,0.0
20250419T2300,9.100245,15.4800005,0.0,0.0,0.0,0.0,0.0
20250420T0000,8.130245,14.759999,2.1000001,7.0,0.0,0.0,0.0
20250420T0100,7.3302455,14.04,23.1,77.0,0.0,0.0,0.0
20250420T0200,7.020245,13.32,28.500002,95.0,0.0,0.0,0.0
20250420T0300,6.860245,11.879999,15.900001,53.0,0.0,0.0,0.0
20250420T0400,6.4702454,11.5199995,10.5,35.0,6.0,0.0,0.0
20250420T0500,7.3702455,12.24,44.0,78.0,44.0,0.0,5.0
20250420T0600,10.530245,15.119999,50.0,73.0,50.0,0.0,94.0
20250420T0700,12.680245,20.880001,86.0,63.0,86.0,1.0,224.0
20250420T0800,13.470245,24.48,80.0,14.0,80.0,19.0,278.0
20250420T0900,13.140245,30.239998,89.0,43.0,89.0,41.0,363.0
20250420T1000,12.380245,32.760002,100.0,32.0,100.0,84.0,390.0
20250420T1100,11.250245,32.039997,99.0,51.0,99.0,13.0,216.0
20250420T1200,11.130245,38.16,87.0,84.0,87.0,4.0,180.0
20250420T1300,12.090245,37.44,80.0,42.0,80.0,0.0,133.0
20250420T1400,13.170245,35.64,60.0,56.0,60.0,0.0,211.0
20250420T1500,14.460245,34.56,52.0,21.0,52.0,0.0,130.0
20250420T1600,15.090245,21.599998,8.0,15.0,8.0,0.0,267.0
20250420T1700,14.650246,21.599998,7.0,14.0,7.0,0.0,241.0
20250420T1800,12.480246,18.0,4.0,6.0,4.0,0.0,100.0
20250420T1900,10.670245,14.759999,4.0,0.0,4.0,0.0,5.0
20250420T2000,9.380245,11.879999,2.0,0.0,2.0,0.0,0.0
20250420T2100,8.680245,11.159999,4.5,15.0,3.0,0.0,0.0
20250420T2200,7.1002455,12.24,21.0,52.0,21.0,1.0,0.0
20250420T2300,6.880245,12.959999,31.0,39.0,31.0,8.0,0.0
20250421T0000,7.0802455,14.04,48.0,66.0,48.0,4.0,0.0
20250421T0100,7.610245,15.119999,27.0,78.0,27.0,0.0,0.0
20250421T0200,7.9902453,14.759999,51.0,39.0,51.0,0.0,0.0
20250421T0300,8.290245,14.04,79.0,46.0,79.0,3.0,0.0
20250421T0400,8.390245,13.32,75.0,81.0,75.0,8.0,0.0
20250421T0500,8.200246,14.759999,55.0,97.0,55.0,6.0,6.0
20250421T0600,8.880245,16.919998,78.0,100.0,78.0,17.0,76.0
20250421T0700,10.040245,18.0,88.0,96.0,88.0,12.0,128.0
20250421T0800,11.510245,17.28,67.0,79.0,67.0,2.0,198.0
20250421T0900,12.490245,24.48,64.0,38.0,64.0,15.0,285.0
20250421T1000,13.270246,24.119999,36.0,8.0,36.0,4.0,348.0
20250421T1100,13.550245,34.2,35.0,9.0,35.0,23.0,541.0
20250421T1200,14.140245,47.519997,50.0,20.0,42.0,50.0,613.0
20250421T1300,14.520246,46.44,48.0,16.0,48.0,30.0,578.0
20250421T1400,13.5602455,45.719997,44.0,6.0,44.0,31.0,362.0
20250421T1500,14.380245,44.28,47.0,0.0,47.0,38.0,339.0
20250421T1600,13.900246,37.44,59.0,0.0,59.0,23.0,363.0
20250421T1700,13.220245,33.12,43.0,0.0,43.0,22.0,207.0
20250421T1800,12.400246,26.64,20.0,0.0,20.0,17.0,55.0
20250421T1900,10.710245,19.44,28.0,0.0,28.0,15.0,5.0
20250421T2000,10.320246,15.84,34.0,0.0,34.0,15.0,0.0
20250421T2100,10.160245,15.119999,25.0,0.0,25.0,21.0,0.0
20250421T2200,10.120245,15.119999,37.0,0.0,37.0,27.0,0.0
20250421T2300,9.450245,15.119999,26.0,0.0,26.0,20.0,0.0
20250422T0000,9.080245,14.4,22.0,1.0,22.0,17.0,0.0
20250422T0100,8.550245,13.679999,26.0,21.0,26.0,17.0,0.0
20250422T0200,8.440246,12.24,26.0,15.0,16.0,26.0,0.0
20250422T0300,8.190246,10.440001,23.0,5.0,17.0,23.0,0.0
20250422T0400,7.8402452,9.72,30.0,2.0,20.0,30.0,0.0
20250422T0500,7.920245,9.72,9.0,0.0,8.0,9.0,6.0
20250422T0600,9.350245,11.5199995,5.0,0.0,4.0,5.0,91.0
20250422T0700,11.880245,11.879999,2.0,0.0,2.0,0.0,267.0
20250422T0800,14.090245,12.959999,3.0,0.0,2.0,3.0,442.0
20250422T0900,15.410245,12.599999,16.0,0.0,14.0,16.0,521.0
20250422T1000,16.640245,14.4,23.0,26.0,23.0,18.0,560.0
20250422T1100,17.180244,16.919998,25.2,84.0,25.0,18.0,623.0
20250422T1200,17.630245,18.0,29.7,99.0,22.0,13.0,413.0
20250422T1300,18.060246,19.08,28.800001,96.0,23.0,8.0,468.0
20250422T1400,18.280245,18.72,29.400002,98.0,19.0,2.0,434.0
20250422T1500,18.360245,16.919998,29.7,99.0,23.0,4.0,396.0
20250422T1600,18.160246,15.119999,28.2,94.0,12.0,2.0,344.0
20250422T1700,17.320246,14.759999,27.300001,91.0,8.0,0.0,218.0
20250422T1800,15.260245,11.5199995,24.900002,83.0,7.0,2.0,93.0
20250422T1900,12.780245,16.199999,23.1,77.0,4.0,1.0,7.0
20250422T2000,11.760245,14.4,7.2000003,24.0,3.0,4.0,0.0
20250422T2100,11.300245,12.959999,5.4,18.0,3.0,3.0,0.0
20250422T2200,9.790245,10.799999,15.000001,50.0,12.0,4.0,0.0
20250422T2300,9.330245,7.92,25.0,71.0,25.0,4.0,0.0
20250423T0000,8.700245,5.3999996,56.0,71.0,56.0,5.0,0.0
20250423T0100,7.2202454,6.12,77.0,71.0,77.0,15.0,0.0
20250423T0200,6.8002453,7.5599995,60.0,48.0,60.0,23.0,0.0
20250423T0300,6.9902453,8.64,52.0,33.0,52.0,27.0,0.0
20250423T0400,6.650245,10.08,34.0,7.0,34.0,22.0,0.0
20250423T0500,7.270245,11.159999,46.0,0.0,46.0,32.0,9.0
20250423T0600,9.800245,14.04,45.0,0.0,45.0,25.0,110.0
20250423T0700,11.920245,14.04,51.0,0.0,51.0,16.0,219.0
20250423T0800,13.770246,15.84,49.0,3.0,49.0,12.0,356.0
20250423T0900,15.370245,16.199999,57.0,42.0,57.0,18.0,342.0
20250423T1000,16.480246,24.48,35.0,70.0,35.0,31.0,549.0
20250423T1100,16.450245,25.919998,44.0,100.0,44.0,8.0,615.0
20250423T1200,16.780245,28.8,58.0,99.0,58.0,29.0,685.0
20250423T1300,16.290245,29.16,75.0,100.0,75.0,35.0,435.0
20250423T1400,13.870245,32.760002,100.0,100.0,100.0,38.0,298.0
20250423T1500,12.300245,39.96,97.0,96.0,97.0,27.0,156.0
20250423T1600,12.070246,35.64,94.0,95.0,94.0,30.0,88.0
20250423T1700,11.770246,27.72,98.0,100.0,98.0,71.0,41.0
20250423T1800,11.410245,18.72,98.0,99.0,98.0,92.0,17.0
20250423T1900,11.150246,14.4,93.0,97.0,93.0,77.0,1.0
20250423T2000,10.950245,16.56,83.0,80.0,83.0,65.0,0.0
20250423T2100,10.610246,18.359999,66.0,77.0,66.0,62.0,0.0
20250423T2200,10.500245,18.359999,63.0,90.0,63.0,29.0,0.0
20250423T2300,10.220245,18.0,60.0,74.0,57.0,60.0,0.0
20250424T0000,9.900246,20.519999,54.0,56.0,34.0,54.0,0.0
20250424T0100,9.600245,22.68,67.0,42.0,21.0,67.0,0.0
20250424T0200,9.270246,23.039999,74.0,33.0,27.0,74.0,0.0
20250424T0300,9.180245,19.44,79.0,13.0,40.0,79.0,0.0
20250424T0400,9.160245,18.72,76.0,0.0,23.0,76.0,0.0
20250424T0500,9.290245,20.880001,84.0,0.0,29.0,84.0,5.0
20250424T0600,9.650246,21.599998,85.0,0.0,27.0,85.0,43.0
20250424T0700,10.430245,27.0,81.0,0.0,18.0,81.0,218.0
20250424T0800,11.290245,25.56,41.0,0.0,27.0,41.0,306.0
20250424T0900,11.740245,25.56,31.0,0.0,31.0,24.0,492.0
20250424T1000,12.260245,30.239998,57.0,0.0,57.0,12.0,532.0
20250424T1100,12.690246,33.12,75.0,0.0,75.0,35.0,602.0
20250424T1200,12.400246,35.64,66.0,0.0,66.0,18.0,626.0
20250424T1300,12.520246,36.36,56.0,0.0,56.0,23.0,525.0
20250424T1400,12.540245,36.36,48.0,0.0,48.0,21.0,536.0
20250424T1500,12.680245,35.28,48.0,0.0,39.0,48.0,536.0
20250424T1600,12.630245,34.2,45.0,0.0,45.0,21.0,348.0
20250424T1700,12.3102455,30.960001,68.0,0.0,68.0,16.0,188.0
20250424T1800,11.500245,25.199999,89.0,0.0,89.0,24.0,57.0
20250424T1900,10.780245,20.16,91.0,0.0,91.0,55.0,4.0
20250424T2000,10.330245,17.64,89.0,7.0,89.0,42.0,0.0
20250424T2100,10.3102455,19.8,99.0,42.0,99.0,85.0,0.0
20250424T2200,10.0602455,16.56,93.0,58.0,93.0,31.0,0.0
20250424T2300,10.080245,16.56,90.0,76.0,90.0,45.0,0.0
20250425T0000,10.200245,18.72,98.0,78.0,98.0,76.0,0.0
20250425T0100,10.100245,17.28,91.0,76.0,91.0,84.0,0.0
20250425T0200,10.0602455,16.56,93.0,37.0,93.0,84.0,0.0
20250425T0300,10.050245,16.56,93.0,0.0,91.0,93.0,0.0
20250425T0400,9.990245,15.4800005,97.0,0.0,97.0,95.0,0.0
20250425T0500,9.980246,15.119999,95.0,0.0,95.0,95.0,2.0
20250425T0600,10.150246,15.84,95.0,0.0,95.0,83.0,21.0
20250425T0700,10.390245,17.28,97.0,0.0,96.0,97.0,29.0
20250425T0800,10.880245,18.359999,84.0,0.0,75.0,84.0,93.0
20250425T0900,11.740245,18.72,97.0,0.0,60.0,97.0,136.0
20250425T1000,12.190246,20.16,55.0,0.0,55.0,36.0,288.0
20250425T1100,13.260245,23.4,35.0,3.0,35.0,29.0,505.0
20250425T1200,14.040245,26.64,39.0,1.0,21.0,39.0,697.0
20250425T1300,14.390245,28.08,38.0,2.0,23.0,38.0,636.0
20250425T1400,14.5602455,28.08,49.0,1.0,49.0,39.0,591.0
20250425T1500,14.190246,26.28,57.0,5.0,57.0,57.0,419.0
20250425T1600,14.100245,24.84,50.0,0.0,50.0,9.0,410.0
20250425T1700,13.780245,25.919998,33.0,0.0,33.0,24.0,234.0
20250425T1800,12.730246,23.759998,25.0,0.0,24.0,25.0,96.0
20250425T1900,11.470245,17.28,45.0,0.0,45.0,35.0,8.0
20250425T2000,11.250245,15.84,36.0,0.0,36.0,28.0,0.0
20250425T2100,10.370245,15.84,43.0,0.0,43.0,29.0,0.0
20250425T2200,9.800245,15.4800005,54.0,0.0,54.0,17.0,0.0
20250425T2300,9.300245,15.119999,50.0,0.0,50.0,25.0,0.0
20250426T0000,8.830245,15.119999,25.0,0.0,25.0,1.0,0.0
20250426T0100,8.580245,15.4800005,8.0,0.0,8.0,8.0,0.0
20250426T0200,8.200246,16.199999,6.0,0.0,3.0,6.0,0.0
20250426T0300,8.220245,16.919998,27.0,0.0,1.0,27.0,0.0
20250426T0400,8.630245,17.28,50.0,0.0,0.0,50.0,0.0
20250426T0500,9.510245,16.919998,67.0,0.0,0.0,67.0,10.0
20250426T0600,10.520246,19.8,61.0,0.0,0.0,61.0,84.0
20250426T0700,11.480246,23.759998,89.0,0.0,0.0,89.0,195.0
20250426T0800,12.570246,27.359999,99.0,0.0,0.0,99.0,291.0
20250426T0900,13.550245,28.8,100.0,0.0,0.0,100.0,304.0
20250426T1000,13.580245,28.08,100.0,18.0,6.0,100.0,287.0
20250426T1100,14.210245,26.64,100.0,25.0,21.0,100.0,359.0
20250426T1200,14.710245,26.64,100.0,18.0,24.0,100.0,379.0
20250426T1300,15.070246,25.56,100.0,6.0,20.0,100.0,232.0
20250426T1400,15.140245,23.759998,96.0,4.0,19.0,96.0,206.0
20250426T1500,15.100245,24.84,99.0,0.0,10.0,99.0,238.0
20250426T1600,15.110246,25.919998,89.0,0.0,11.0,89.0,241.0
20250426T1700,14.540245,25.56,80.0,0.0,10.0,80.0,121.0
20250426T1800,13.590245,21.24,58.0,0.0,13.0,58.0,50.0
20250426T1900,12.100245,17.28,60.0,4.0,18.0,60.0,7.0
20250426T2000,11.0602455,16.199999,18.0,12.0,10.0,18.0,0.0
20250426T2100,9.790245,16.199999,7.2000003,24.0,1.0,5.0,0.0
20250426T2200,9.690246,14.4,14.1,47.0,4.0,6.0,0.0
20250426T2300,9.200245,13.32,17.7,59.0,4.0,1.0,0.0
20250427T0000,8.800245,12.959999,26.400002,88.0,4.0,1.0,0.0
20250427T0100,8.5602455,12.599999,28.500002,95.0,7.0,1.0,0.0
20250427T0200,8.850245,11.879999,31.0,97.0,31.0,0.0,0.0
20250427T0300,8.690246,11.159999,53.0,99.0,53.0,1.0,0.0
20250427T0400,8.390245,10.08,66.0,97.0,66.0,0.0,0.0
20250427T0500,8.220245,9.72,84.0,91.0,84.0,0.0,12.0
20250427T0600,9.400246,10.799999,48.0,41.0,48.0,0.0,108.0
20250427T0700,11.710245,12.24,22.0,57.0,22.0,0.0,269.0
20250427T0800,13.640245,13.679999,15.900001,53.0,2.0,0.0,414.0
20250427T0900,15.250245,16.919998,62.0,51.0,6.0,62.0,593.0
20250427T1000,16.740246,18.72,46.0,48.0,5.0,46.0,634.0
20250427T1100,17.750246,19.44,82.0,22.0,7.0,82.0,725.0
20250427T1200,18.510244,21.24,89.0,17.0,6.0,89.0,631.0
20250427T1300,18.830246,25.919998,57.0,16.0,7.0,57.0,542.0
20250427T1400,19.030245,29.88,57.0,26.0,1.0,57.0,452.0
20250427T1500,18.770245,30.239998,42.0,29.0,5.0,42.0,305.0
20250427T1600,18.700245,29.16,34.0,33.0,15.0,34.0,231.0
20250427T1700,18.080246,25.199999,44.0,66.0,44.0,28.0,127.0
20250427T1800,16.600245,20.519999,35.0,56.0,35.0,24.0,85.0
20250427T1900,14.950245,11.159999,23.0,62.0,23.0,7.0,8.0
20250427T2000,13.640245,10.799999,20.1,67.0,18.0,13.0,0.0
20250427T2100,13.350245,11.5199995,22.0,59.0,22.0,11.0,0.0
20250427T2200,11.850245,11.159999,21.300001,71.0,14.0,4.0,0.0
20250427T2300,10.920245,9.72,22.5,75.0,4.0,0.0,0.0
20250428T0000,10.010245,9.72,7.0,18.0,7.0,2.0,0.0
20250428T0100,8.970245,10.440001,5.1000004,17.0,0.0,4.0,0.0
20250428T0200,8.180245,10.799999,7.2000003,24.0,2.0,7.0,0.0
20250428T0300,7.7602453,10.799999,10.5,35.0,0.0,5.0,0.0
20250428T0400,7.3502455,10.799999,7.8,26.0,4.0,3.0,0.0
20250428T0500,7.110245,10.799999,8.700001,29.0,0.0,0.0,16.0
20250428T0600,10.180245,11.879999,2.4,8.0,0.0,0.0,130.0
20250428T0700,13.0602455,12.959999,0.6,2.0,0.0,0.0,303.0
20250428T0800,15.410245,15.119999,3.6000001,12.0,0.0,0.0,477.0
20250428T0900,17.400246,18.359999,4.5,15.0,0.0,0.0,631.0
20250428T1000,19.140245,20.880001,11.400001,38.0,0.0,0.0,751.0
20250428T1100,20.430244,22.319998,13.8,46.0,0.0,0.0,803.0
20250428T1200,21.230246,23.759998,8.700001,29.0,3.0,0.0,724.0
20250428T1300,21.950245,26.64,5.1000004,17.0,2.0,0.0,690.0
20250428T1400,22.400246,28.8,7.0,1.0,7.0,0.0,677.0
20250428T1500,22.540245,30.960001,10.0,2.0,10.0,0.0,579.0
20250428T1600,22.350245,30.960001,12.0,4.0,12.0,0.0,457.0
20250428T1700,21.290245,28.08,11.0,10.0,11.0,2.0,238.0
20250428T1800,19.180244,22.319998,17.0,19.0,17.0,3.0,103.0
20250428T1900,16.490246,19.08,15.0,12.0,15.0,3.0,11.0
20250428T2000,14.630245,16.199999,11.0,14.0,11.0,0.0,0.0
20250428T2100,13.860246,15.84,10.0,13.0,10.0,0.0,0.0
20250428T2200,12.8102455,15.119999,42.0,49.0,42.0,4.0,0.0
20250428T2300,11.470245,13.679999,21.0,70.0,7.0,3.0,0.0
20250429T0000,10.470245,13.679999,20.1,67.0,6.0,1.0,0.0
20250429T0100,10.040245,13.32,17.7,59.0,7.0,2.0,0.0
20250429T0200,9.270246,11.879999,10.8,36.0,5.0,3.0,0.0
20250429T0300,8.0602455,10.440001,3.0,10.0,2.0,0.0,0.0
20250429T0400,7.2602453,10.08,2.0,5.0,2.0,0.0,0.0
20250429T0500,8.280246,9.72,3.0,4.0,3.0,0.0,17.0
20250429T0600,11.650246,10.440001,1.0,2.0,1.0,0.0,134.0
20250429T0700,14.840245,13.32,0.0,0.0,0.0,0.0,304.0
20250429T0800,17.290245,12.959999,0.0,0.0,0.0,0.0,478.0
20250429T0900,19.120245,14.759999,0.0,0.0,0.0,0.0,632.0
20250429T1000,20.900246,17.28,32.0,0.0,32.0,0.0,740.0
20250429T1100,22.250246,19.8,5.0,1.0,5.0,0.0,767.0
20250429T1200,23.330246,25.919998,6.0,1.0,6.0,0.0,777.0
20250429T1300,24.150246,26.28,15.0,1.0,15.0,0.0,756.0
20250429T1400,24.510244,24.48,10.0,1.0,10.0,0.0,654.0
20250429T1500,25.120245,26.64,16.0,7.0,16.0,0.0,533.0
20250429T1600,24.220245,26.28,24.0,4.0,24.0,0.0,380.0
20250429T1700,23.260244,23.039999,22.0,1.0,22.0,0.0,217.0
20250429T1800,20.910246,18.0,17.0,0.0,17.0,0.0,104.0
20250429T1900,17.180244,18.359999,14.0,0.0,14.0,0.0,11.0
20250429T2000,16.450245,15.84,6.0,0.0,6.0,3.0,0.0
20250429T2100,16.130245,15.84,2.0,0.0,2.0,2.0,0.0
20250429T2200,13.470245,14.759999,19.0,0.0,19.0,0.0,0.0
20250429T2300,12.650246,14.04,0.0,0.0,0.0,0.0,0.0
20250430T0000,11.660245,13.32,0.0,0.0,0.0,0.0,0.0
20250430T0100,10.630245,12.599999,0.0,0.0,0.0,0.0,0.0
20250430T0200,9.910245,12.24,0.0,0.0,0.0,0.0,0.0
20250430T0300,8.800245,11.159999,0.0,0.0,0.0,0.0,0.0
20250430T0400,7.670245,10.440001,0.0,0.0,0.0,0.0,0.0
20250430T0500,9.030245,9.72,0.0,0.0,0.0,0.0,19.0
20250430T0600,12.270246,10.440001,0.0,0.0,0.0,0.0,142.0
20250430T0700,16.130245,12.24,0.0,0.0,0.0,0.0,312.0
20250430T0800,18.610245,11.879999,0.0,0.0,0.0,0.0,487.0
20250430T0900,20.540245,12.24,0.0,0.0,0.0,0.0,641.0
20250430T1000,22.410246,13.32,0.6,2.0,0.0,0.0,762.0
20250430T1100,23.720245,14.759999,0.3,1.0,0.0,0.0,826.0
20250430T1200,25.200245,15.119999,0.0,0.0,0.0,0.0,787.0
20250430T1300,25.300245,15.84,1.0,0.0,1.0,0.0,778.0
20250430T1400,25.600245,16.919998,1.0,0.0,1.0,0.0,655.0
20250430T1500,25.710245,18.359999,1.0,0.0,1.0,0.0,579.0
20250430T1600,25.370245,19.08,2.0,0.0,2.0,0.0,458.0
20250430T1700,24.410246,18.0,4.0,0.0,4.0,0.0,281.0
20250430T1800,20.940245,13.32,2.0,0.0,2.0,0.0,118.0
20250430T1900,18.270245,18.0,6.0,0.0,6.0,0.0,14.0
20250430T2000,17.070246,15.84,1.0,0.0,1.0,0.0,0.0
20250430T2100,14.990245,12.959999,0.0,0.0,0.0,0.0,0.0
20250430T2200,12.440246,11.879999,4.0,0.0,4.0,0.0,0.0
20250430T2300,11.390245,11.159999,2.0,0.0,2.0,0.0,0.0
20250501T0000,10.570246,10.440001,3.0,0.0,3.0,0.0,0.0
20250501T0100,9.470245,9.36,0.0,0.0,0.0,0.0,0.0
20250501T0200,9.160245,8.64,1.0,0.0,1.0,0.0,0.0
20250501T0300,8.990245,8.64,2.0,0.0,2.0,0.0,0.0
20250501T0400,9.240245,9.36,0.0,0.0,0.0,0.0,0.0
20250501T0500,9.440246,9.72,0.0,0.0,0.0,0.0,21.0
20250501T0600,12.930245,12.24,1.0,0.0,1.0,0.0,145.0
20250501T0700,16.910246,13.32,1.0,0.0,1.0,0.0,314.0
20250501T0800,20.040245,13.679999,0.0,0.0,0.0,0.0,472.0
20250501T0900,23.000246,14.759999,0.0,0.0,0.0,0.0,640.0
20250501T1000,24.540245,15.119999,0.0,0.0,0.0,0.0,762.0
20250501T1100,25.920246,15.119999,0.0,0.0,0.0,0.0,838.0
20250501T1200,26.220245,14.4,1.0,0.0,1.0,0.0,734.0
20250501T1300,27.400246,13.679999,3.0,0.0,3.0,0.0,755.0
20250501T1400,27.290245,12.599999,5.0,0.0,5.0,0.0,677.0
20250501T1500,27.890245,13.32,14.0,0.0,14.0,0.0,587.0
20250501T1600,27.260244,12.959999,8.0,0.0,8.0,0.0,450.0
20250501T1700,25.930244,11.879999,6.0,0.0,6.0,0.0,290.0
20250501T1800,22.470245,9.0,2.0,0.0,2.0,0.0,119.0
20250501T1900,19.850245,9.72,1.0,0.0,1.0,0.0,15.0
20250501T2000,15.790245,8.64,9.0,2.0,9.0,0.0,0.0
20250501T2100,14.230246,8.64,13.0,10.0,13.0,0.0,0.0
20250501T2200,11.940246,9.36,8.0,3.0,8.0,0.0,0.0
20250501T2300,11.260245,10.440001,12.0,0.0,12.0,0.0,0.0
20250502T0000,11.020246,11.5199995,25.0,0.0,25.0,0.0,0.0
20250502T0100,10.860246,11.879999,24.0,0.0,24.0,0.0,0.0
20250502T0200,10.700245,12.959999,17.0,0.0,17.0,0.0,0.0
20250502T0300,10.640245,13.32,27.0,0.0,27.0,0.0,0.0
20250502T0400,10.700245,13.32,13.0,0.0,13.0,0.0,0.0
20250502T0500,11.510245,13.32,7.0,0.0,7.0,0.0,22.0
20250502T0600,14.490245,15.4800005,1.0,0.0,1.0,0.0,144.0
20250502T0700,18.140245,15.4800005,1.0,0.0,1.0,0.0,297.0
20250502T0800,21.330246,14.759999,0.0,0.0,0.0,0.0,456.0
20250502T0900,23.400246,15.119999,0.0,0.0,0.0,0.0,641.0
20250502T1000,25.110245,16.199999,1.0,0.0,1.0,0.0,752.0
20250502T1100,26.570246,17.64,0.0,0.0,0.0,0.0,832.0
20250502T1200,26.990246,17.64,0.90000004,3.0,0.0,0.0,856.0
20250502T1300,28.180244,17.64,1.8000001,6.0,0.0,0.0,802.0
20250502T1400,28.200245,16.919998,7.2000003,24.0,0.0,0.0,751.0
20250502T1500,28.580246,16.199999,1.2,4.0,0.0,0.0,614.0
20250502T1600,27.740246,15.84,6.9,23.0,1.0,0.0,468.0
20250502T1700,26.020245,14.04,17.1,57.0,2.0,0.0,277.0
20250502T1800,22.960245,10.799999,29.400002,98.0,1.0,0.0,128.0
20250502T1900,20.260244,8.28,29.400002,98.0,5.0,0.0,14.0
20250502T2000,19.670246,8.28,33.0,98.0,33.0,0.0,0.0
20250502T2100,18.810246,11.159999,29.7,99.0,11.0,0.0,0.0
20250502T2200,17.570246,16.919998,49.0,99.0,49.0,0.0,0.0
20250502T2300,17.890245,18.359999,62.0,99.0,62.0,0.0,0.0
20250503T0000,18.010244,18.72,51.0,100.0,51.0,0.0,0.0
20250503T0100,19.390245,18.0,53.0,100.0,53.0,0.0,0.0
20250503T0200,19.020245,15.84,72.0,100.0,72.0,0.0,0.0
20250503T0300,16.290245,20.519999,94.0,100.0,94.0,0.0,0.0
20250503T0400,15.460245,23.759998,96.0,100.0,96.0,0.0,0.0
20250503T0500,14.690246,19.8,96.0,98.0,96.0,0.0,8.0
20250503T0600,15.250245,26.64,100.0,82.0,100.0,13.0,52.0
20250503T0700,15.950245,15.119999,83.0,35.0,83.0,5.0,46.0
20250503T0800,17.290245,19.08,58.0,68.0,58.0,7.0,199.0
20250503T0900,19.490246,24.119999,19.0,56.0,19.0,11.0,411.0
20250503T1000,21.550245,32.039997,19.0,37.0,19.0,10.0,716.0
20250503T1100,22.730246,48.96,38.0,41.0,38.0,11.0,725.0
20250503T1200,24.220245,51.48,16.0,26.0,15.0,16.0,768.0
20250503T1300,24.870245,44.28,13.0,6.0,13.0,7.0,800.0
20250503T1400,24.640245,43.199997,4.0,6.0,4.0,2.0,689.0
20250503T1500,24.880245,38.88,6.0,9.0,6.0,1.0,575.0
20250503T1600,24.320246,35.64,18.0,25.0,18.0,3.0,410.0
20250503T1700,23.690245,27.359999,23.0,17.0,23.0,1.0,266.0
20250503T1800,21.650246,23.759998,8.0,5.0,8.0,1.0,110.0
20250503T1900,19.370245,21.599998,8.0,7.0,8.0,0.0,16.0
20250503T2000,18.370245,23.4,7.0,17.0,7.0,0.0,0.0
20250503T2100,18.340246,28.8,20.0,19.0,20.0,1.0,0.0
20250503T2200,16.810246,31.68,41.0,99.0,41.0,0.0,0.0
20250503T2300,16.500246,30.960001,81.0,100.0,81.0,2.0,0.0
20250504T0000,15.990245,20.880001,88.0,94.0,88.0,6.0,0.0
20250504T0100,15.390245,21.96,76.0,64.0,76.0,25.0,0.0
20250504T0200,14.920245,20.880001,61.0,54.0,61.0,54.0,0.0
20250504T0300,14.470245,21.24,63.0,39.0,35.0,63.0,0.0
20250504T0400,13.870245,20.16,64.0,34.0,46.0,64.0,0.0
20250504T0500,13.780245,20.519999,82.0,27.0,62.0,82.0,10.0
20250504T0600,14.450245,19.44,100.0,14.0,57.0,100.0,59.0
20250504T0700,14.730246,23.759998,100.0,6.0,68.0,100.0,90.0
20250504T0800,14.220245,18.359999,100.0,3.0,64.0,100.0,172.0
20250504T0900,12.980246,26.64,100.0,18.0,59.0,100.0,243.0
20250504T1000,12.760245,30.239998,100.0,50.0,75.0,100.0,228.0
20250504T1100,12.630245,34.56,100.0,73.0,86.0,100.0,205.0
20250504T1200,12.490245,31.319998,98.0,91.0,83.0,98.0,251.0
20250504T1300,12.390245,31.319998,87.0,97.0,61.0,87.0,297.0
20250504T1400,12.540245,33.48,88.0,98.0,52.0,88.0,349.0
20250504T1500,12.030245,33.839996,97.0,100.0,73.0,97.0,249.0
20250504T1600,11.760245,32.039997,98.0,100.0,98.0,98.0,198.0
20250504T1700,11.490245,29.88,98.0,100.0,98.0,98.0,99.0
20250504T1800,11.0602455,26.64,97.0,98.0,97.0,93.0,29.0
20250504T1900,10.790245,24.48,97.0,100.0,97.0,76.0,4.0
20250504T2000,10.510245,24.119999,99.0,100.0,99.0,68.0,0.0
20250504T2100,10.360246,24.84,99.0,100.0,99.0,71.0,0.0
20250504T2200,10.110246,24.84,89.0,100.0,89.0,69.0,0.0
20250504T2300,10.040245,24.48,95.0,99.0,95.0,76.0,0.0
20250505T0000,9.890245,24.84,99.0,100.0,99.0,82.0,0.0
20250505T0100,9.520246,27.0,99.0,100.0,99.0,82.0,0.0
20250505T0200,9.210245,28.08,100.0,100.0,100.0,81.0,0.0
20250505T0300,8.930245,28.8,98.0,100.0,98.0,70.0,0.0
20250505T0400,8.5602455,30.239998,98.0,100.0,98.0,63.0,0.0
20250505T0500,8.440246,28.44,99.0,100.0,99.0,53.0,7.0
20250505T0600,8.540245,28.08,98.0,100.0,98.0,67.0,45.0
20250505T0700,8.8102455,29.519999,96.0,100.0,96.0,82.0,59.0
20250505T0800,9.210245,30.960001,96.0,100.0,96.0,76.0,119.0
20250505T0900,9.650246,34.2,98.0,100.0,98.0,72.0,167.0
20250505T1000,10.130245,37.8,96.0,100.0,96.0,92.0,230.0
20250505T1100,10.040245,37.079998,99.0,100.0,99.0,89.0,187.0
20250505T1200,10.3102455,33.839996,98.0,100.0,98.0,80.0,167.0
20250505T1300,10.850245,37.44,98.0,100.0,98.0,80.0,231.0
20250505T1400,11.160245,37.079998,93.0,100.0,93.0,73.0,161.0
20250505T1500,11.360246,31.319998,97.0,100.0,97.0,63.0,196.0
20250505T1600,10.890245,31.68,93.0,99.0,93.0,40.0,169.0
20250505T1700,10.590245,28.8,80.0,98.0,80.0,19.0,101.0
20250505T1800,10.080245,23.4,75.0,95.0,75.0,29.0,52.0
20250505T1900,9.500245,20.16,64.0,95.0,64.0,44.0,13.0
20250505T2000,9.240245,15.4800005,50.0,50.0,50.0,42.0,0.0
20250505T2100,9.040245,16.919998,43.0,38.0,21.0,43.0,0.0
20250505T2200,8.450246,19.44,64.0,95.0,64.0,29.0,0.0
20250505T2300,8.250245,21.599998,70.0,94.0,70.0,48.0,0.0
20250506T0000,7.880245,21.96,86.0,83.0,86.0,65.0,0.0
20250506T0100,7.9102454,23.039999,91.0,25.0,91.0,79.0,0.0
20250506T0200,8.150246,23.039999,93.0,26.0,93.0,74.0,0.0
20250506T0300,8.220245,24.48,94.0,25.0,94.0,71.0,0.0
20250506T0400,8.170245,25.919998,92.0,27.0,92.0,54.0,0.0
20250506T0500,8.490246,28.08,91.0,39.0,91.0,44.0,14.0
20250506T0600,9.120245,30.239998,86.0,33.0,86.0,43.0,82.0
20250506T0700,9.840245,37.44,47.0,10.0,23.0,47.0,226.0
20250506T0800,10.390245,39.96,100.0,5.0,63.0,100.0,241.0
20250506T0900,11.280245,40.68,100.0,4.0,86.0,100.0,240.0
20250506T1000,11.930245,43.56,100.0,16.0,79.0,100.0,340.0
20250506T1100,12.230246,42.12,100.0,4.0,89.0,100.0,289.0
20250506T1200,12.640245,43.92,100.0,1.0,93.0,100.0,459.0
20250506T1300,12.980246,42.839996,97.0,4.0,92.0,97.0,297.0
20250506T1400,13.010245,41.399998,98.0,4.0,89.0,98.0,360.0
20250506T1500,12.830245,38.519997,94.0,7.0,85.0,94.0,215.0
20250506T1600,12.880245,31.68,86.0,11.0,86.0,85.0,236.0
20250506T1700,12.650246,29.16,86.0,12.0,86.0,84.0,191.0
20250506T1800,12.040245,25.199999,79.0,13.0,79.0,78.0,75.0
20250506T1900,10.510245,20.519999,78.0,12.0,78.0,74.0,12.0
20250506T2000,9.550245,18.0,72.0,1.0,72.0,57.0,0.0
20250506T2100,9.150246,17.64,74.0,0.0,74.0,48.0,0.0
20250506T2200,9.090245,17.28,43.0,3.0,43.0,8.0,0.0
20250506T2300,8.290245,16.919998,13.0,1.0,13.0,2.0,0.0
20250507T0000,8.150246,17.28,21.0,5.0,21.0,0.0,0.0
20250507T0100,7.5602455,17.64,24.0,18.0,24.0,0.0,0.0
20250507T0200,6.730245,18.72,27.0,30.0,27.0,0.0,0.0
20250507T0300,6.460245,18.72,20.0,46.0,20.0,0.0,0.0
20250507T0400,6.420245,18.359999,27.0,60.0,27.0,0.0,0.0
20250507T0500,7.400245,18.0,21.0,33.0,21.0,1.0,29.0
20250507T0600,8.800245,20.880001,14.0,14.0,14.0,1.0,143.0
20250507T0700,10.430245,25.919998,13.0,8.0,13.0,1.0,311.0
20250507T0800,12.050245,32.760002,29.0,26.0,29.0,0.0,464.0
20250507T0900,13.320246,36.36,42.0,39.0,39.0,42.0,621.0
20250507T1000,15.200245,37.44,89.0,25.0,57.0,89.0,593.0
20250507T1100,15.750245,38.88,100.0,24.0,86.0,100.0,620.0
20250507T1200,15.800245,37.079998,89.0,27.0,89.0,88.0,475.0
20250507T1300,15.940246,33.48,93.0,51.0,93.0,31.0,419.0
20250507T1400,15.570246,30.239998,95.0,63.0,95.0,19.0,371.0
20250507T1500,15.220245,27.72,95.0,57.0,95.0,16.0,285.0
20250507T1600,14.690246,24.119999,96.0,56.0,96.0,16.0,113.0
20250507T1700,14.100245,16.199999,95.0,56.0,95.0,12.0,129.0
20250507T1800,13.110246,16.56,88.0,47.0,88.0,21.0,62.0
20250507T1900,12.330245,18.359999,86.0,3.0,86.0,19.0,10.0
20250507T2000,11.380245,16.919998,81.0,7.0,81.0,21.0,0.0
20250507T2100,10.710245,16.199999,79.0,15.0,79.0,20.0,0.0
20250507T2200,10.460245,14.759999,35.0,27.0,35.0,11.0,0.0
20250507T2300,10.660245,12.959999,25.0,18.0,25.0,6.0,0.0
20250508T0000,10.500245,11.879999,11.0,26.0,11.0,10.0,0.0
20250508T0100,9.340245,12.24,20.0,39.0,15.0,20.0,0.0
20250508T0200,9.800245,11.879999,29.0,30.0,7.0,29.0,0.0
20250508T0300,9.380245,11.159999,36.0,20.0,18.0,36.0,0.0
20250508T0400,9.150246,10.440001,53.0,7.0,25.0,53.0,0.0
20250508T0500,8.620245,9.36,29.0,7.0,29.0,26.0,29.0
20250508T0600,9.620245,11.879999,46.0,8.0,46.0,18.0,143.0
20250508T0700,10.950245,17.28,39.0,0.0,39.0,18.0,230.0
20250508T0800,12.600245,21.24,47.0,0.0,38.0,47.0,380.0
20250508T0900,13.900246,28.08,51.0,1.0,34.0,51.0,475.0
20250508T1000,14.700245,29.88,29.0,0.0,29.0,10.0,503.0
20250508T1100,15.980246,32.039997,23.0,0.0,23.0,20.0,702.0
20250508T1200,16.320246,32.760002,26.0,0.0,26.0,14.0,713.0
20250508T1300,16.010246,33.12,33.0,0.0,33.0,31.0,673.0
20250508T1400,15.480246,32.399998,75.0,3.0,75.0,27.0,581.0
20250508T1500,13.990245,32.399998,86.0,5.0,86.0,18.0,401.0
20250508T1600,14.090245,33.12,57.0,19.0,57.0,10.0,255.0
20250508T1700,14.110246,29.16,41.0,20.0,41.0,7.0,159.0
20250508T1800,13.570246,21.96,69.0,26.0,69.0,9.0,94.0
20250508T1900,12.390245,23.039999,22.0,13.0,22.0,15.0,21.0
20250508T2000,11.380245,19.08,9.0,30.0,5.0,6.0,0.0
20250508T2100,10.190246,18.0,10.5,35.0,0.0,2.0,0.0
20250508T2200,8.690246,15.119999,46.0,80.0,46.0,3.0,0.0
20250508T2300,8.070246,14.4,50.0,93.0,50.0,1.0,0.0
20250509T0000,7.270245,14.04,53.0,93.0,53.0,0.0,0.0
20250509T0100,6.9902453,14.04,26.7,89.0,2.0,0.0,0.0
20250509T0200,6.0902452,14.4,27.6,92.0,0.0,0.0,0.0
20250509T0300,5.770245,14.759999,25.800001,86.0,1.0,0.0,0.0
20250509T0400,5.8202453,15.4800005,25.800001,86.0,7.0,0.0,0.0
20250509T0500,6.7602453,15.84,20.7,69.0,12.0,0.0,35.0
20250509T0600,8.830245,15.84,20.0,49.0,20.0,0.0,164.0
20250509T0700,11.230246,20.16,24.0,19.0,24.0,0.0,251.0
20250509T0800,12.960245,27.0,35.0,1.0,7.0,35.0,406.0
20250509T0900,14.450245,34.2,80.0,0.0,16.0,80.0,554.0
20250509T1000,15.690246,34.92,35.0,5.0,11.0,35.0,578.0
20250509T1100,16.490246,33.12,55.0,15.0,4.0,55.0,488.0
20250509T1200,17.900246,29.16,64.0,8.0,64.0,18.0,525.0
20250509T1300,17.750246,28.08,78.0,0.0,78.0,5.0,439.0
20250509T1400,17.920246,28.44,60.0,1.0,60.0,12.0,329.0
20250509T1500,17.610245,27.72,56.0,0.0,56.0,17.0,230.0
20250509T1600,17.470245,27.0,42.0,0.0,42.0,21.0,244.0
20250509T1700,17.020245,23.759998,7.0,0.0,4.0,7.0,184.0
20250509T1800,15.390245,17.64,2.0,0.0,0.0,2.0,112.0
20250509T1900,13.8102455,19.08,1.0,0.0,0.0,1.0,27.0
20250509T2000,12.260245,15.84,0.0,0.0,0.0,0.0,0.0
20250509T2100,9.800245,15.4800005,0.0,0.0,0.0,0.0,0.0
20250509T2200,7.8902454,15.119999,0.0,0.0,0.0,0.0,0.0
20250509T2300,6.9902453,14.759999,0.0,0.0,0.0,0.0,0.0
20250510T0000,5.8102455,14.04,0.0,0.0,0.0,0.0,0.0
20250510T0100,5.5102453,13.32,1.0,0.0,1.0,0.0,0.0
20250510T0200,4.5902452,12.959999,0.0,0.0,0.0,0.0,0.0
20250510T0300,4.2602453,12.959999,2.0,0.0,2.0,0.0,0.0
20250510T0400,3.9402456,12.959999,0.0,0.0,0.0,0.0,0.0
20250510T0500,5.360245,13.32,0.0,0.0,0.0,0.0,38.0
20250510T0600,8.830245,13.679999,0.0,0.0,0.0,0.0,174.0
20250510T0700,12.0602455,13.679999,0.0,0.0,0.0,0.0,345.0
20250510T0800,14.580245,15.119999,1.0,0.0,0.0,1.0,518.0
20250510T0900,16.250246,16.919998,0.0,0.0,0.0,0.0,669.0
20250510T1000,17.840246,18.359999,0.0,0.0,0.0,0.0,789.0
20250510T1100,18.610245,19.08,4.0,0.0,4.0,0.0,829.0
20250510T1200,20.310246,19.44,3.0,0.0,3.0,0.0,868.0
20250510T1300,20.400246,19.08,0.0,0.0,0.0,0.0,689.0
20250510T1400,21.470245,18.0,2.0,1.0,2.0,0.0,703.0
20250510T1500,21.550245,16.56,2.0,1.0,2.0,0.0,492.0
20250510T1600,21.510244,15.119999,5.0,2.0,5.0,0.0,403.0
20250510T1700,20.510244,14.4,6.0,2.0,6.0,0.0,259.0
20250510T1800,18.470245,11.5199995,5.7000003,19.0,4.0,0.0,132.0
20250510T1900,16.840246,7.92,6.0,16.0,6.0,0.0,26.0
20250510T2000,15.360246,8.64,5.0,2.0,5.0,0.0,0.0
20250510T2100,12.100245,10.799999,12.0,3.0,12.0,0.0,0.0
20250510T2200,10.580245,11.5199995,10.0,0.0,10.0,0.0,0.0
20250510T2300,9.450245,11.879999,7.0,0.0,7.0,0.0,0.0
20250511T0000,8.350245,11.5199995,6.0,1.0,6.0,0.0,0.0
20250511T0100,7.730245,12.24,11.0,1.0,11.0,0.0,0.0
20250511T0200,7.2202454,12.24,8.0,1.0,8.0,0.0,0.0
20250511T0300,6.5902452,12.24,11.0,1.0,11.0,0.0,0.0
20250511T0400,6.400245,11.879999,6.0,1.0,6.0,0.0,0.0
20250511T0500,7.980245,11.879999,1.0,0.0,1.0,0.0,39.0
20250511T0600,11.450245,12.959999,0.0,0.0,0.0,0.0,170.0
20250511T0700,14.890245,13.679999,0.0,0.0,0.0,0.0,348.0
20250511T0800,17.190245,14.4,0.0,0.0,0.0,0.0,497.0
20250511T0900,19.020245,14.4,1.0,0.0,1.0,0.0,610.0
20250511T1000,20.290245,16.199999,13.0,0.0,13.0,0.0,746.0
20250511T1100,21.460245,19.44,8.0,0.0,8.0,0.0,865.0
20250511T1200,22.480246,21.24,2.0,0.0,2.0,0.0,889.0
20250511T1300,23.200245,21.599998,1.0,0.0,1.0,0.0,862.0
20250511T1400,24.030245,21.599998,2.0,0.0,2.0,0.0,793.0
20250511T1500,24.030245,21.96,5.0,0.0,5.0,0.0,672.0
20250511T1600,24.090246,21.599998,5.0,0.0,5.0,0.0,511.0
20250511T1700,23.520245,19.08,2.0,0.0,2.0,0.0,331.0
20250511T1800,20.530245,12.959999,3.0,1.0,3.0,0.0,158.0
20250511T1900,17.450245,16.56,2.0,3.0,2.0,0.0,30.0
20250511T2000,14.000245,16.56,0.0,0.0,0.0,0.0,0.0
20250511T2100,12.640245,16.199999,0.0,0.0,0.0,0.0,0.0
20250511T2200,12.200245,15.119999,12.0,2.0,12.0,0.0,0.0
20250511T2300,13.0602455,14.04,48.0,5.0,48.0,0.0,0.0
20250512T0000,12.5602455,11.159999,33.0,19.0,33.0,17.0,0.0
20250512T0100,11.610246,11.879999,57.0,1.0,57.0,32.0,0.0
20250512T0200,10.520246,11.879999,46.0,0.0,46.0,29.0,0.0
20250512T0300,10.290245,11.879999,56.0,0.0,56.0,7.0,0.0
20250512T0400,9.840245,11.159999,77.0,2.0,77.0,4.0,0.0
20250512T0500,11.360246,10.440001,98.0,2.0,98.0,1.0,32.0
20250512T0600,13.580245,12.24,99.0,0.0,99.0,3.0,112.0
20250512T0700,15.050245,9.72,96.0,1.0,96.0,1.0,141.0
20250512T0800,16.530245,14.759999,71.0,2.0,71.0,0.0,369.0
20250512T0900,17.450245,18.359999,32.0,4.0,32.0,20.0,461.0
20250512T1000,18.090246,20.519999,42.0,53.0,42.0,21.0,608.0
20250512T1100,18.130245,20.880001,72.0,52.0,59.0,72.0,487.0
20250512T1200,18.860245,21.599998,70.0,53.0,30.0,70.0,399.0
20250512T1300,19.000246,19.08,81.0,70.0,81.0,64.0,339.0
20250512T1400,18.410246,19.8,76.0,70.0,76.0,56.0,262.0
20250512T1500,17.620245,20.16,64.0,58.0,64.0,3.0,189.0
20250512T1600,16.180246,17.64,89.0,70.0,89.0,3.0,169.0
20250512T1700,14.840245,14.04,79.0,84.0,79.0,0.0,77.0
20250512T1800,13.990245,11.879999,74.0,93.0,74.0,7.0,67.0
20250512T1900,12.970245,15.4800005,87.0,93.0,87.0,5.0,10.0
20250512T2000,12.630245,15.119999,95.0,98.0,95.0,12.0,0.0
20250512T2100,12.300245,14.04,97.0,99.0,97.0,11.0,0.0
20250512T2200,12.350245,11.879999,95.0,88.0,95.0,78.0,0.0
20250512T2300,11.780245,12.959999,89.0,90.0,89.0,79.0,0.0
20250513T0000,11.790245,10.08,85.0,83.0,85.0,77.0,0.0
20250513T0100,11.430245,10.440001,82.0,82.0,82.0,73.0,0.0
20250513T0200,11.130245,9.72,65.0,79.0,65.0,55.0,0.0
20250513T0300,10.970245,8.64,71.0,80.0,57.0,71.0,0.0
20250513T0400,10.520246,8.64,74.0,73.0,55.0,74.0,0.0
20250513T0500,11.030245,10.08,81.0,80.0,49.0,81.0,28.0
20250513T0600,12.400246,12.599999,74.0,62.0,13.0,74.0,140.0
20250513T0700,13.920245,15.4800005,53.0,8.0,17.0,53.0,218.0
20250513T0800,14.950245,16.919998,48.0,18.0,24.0,48.0,360.0
20250513T0900,16.380245,19.08,34.0,21.0,26.0,34.0,517.0
20250513T1000,17.010244,21.24,43.0,18.0,43.0,40.0,521.0
20250513T1100,18.580246,21.599998,44.0,25.0,44.0,13.0,605.0
20250513T1200,19.690245,23.039999,41.0,24.0,41.0,18.0,670.0
20250513T1300,19.930244,18.72,29.0,20.0,29.0,8.0,540.0
20250513T1400,20.930244,23.4,36.0,27.0,36.0,15.0,403.0
20250513T1500,21.460245,23.4,42.0,25.0,42.0,14.0,435.0
20250513T1600,21.000246,21.24,48.0,31.0,48.0,28.0,349.0
20250513T1700,19.920246,18.0,42.0,53.0,42.0,18.0,226.0
20250513T1800,18.330246,14.04,53.0,62.0,53.0,22.0,110.0
20250513T1900,15.180245,10.440001,20.0,53.0,20.0,3.0,23.0
20250513T2000,14.090245,9.36,23.0,50.0,23.0,6.0,0.0
20250513T2100,12.910245,6.8399997,16.0,47.0,16.0,5.0,0.0
20250513T2200,11.710245,7.92,28.0,37.0,28.0,8.0,0.0
20250513T2300,10.440246,8.28,21.0,17.0,21.0,10.0,0.0
20250514T0000,9.530245,8.28,16.0,8.0,16.0,8.0,0.0
20250514T0100,8.870245,8.28,23.0,4.0,23.0,5.0,0.0
20250514T0200,7.9902453,9.0,18.0,1.0,18.0,4.0,0.0
20250514T0300,7.880245,9.0,2.0,3.0,1.0,2.0,0.0
20250514T0400,7.2402453,9.72,3.0,2.0,1.0,3.0,0.0
20250514T0500,8.800245,10.440001,1.0,0.0,1.0,0.0,45.0
20250514T0600,11.930245,11.879999,1.0,0.0,1.0,0.0,179.0
20250514T0700,15.020246,12.24,0.0,0.0,0.0,0.0,349.0
20250514T0800,17.650246,12.599999,0.0,0.0,0.0,0.0,517.0
20250514T0900,19.540245,13.32,0.0,0.0,0.0,0.0,675.0
20250514T1000,21.080246,13.32,3.0,0.0,3.0,0.0,759.0
20250514T1100,21.940245,14.04,6.0,0.0,6.0,1.0,734.0
20250514T1200,22.470245,15.84,15.0,0.0,15.0,1.0,859.0
20250514T1300,23.030245,16.56,33.0,0.0,33.0,2.0,794.0
20250514T1400,23.280245,16.56,31.0,0.0,31.0,0.0,666.0
20250514T1500,24.000246,16.199999,28.0,1.0,28.0,0.0,521.0
20250514T1600,22.920246,15.84,16.0,0.0,16.0,0.0,422.0
20250514T1700,22.400246,14.4,15.0,0.0,15.0,0.0,258.0
20250514T1800,20.710245,9.0,0.0,0.0,0.0,0.0,152.0
20250514T1900,19.380245,11.5199995,3.0,0.0,3.0,0.0,35.0
20250514T2000,15.990245,11.5199995,0.0,0.0,0.0,0.0,0.0
20250514T2100,13.670245,9.36,1.0,0.0,1.0,0.0,0.0
20250514T2200,13.730246,6.8399997,0.0,0.0,0.0,0.0,0.0
20250514T2300,12.160245,7.5599995,1.0,0.0,1.0,0.0,0.0
20250515T0000,11.070246,8.28,9.0,0.0,9.0,0.0,0.0
20250515T0100,10.300245,8.64,11.0,0.0,11.0,0.0,0.0
20250515T0200,8.910245,8.64,10.0,0.0,10.0,0.0,0.0
20250515T0300,8.470245,8.28,4.0,0.0,4.0,0.0,0.0
20250515T0400,7.8702455,8.28,4.8,16.0,1.0,0.0,0.0
20250515T0500,8.730246,8.64,12.6,42.0,0.0,0.0,46.0
20250515T0600,12.300245,11.159999,20.400002,68.0,0.0,0.0,181.0
20250515T0700,15.620245,12.959999,28.500002,95.0,0.0,0.0,349.0
20250515T0800,17.370245,19.44,29.400002,98.0,0.0,0.0,490.0
20250515T0900,19.250246,24.119999,28.500002,95.0,0.0,0.0,611.0
20250515T1000,20.070246,25.56,24.900002,83.0,0.0,0.0,740.0
20250515T1100,20.690245,27.359999,2.4,8.0,0.0,1.0,790.0
20250515T1200,21.070246,31.319998,7.0,0.0,4.0,7.0,859.0
20250515T1300,21.480246,33.12,4.0,0.0,4.0,3.0,752.0
20250515T1400,20.840246,34.92,1.0,0.0,1.0,1.0,781.0
20250515T1500,20.910246,35.28,17.0,0.0,17.0,3.0,570.0
20250515T1600,20.000246,34.2,21.0,0.0,21.0,0.0,387.0
20250515T1700,18.990246,32.760002,22.0,0.0,22.0,2.0,272.0
20250515T1800,17.730246,34.2,30.0,0.0,30.0,7.0,144.0
20250515T1900,16.390245,34.92,19.0,0.0,19.0,5.0,28.0
20250515T2000,15.010245,34.92,21.0,0.0,21.0,2.0,0.0
20250515T2100,13.430245,30.239998,29.0,0.0,29.0,2.0,0.0
20250515T2200,11.950245,23.759998,25.0,0.0,25.0,1.0,0.0
20250515T2300,10.400246,20.519999,12.0,0.0,12.0,0.0,0.0
20250516T0000,8.880245,19.8,2.0,0.0,2.0,0.0,0.0
20250516T0100,7.3102455,19.8,2.0,0.0,2.0,0.0,0.0
20250516T0200,6.480245,19.8,0.0,0.0,0.0,0.0,0.0
20250516T0300,5.8402452,18.72,0.0,0.0,0.0,0.0,0.0
20250516T0400,4.790245,17.64,0.0,0.0,0.0,0.0,0.0
20250516T0500,7.040245,16.56,0.0,0.0,0.0,0.0,52.0
20250516T0600,10.400246,16.919998,0.0,0.0,0.0,0.0,197.0
20250516T0700,13.490245,20.519999,0.0,0.0,0.0,0.0,370.0
20250516T0800,15.140245,25.919998,0.0,0.0,0.0,0.0,543.0
20250516T0900,16.510246,29.16,7.0,0.0,7.0,1.0,696.0
20250516T1000,18.150246,30.960001,57.0,0.0,57.0,0.0,813.0
20250516T1100,18.570246,31.319998,81.0,0.0,81.0,0.0,817.0
20250516T1200,18.720245,32.399998,88.0,0.0,88.0,0.0,786.0
20250516T1300,18.980246,33.839996,97.0,0.0,97.0,0.0,654.0
20250516T1400,19.310246,33.839996,99.0,0.0,99.0,0.0,525.0
20250516T1500,19.050245,33.12,92.0,0.0,92.0,1.0,394.0
20250516T1600,18.570246,29.16,83.0,0.0,83.0,0.0,355.0
20250516T1700,18.150246,24.48,84.0,7.0,84.0,0.0,235.0
20250516T1800,16.720245,13.679999,71.0,4.0,71.0,0.0,146.0
20250516T1900,15.430245,14.4,63.0,0.0,63.0,0.0,34.0
20250516T2000,12.400246,13.32,53.0,0.0,53.0,0.0,0.0
20250516T2100,11.290245,10.440001,70.0,0.0,70.0,1.0,0.0
20250516T2200,11.530245,9.36,71.0,2.0,71.0,0.0,0.0
20250516T2300,10.860246,9.72,51.0,0.0,51.0,0.0,0.0
20250517T0000,9.860246,9.36,49.0,0.0,49.0,0.0,0.0
20250517T0100,8.660245,8.28,24.0,0.0,24.0,0.0,0.0
20250517T0200,7.400245,6.4799995,18.0,0.0,18.0,3.0,0.0
20250517T0300,5.9302454,7.92,28.0,0.0,28.0,1.0,0.0
20250517T0400,5.1802454,9.0,44.0,0.0,44.0,8.0,0.0
20250517T0500,7.230245,9.0,48.0,0.0,48.0,13.0,50.0
20250517T0600,11.030245,9.0,48.0,0.0,48.0,9.0,189.0
20250517T0700,13.980246,11.159999,49.0,0.0,49.0,7.0,284.0
20250517T0800,15.960245,14.4,28.0,0.0,28.0,4.0,522.0
20250517T0900,18.020245,14.759999,15.0,0.0,15.0,2.0,665.0
20250517T1000,18.530245,15.4800005,67.0,0.0,67.0,5.0,646.0
20250517T1100,19.260244,19.08,19.0,0.0,19.0,2.0,712.0
20250517T1200,19.370245,21.24,25.0,0.0,25.0,0.0,719.0
20250517T1300,19.540245,23.039999,29.0,0.0,29.0,0.0,660.0
20250517T1400,19.460245,23.4,22.0,0.0,22.0,0.0,531.0
20250517T1500,19.260244,23.4,33.0,0.0,33.0,3.0,408.0
20250517T1600,18.610245,23.039999,41.0,0.0,41.0,6.0,283.0
20250517T1700,18.140245,23.759998,59.0,0.0,59.0,14.0,238.0
20250517T1800,16.950245,21.96,56.0,0.0,56.0,5.0,111.0
20250517T1900,14.660245,14.04,52.0,0.0,52.0,9.0,30.0
20250517T2000,13.020246,11.5199995,74.0,0.0,74.0,15.0,0.0
20250517T2100,12.080245,9.0,88.0,0.0,88.0,28.0,0.0
20250517T2200,11.340245,11.159999,69.0,0.0,69.0,12.0,0.0
20250517T2300,10.750245,11.5199995,46.0,0.0,46.0,12.0,0.0
20250518T0000,10.540245,11.159999,52.0,0.0,52.0,15.0,0.0
20250518T0100,10.690246,10.08,36.0,0.0,36.0,10.0,0.0
20250518T0200,10.260245,9.0,32.0,0.0,32.0,10.0,0.0
20250518T0300,9.640245,7.5599995,35.0,0.0,35.0,21.0,0.0
20250518T0400,8.540245,5.3999996,34.0,0.0,34.0,24.0,0.0
20250518T0500,8.860246,6.12,32.0,0.0,32.0,29.0,43.0
20250518T0600,11.520246,9.36,25.0,0.0,23.0,25.0,157.0
20250518T0700,14.220245,10.799999,24.0,0.0,21.0,24.0,340.0
20250518T0800,16.440247,12.599999,17.0,0.0,14.0,17.0,468.0
20250518T0900,17.900246,15.84,32.0,0.0,32.0,12.0,605.0
20250518T1000,18.730246,19.08,25.0,0.0,25.0,11.0,744.0
20250518T1100,19.510244,20.16,36.0,0.0,36.0,11.0,669.0
20250518T1200,20.070246,19.8,33.0,0.0,33.0,0.0,528.0
20250518T1300,20.970245,19.08,32.0,0.0,32.0,0.0,602.0
20250518T1400,21.310246,19.08,29.0,0.0,29.0,0.0,642.0
20250518T1500,21.480246,18.359999,30.0,0.0,30.0,0.0,510.0
20250518T1600,21.360245,15.84,33.0,0.0,33.0,0.0,379.0
20250518T1700,21.060246,14.04,32.0,0.0,32.0,0.0,249.0
20250518T1800,19.540245,8.64,31.0,0.0,31.0,0.0,151.0
20250518T1900,17.870245,14.4,24.0,0.0,24.0,1.0,39.0
20250518T2000,15.070246,16.199999,24.0,0.0,24.0,8.0,0.0
20250518T2100,12.380245,16.919998,15.0,0.0,15.0,6.0,0.0
20250518T2200,10.400246,16.56,4.0,0.0,4.0,3.0,0.0
20250518T2300,9.580245,15.4800005,4.0,0.0,4.0,3.0,0.0
20250519T0000,8.650246,14.04,4.0,0.0,2.0,4.0,0.0
20250519T0100,8.420245,13.32,3.0,0.0,3.0,2.0,0.0
20250519T0200,7.960245,12.959999,6.0,0.0,6.0,1.0,0.0
20250519T0300,6.7002454,12.959999,7.0,0.0,7.0,4.0,0.0
20250519T0400,6.610245,12.24,4.0,0.0,4.0,1.0,0.0
20250519T0500,8.660245,12.24,5.0,0.0,5.0,3.0,55.0
20250519T0600,11.550245,13.679999,2.0,6.0,1.0,2.0,196.0
20250519T0700,14.960245,14.04,2.1000001,7.0,0.0,0.0,367.0
20250519T0800,16.940245,16.56,1.0,0.0,0.0,1.0,523.0
20250519T0900,19.480246,19.44,17.400002,58.0,0.0,0.0,672.0
20250519T1000,21.080246,21.599998,23.1,77.0,3.0,0.0,805.0
20250519T1100,22.090246,21.96,22.5,75.0,7.0,0.0,868.0
20250519T1200,22.590246,21.24,24.6,82.0,0.0,0.0,888.0
20250519T1300,23.430244,20.16,15.3,51.0,13.0,0.0,828.0
20250519T1400,24.090246,19.08,15.6,52.0,11.0,0.0,759.0
20250519T1500,24.470245,16.919998,20.400002,68.0,18.0,0.0,544.0
20250519T1600,24.180244,14.4,24.900002,83.0,14.0,2.0,367.0
20250519T1700,23.470245,11.879999,24.900002,83.0,19.0,1.0,248.0
20250519T1800,21.180244,10.799999,29.0,92.0,29.0,0.0,111.0
20250519T1900,20.090246,9.72,35.0,95.0,35.0,3.0,25.0
20250519T2000,18.800245,8.64,45.0,99.0,45.0,6.0,0.0
20250519T2100,16.780245,10.08,38.0,100.0,38.0,2.0,0.0
20250519T2200,16.040245,11.159999,40.0,99.0,40.0,9.0,0.0
20250519T2300,16.160246,10.799999,36.0,99.0,36.0,5.0,0.0
20250520T0000,15.880245,9.0,41.0,99.0,41.0,3.0,0.0
20250520T0100,14.910245,11.159999,73.0,99.0,73.0,3.0,0.0
20250520T0200,14.3102455,12.959999,72.0,94.0,72.0,0.0,0.0
20250520T0300,13.910245,14.04,69.0,88.0,69.0,0.0,0.0
20250520T0400,13.480246,13.32,36.0,83.0,36.0,0.0,0.0
20250520T0500,13.770246,10.799999,24.300001,81.0,19.0,4.0,22.0
20250520T0600,14.830245,11.879999,28.0,92.0,28.0,6.0,87.0
20250520T0700,15.780245,11.159999,45.0,92.0,45.0,11.0,242.0
20250520T0800,16.890245,13.32,54.0,98.0,54.0,11.0,341.0
20250520T0900,18.020245,13.32,75.0,98.0,75.0,1.0,331.0
20250520T1000,19.560246,15.119999,75.0,94.0,75.0,0.0,426.0
20250520T1100,19.900246,15.4800005,48.0,91.0,48.0,1.0,343.0
20250520T1200,20.430244,15.4800005,93.0,88.0,93.0,13.0,424.0
20250520T1300,20.070246,14.759999,93.0,85.0,93.0,31.0,460.0
20250520T1400,20.030245,15.84,53.0,85.0,53.0,28.0,401.0
20250520T1500,19.540245,15.119999,93.0,90.0,93.0,8.0,252.0
20250520T1600,19.060246,11.879999,67.0,90.0,67.0,2.0,199.0
20250520T1700,18.230246,11.5199995,84.0,91.0,84.0,1.0,135.0
20250520T1800,17.140245,7.92,72.0,83.0,72.0,3.0,54.0
20250520T1900,16.780245,9.36,67.0,85.0,67.0,0.0,25.0
20250520T2000,16.080246,10.799999,76.0,72.0,76.0,4.0,0.0
20250520T2100,15.100245,10.08,53.0,65.0,53.0,7.0,0.0
20250520T2200,14.150246,9.0,41.0,43.0,41.0,10.0,0.0
20250520T2300,14.040245,8.28,80.0,54.0,80.0,21.0,0.0
20250521T0000,13.820246,9.0,75.0,48.0,75.0,9.0,0.0
20250521T0100,13.390245,10.08,57.0,30.0,57.0,6.0,0.0
20250521T0200,13.270246,10.799999,71.0,49.0,71.0,8.0,0.0
20250521T0300,12.950245,10.440001,67.0,76.0,67.0,20.0,0.0
20250521T0400,12.780245,10.440001,66.0,95.0,24.0,66.0,0.0
20250521T0500,13.530245,12.24,50.0,98.0,24.0,50.0,32.0
20250521T0600,14.910245,12.959999,63.0,99.0,39.0,63.0,94.0
20250521T0700,16.180246,15.119999,49.0,99.0,42.0,49.0,146.0
20250521T0800,17.400246,18.359999,55.0,99.0,55.0,39.0,205.0
20250521T0900,18.780245,21.24,48.0,87.0,48.0,35.0,324.0
20250521T1000,19.280245,22.319998,90.0,35.0,90.0,2.0,552.0
20250521T1100,19.880245,24.84,94.0,86.0,94.0,33.0,626.0
20250521T1200,20.540245,24.48,82.0,99.0,82.0,22.0,636.0
20250521T1300,20.580246,23.4,45.0,99.0,45.0,9.0,540.0
20250521T1400,20.100245,23.4,30.0,99.0,30.0,10.0,461.0
20250521T1500,19.330246,30.599998,52.0,99.0,52.0,19.0,314.0
20250521T1600,18.470245,30.599998,80.0,100.0,80.0,17.0,198.0
20250521T1700,17.090246,24.84,95.0,100.0,95.0,13.0,102.0
20250521T1800,15.640245,19.8,100.0,100.0,100.0,5.0,64.0
20250521T1900,14.130245,11.159999,100.0,100.0,100.0,0.0,10.0
20250521T2000,13.460245,9.0,100.0,100.0,100.0,0.0,0.0
20250521T2100,12.400246,8.28,100.0,96.0,100.0,7.0,0.0
20250521T2200,12.070246,11.159999,100.0,88.0,100.0,18.0,0.0
20250521T2300,11.700245,11.159999,99.0,75.0,99.0,68.0,0.0
20250522T0000,11.340245,10.799999,93.0,46.0,93.0,81.0,0.0
20250522T0100,11.230246,11.879999,95.0,62.0,95.0,69.0,0.0
20250522T0200,11.3102455,10.08,99.0,97.0,99.0,88.0,0.0
20250522T0300,11.370245,6.8399997,100.0,100.0,100.0,95.0,0.0
20250522T0400,11.530245,6.8399997,100.0,100.0,100.0,93.0,0.0
20250522T0500,11.590245,8.28,100.0,100.0,100.0,88.0,13.0
20250522T0600,11.950245,12.599999,100.0,100.0,100.0,87.0,55.0
20250522T0700,12.010245,14.759999,100.0,98.0,100.0,94.0,75.0
20250522T0800,12.270246,19.08,99.0,69.0,99.0,99.0,177.0
20250522T0900,12.500245,23.4,96.0,25.0,91.0,96.0,251.0
20250522T1000,13.050245,26.28,94.0,1.0,94.0,73.0,369.0
20250522T1100,13.300245,29.519999,93.0,5.0,93.0,60.0,386.0
20250522T1200,14.180245,32.039997,87.0,14.0,87.0,64.0,530.0
20250522T1300,14.490245,34.56,65.0,5.0,65.0,51.0,455.0
20250522T1400,15.200245,36.36,46.0,5.0,39.0,46.0,436.0
20250522T1500,15.670245,34.56,58.0,5.0,58.0,17.0,511.0
20250522T1600,15.820246,31.319998,36.0,2.0,36.0,32.0,388.0
20250522T1700,15.630245,29.16,26.0,5.0,26.0,4.0,248.0
20250522T1800,14.650246,26.64,36.0,3.0,36.0,10.0,115.0
20250522T1900,13.820246,19.8,26.0,0.0,26.0,13.0,41.0
20250522T2000,12.860246,14.759999,16.0,0.0,16.0,16.0,0.0
20250522T2100,11.910245,14.04,27.0,0.0,19.0,27.0,0.0
20250522T2200,10.220245,14.04,32.0,0.0,29.0,32.0,0.0
20250522T2300,9.930245,13.679999,26.0,0.0,26.0,24.0,0.0
20250523T0000,9.030245,12.599999,34.0,0.0,34.0,25.0,0.0
20250523T0100,8.660245,11.879999,36.0,0.0,36.0,33.0,0.0
20250523T0200,8.570246,11.159999,27.0,0.0,27.0,25.0,0.0
20250523T0300,8.510245,10.799999,28.0,0.0,28.0,20.0,0.0
20250523T0400,8.070246,11.159999,57.0,0.0,57.0,33.0,1.0
20250523T0500,8.920245,10.799999,88.0,0.0,88.0,54.0,49.0
20250523T0600,10.570246,13.32,91.0,0.0,91.0,43.0,174.0
20250523T0700,11.900246,10.440001,98.0,0.0,98.0,64.0,108.0
20250523T0800,12.890245,17.64,94.0,0.0,94.0,82.0,356.0
20250523T0900,13.730246,21.96,93.0,0.0,93.0,67.0,440.0
20250523T1000,14.150246,23.4,66.0,0.0,66.0,8.0,570.0
20250523T1100,15.200245,23.759998,60.0,0.0,60.0,14.0,626.0
20250523T1200,15.960245,24.48,64.0,0.0,64.0,14.0,689.0
20250523T1300,16.730246,24.48,51.0,0.0,51.0,15.0,641.0
20250523T1400,16.570246,23.4,62.0,0.0,62.0,15.0,579.0
20250523T1500,17.390245,24.119999,69.0,0.0,69.0,5.0,593.0
20250523T1600,16.960245,23.039999,14.0,0.0,14.0,0.0,493.0
20250523T1700,16.540245,21.599998,22.0,2.0,22.0,0.0,333.0
20250523T1800,15.120245,19.08,12.0,0.0,12.0,0.0,176.0
20250523T1900,12.840245,15.4800005,13.0,0.0,13.0,0.0,49.0
20250523T2000,11.420245,16.56,16.0,0.0,16.0,0.0,0.0
20250523T2100,9.290245,17.28,16.0,0.0,16.0,0.0,0.0
20250523T2200,8.410246,17.28,42.0,0.0,42.0,40.0,0.0
20250523T2300,6.2202454,15.84,19.0,0.0,19.0,14.0,0.0
20250524T0000,7.480245,14.4,26.0,0.0,26.0,10.0,0.0
20250524T0100,6.980245,9.72,43.0,0.0,43.0,10.0,0.0
20250524T0200,7.0802455,5.7599998,39.0,23.0,39.0,4.0,0.0
20250524T0300,6.4702454,5.3999996,41.0,60.0,41.0,7.0,0.0
20250524T0400,6.3402452,5.3999996,48.0,71.0,48.0,13.0,1.0
20250524T0500,6.170245,5.04,46.0,90.0,42.0,46.0,62.0
20250524T0600,9.180245,8.28,35.0,95.0,35.0,29.0,207.0
20250524T0700,11.940246,10.440001,30.000002,100.0,20.0,15.0,289.0
20250524T0800,13.790245,14.759999,29.7,99.0,12.0,11.0,503.0
20250524T0900,15.680245,15.4800005,27.900002,93.0,14.0,27.0,582.0
20250524T1000,16.080246,18.0,89.0,93.0,89.0,45.0,729.0
20250524T1100,16.920246,19.8,94.0,34.0,94.0,3.0,797.0
20250524T1200,18.380245,20.519999,92.0,82.0,92.0,0.0,863.0
20250524T1300,18.330246,20.16,91.0,87.0,91.0,0.0,835.0
20250524T1400,19.390245,20.880001,74.0,96.0,74.0,0.0,728.0
20250524T1500,19.420246,23.039999,40.0,92.0,40.0,0.0,575.0
20250524T1600,18.210245,23.4,85.0,89.0,85.0,0.0,259.0
20250524T1700,16.940245,23.039999,97.0,94.0,97.0,0.0,154.0
20250524T1800,15.740245,22.319998,99.0,97.0,99.0,0.0,56.0
20250524T1900,14.440246,18.72,97.0,98.0,97.0,2.0,18.0
20250524T2000,13.280245,16.199999,98.0,98.0,98.0,19.0,0.0
20250524T2100,12.960245,12.959999,98.0,99.0,98.0,46.0,0.0
20250524T2200,13.040245,16.56,95.0,97.0,95.0,16.0,0.0
20250524T2300,13.040245,19.8,100.0,95.0,100.0,56.0,0.0
20250525T0000,13.070246,21.24,91.0,96.0,91.0,42.0,0.0
20250525T0100,12.880245,21.24,92.0,75.0,92.0,29.0,0.0
20250525T0200,12.870245,20.880001,88.0,87.0,88.0,25.0,0.0
20250525T0300,12.760245,19.8,92.0,94.0,92.0,20.0,0.0
20250525T0400,12.680245,18.359999,93.0,92.0,93.0,11.0,1.0
20250525T0500,12.880245,18.72,97.0,69.0,97.0,11.0,42.0
20250525T0600,13.800245,20.16,98.0,89.0,98.0,3.0,86.0
20250525T0700,14.550245,24.84,95.0,96.0,95.0,0.0,186.0
20250525T0800,15.3102455,28.8,93.0,87.0,93.0,2.0,309.0
20250525T0900,16.820246,32.760002,60.0,13.0,60.0,4.0,383.0
20250525T1000,18.850245,41.039997,94.0,40.0,94.0,62.0,454.0
20250525T1100,20.190245,42.48,92.0,47.0,92.0,51.0,492.0
20250525T1200,20.550245,42.12,57.0,0.0,57.0,41.0,474.0
20250525T1300,20.820246,44.639996,62.0,0.0,62.0,45.0,529.0
20250525T1400,20.970245,47.16,41.0,0.0,41.0,38.0,511.0
20250525T1500,20.530245,44.639996,36.0,0.0,36.0,23.0,226.0
20250525T1600,20.150246,32.760002,43.0,0.0,43.0,18.0,207.0
20250525T1700,19.660246,31.319998,50.0,2.0,50.0,17.0,118.0
20250525T1800,18.710245,29.88,56.0,2.0,56.0,20.0,83.0
20250525T1900,17.320246,27.0,57.0,0.0,57.0,27.0,35.0
20250525T2000,16.710245,20.880001,64.0,2.0,64.0,25.0,0.0
20250525T2100,15.900246,16.919998,58.0,61.0,58.0,12.0,0.0
20250525T2200,15.800245,17.28,59.0,99.0,59.0,49.0,0.0
20250525T2300,15.280245,22.319998,89.0,95.0,89.0,76.0,0.0
20250526T0000,14.770246,23.4,81.0,98.0,81.0,58.0,0.0
20250526T0100,14.380245,25.199999,63.0,42.0,63.0,36.0,0.0
20250526T0200,14.380245,23.039999,69.0,4.0,69.0,55.0,0.0
20250526T0300,14.270246,24.84,91.0,19.0,91.0,68.0,0.0
20250526T0400,13.920245,23.039999,94.0,76.0,94.0,86.0,0.0
20250526T0500,14.070246,21.599998,96.0,94.0,94.0,96.0,7.0
20250526T0600,14.090245,23.759998,98.0,94.0,90.0,98.0,57.0
20250526T0700,14.590245,14.4,97.0,50.0,95.0,97.0,130.0
20250526T0800,15.040245,14.759999,100.0,0.0,100.0,99.0,68.0
20250526T0900,15.460245,17.28,98.0,0.0,98.0,97.0,92.0
20250526T1000,15.630245,17.64,74.0,2.0,74.0,61.0,128.0
20250526T1100,15.970245,16.919998,68.0,41.0,53.0,68.0,206.0
20250526T1200,16.550245,23.039999,100.0,89.0,33.0,100.0,336.0
20250526T1300,17.810246,28.44,96.0,50.0,41.0,96.0,464.0
20250526T1400,18.010244,28.8,63.0,2.0,41.0,63.0,403.0
20250526T1500,18.600245,29.88,57.0,0.0,44.0,57.0,442.0
20250526T1600,18.440245,29.88,46.0,7.0,46.0,24.0,440.0
20250526T1700,17.710245,27.0,55.0,98.0,55.0,54.0,254.0
20250526T1800,16.930244,22.319998,41.0,99.0,41.0,29.0,106.0
20250526T1900,14.920245,10.08,43.0,100.0,43.0,28.0,37.0
20250526T2000,12.970245,9.0,69.0,97.0,69.0,28.0,0.0
20250526T2100,11.800245,7.5599995,90.0,100.0,90.0,32.0,0.0
20250526T2200,12.540245,7.2,89.0,99.0,89.0,52.0,0.0
20250526T2300,11.410245,6.8399997,92.0,100.0,92.0,40.0,0.0
20250527T0000,11.050245,7.5599995,98.0,100.0,98.0,34.0,0.0
20250527T0100,10.750245,8.64,96.0,96.0,96.0,31.0,0.0
20250527T0200,10.880245,9.36,99.0,93.0,99.0,51.0,0.0
20250527T0300,10.850245,10.08,98.0,74.0,98.0,67.0,0.0
20250527T0400,10.520246,10.799999,79.0,44.0,79.0,0.0,1.0
20250527T0500,11.610246,10.799999,63.0,29.0,63.0,22.0,39.0
20250527T0600,12.950245,13.679999,63.0,15.0,63.0,36.0,154.0
20250527T0700,14.890245,16.56,39.0,1.0,39.0,31.0,260.0
20250527T0800,16.810246,21.24,47.0,5.0,47.0,40.0,466.0
20250527T0900,18.630245,23.039999,51.0,37.0,34.0,51.0,574.0
20250527T1000,18.670246,26.28,88.0,2.0,87.0,88.0,554.0
20250527T1100,19.130245,27.0,95.0,3.0,95.0,89.0,407.0
20250527T1200,18.970245,25.56,98.0,45.0,98.0,76.0,409.0
20250527T1300,19.320246,26.64,91.0,87.0,91.0,76.0,374.0
20250527T1400,19.860245,27.359999,89.0,64.0,89.0,76.0,270.0
20250527T1500,20.650246,29.16,86.0,83.0,78.0,86.0,315.0
20250527T1600,20.060246,29.16,68.0,98.0,68.0,22.0,255.0
20250527T1700,19.670246,27.359999,54.0,95.0,54.0,8.0,263.0
20250527T1800,18.710245,24.119999,29.1,97.0,25.0,16.0,96.0
20250527T1900,16.790245,16.919998,33.0,97.0,33.0,20.0,40.0
20250527T2000,15.280245,15.84,31.0,61.0,31.0,9.0,1.0
20250527T2100,14.730246,15.4800005,30.0,94.0,30.0,1.0,0.0
20250527T2200,14.730246,16.199999,100.0,98.0,100.0,2.0,0.0
20250527T2300,14.970245,16.56,100.0,97.0,100.0,19.0,0.0
20250528T0000,14.600245,17.28,97.0,98.0,97.0,41.0,0.0
20250528T0100,14.570246,18.72,79.0,92.0,79.0,51.0,0.0
20250528T0200,14.700245,21.24,58.0,74.0,58.0,55.0,0.0
20250528T0300,14.950245,22.319998,30.0,76.0,20.0,30.0,0.0
20250528T0400,14.600245,23.039999,40.0,92.0,39.0,40.0,2.0
20250528T0500,15.460245,26.28,45.0,86.0,29.0,45.0,49.0
20250528T0600,16.490246,29.519999,80.0,62.0,80.0,30.0,168.0
20250528T0700,17.530245,29.16,90.0,97.0,90.0,24.0,173.0
20250528T0800,17.650246,34.92,71.0,99.0,71.0,30.0,232.0
20250528T0900,17.220245,45.36,56.0,99.0,56.0,7.0,259.0
20250528T1000,16.440247,44.639996,99.0,98.0,99.0,22.0,339.0
20250528T1100,16.260246,45.36,99.0,100.0,99.0,33.0,341.0
20250528T1200,16.060246,46.079998,100.0,99.0,100.0,47.0,270.0
20250528T1300,15.680245,41.399998,100.0,100.0,100.0,81.0,109.0
20250528T1400,15.600245,39.239998,99.0,97.0,99.0,90.0,83.0
20250528T1500,15.650246,37.44,100.0,97.0,100.0,97.0,127.0
20250528T1600,15.760245,36.0,100.0,58.0,100.0,97.0,140.0
20250528T1700,15.670245,34.56,94.0,36.0,94.0,80.0,118.0
20250528T1800,15.490245,33.12,65.0,8.0,52.0,65.0,81.0
20250528T1900,15.280245,32.039997,94.0,7.0,45.0,94.0,19.0
20250528T2000,15.080245,33.12,85.0,15.0,44.0,85.0,0.0
20250528T2100,14.530245,30.599998,73.0,6.0,43.0,73.0,0.0
20250528T2200,14.250245,29.16,42.0,2.0,42.0,42.0,0.0
20250528T2300,14.040245,25.56,58.0,0.0,58.0,50.0,0.0
20250529T0000,13.660245,22.68,59.0,40.0,26.0,59.0,0.0
20250529T0100,13.170245,19.44,65.0,11.0,10.0,65.0,0.0
20250529T0200,12.800245,17.64,77.0,6.0,5.0,77.0,0.0
20250529T0300,12.410245,15.4800005,78.0,3.0,12.0,78.0,0.0
20250529T0400,12.160245,13.679999,77.0,54.0,6.0,77.0,1.0
20250529T0500,14.100245,14.04,87.0,93.0,5.0,87.0,41.0
20250529T0600,14.780245,16.919998,68.0,57.0,68.0,65.0,145.0
20250529T0700,15.980246,17.64,39.0,37.0,34.0,39.0,184.0
20250529T0800,16.590246,15.84,57.0,34.0,14.0,57.0,374.0
20250529T0900,18.220245,18.0,84.0,47.0,49.0,84.0,479.0
20250529T1000,19.160246,17.28,42.0,20.0,42.0,33.0,370.0
20250529T1100,20.850245,21.96,42.0,19.0,42.0,38.0,690.0
20250529T1200,21.330246,22.319998,49.0,6.0,15.0,49.0,554.0
20250529T1300,21.970245,21.599998,69.0,8.0,35.0,69.0,667.0
20250529T1400,22.690245,20.880001,58.0,31.0,58.0,5.0,662.0
20250529T1500,23.510244,20.880001,70.0,10.0,70.0,0.0,590.0
20250529T1600,23.030245,20.519999,35.0,0.0,35.0,0.0,470.0
20250529T1700,22.810246,19.8,18.0,2.0,18.0,0.0,335.0
20250529T1800,21.040245,16.56,14.0,9.0,14.0,0.0,187.0
20250529T1900,18.190245,9.72,15.0,21.0,15.0,0.0,50.0
20250529T2000,17.120245,10.799999,18.0,60.0,17.0,0.0,1.0
20250529T2100,14.750245,10.08,26.0,42.0,26.0,1.0,0.0
20250529T2200,13.700245,8.64,32.0,19.0,32.0,0.0,0.0
20250529T2300,12.390245,8.64,27.0,0.0,27.0,4.0,0.0
20250530T0000,11.460245,8.64,18.0,1.0,18.0,6.0,0.0
20250530T0100,10.430245,9.0,8.0,0.0,8.0,3.0,0.0
20250530T0200,10.280245,9.0,10.0,0.0,10.0,7.0,0.0
20250530T0300,9.8102455,9.0,5.0,6.0,4.0,5.0,0.0
20250530T0400,10.130245,9.36,9.900001,33.0,2.0,2.0,2.0
20250530T0500,12.010245,10.08,11.400001,38.0,1.0,1.0,67.0
20250530T0600,15.200245,11.879999,5.1000004,17.0,0.0,0.0,209.0
20250530T0700,18.360245,12.599999,0.0,0.0,0.0,0.0,378.0
20250530T0800,21.250246,13.32,0.0,0.0,0.0,0.0,546.0
20250530T0900,22.880245,13.679999,0.0,0.0,0.0,0.0,688.0
20250530T1000,24.490246,13.679999,0.0,0.0,0.0,0.0,807.0
20250530T1100,25.630245,12.959999,0.0,0.0,0.0,0.0,880.0
20250530T1200,27.130245,13.679999,0.0,0.0,0.0,0.0,902.0
20250530T1300,27.600245,13.679999,0.0,0.0,0.0,0.0,873.0
20250530T1400,28.370245,13.32,0.0,0.0,0.0,0.0,797.0
20250530T1500,28.790245,12.959999,0.0,0.0,0.0,0.0,682.0
20250530T1600,28.500246,12.24,0.0,0.0,0.0,0.0,528.0
20250530T1700,28.120245,11.159999,0.0,0.0,0.0,0.0,361.0
20250530T1800,26.120245,9.36,0.0,0.0,0.0,0.0,196.0
20250530T1900,23.610245,8.28,0.0,0.0,0.0,0.0,60.0
20250530T2000,20.080246,7.2,0.0,0.0,0.0,0.0,1.0
20250530T2100,17.290245,7.5599995,0.0,0.0,0.0,0.0,0.0
20250530T2200,15.590245,7.5599995,0.0,0.0,0.0,0.0,0.0
20250530T2300,14.150246,8.28,0.0,0.0,0.0,0.0,0.0
20250531T0000,14.240245,9.36,0.0,0.0,0.0,0.0,0.0
20250531T0100,13.440246,10.08,0.0,0.0,0.0,0.0,0.0
20250531T0200,12.800245,10.799999,0.6,2.0,0.0,0.0,0.0
20250531T0300,12.290245,11.159999,0.6,2.0,0.0,0.0,0.0
20250531T0400,12.540245,11.159999,1.8000001,6.0,0.0,0.0,2.0
20250531T0500,14.420245,11.879999,4.8,16.0,0.0,0.0,70.0
20250531T0600,17.870245,12.599999,7.5000005,25.0,0.0,0.0,210.0
20250531T0700,21.100245,12.599999,15.3,51.0,0.0,0.0,371.0
20250531T0800,24.050245,12.599999,12.3,41.0,0.0,0.0,537.0
20250531T0900,26.350245,13.32,2.4,8.0,0.0,0.0,686.0
20250531T1000,28.080246,13.32,35.0,37.0,35.0,0.0,799.0
20250531T1100,29.430244,13.32,33.0,29.0,33.0,0.0,871.0
20250531T1200,29.820246,14.4,0.0,0.0,0.0,0.0,896.0
20250531T1300,30.640245,15.4800005,0.0,0.0,0.0,0.0,862.0
20250531T1400,31.270245,15.4800005,1.8000001,6.0,0.0,0.0,787.0
20250531T1500,30.670246,15.119999,8.700001,29.0,3.0,0.0,657.0
20250531T1600,29.980246,14.04,11.1,37.0,1.0,0.0,504.0
20250531T1700,28.370245,11.159999,13.200001,44.0,2.0,0.0,343.0
20250531T1800,26.010244,9.36,19.800001,66.0,5.0,0.0,139.0
20250531T1900,23.810246,16.919998,28.500002,95.0,9.0,0.0,56.0
20250531T2000,22.340246,14.759999,29.1,97.0,16.0,0.0,1.0
20250531T2100,22.340246,14.4,28.2,94.0,9.0,0.0,0.0
20250531T2200,20.060246,12.24,86.0,98.0,86.0,1.0,0.0
20250531T2300,19.200245,15.84,99.0,99.0,99.0,0.0,0.0
20250601T0000,18.220245,16.199999,66.0,91.0,66.0,1.0,0.0
20250601T0100,17.610245,14.4,25.800001,86.0,1.0,0.0,0.0
20250601T0200,17.820246,16.56,25.0,67.0,25.0,0.0,0.0
20250601T0300,17.310246,17.28,32.0,69.0,32.0,3.0,0.0
20250601T0400,17.050245,15.84,27.000002,90.0,26.0,18.0,2.0
20250601T0500,17.870245,17.28,26.7,89.0,21.0,20.0,56.0
20250601T0600,19.910246,19.44,24.300001,81.0,19.0,14.0,185.0
20250601T0700,21.910246,19.08,22.5,75.0,6.0,0.0,281.0
20250601T0800,23.580246,24.119999,29.400002,98.0,4.0,0.0,466.0
20250601T0900,25.440245,27.359999,29.7,99.0,3.0,3.0,642.0
20250601T1000,27.230246,34.92,29.7,99.0,18.0,7.0,674.0
20250601T1100,27.780245,36.36,31.0,94.0,31.0,8.0,621.0
20250601T1200,28.750246,36.719997,23.0,67.0,23.0,6.0,573.0
20250601T1300,27.410246,38.88,29.400002,98.0,13.0,9.0,570.0
20250601T1400,27.870245,27.0,29.400002,98.0,7.0,4.0,409.0
20250601T1500,27.720245,20.519999,29.1,97.0,24.0,6.0,302.0
20250601T1600,26.210245,34.92,29.400002,98.0,11.0,9.0,360.0
20250601T1700,24.560246,28.44,29.1,97.0,17.0,8.0,131.0
20250601T1800,22.800245,27.359999,29.400002,98.0,20.0,1.0,58.0
20250601T1900,20.770245,9.72,72.0,100.0,72.0,9.0,31.0
20250601T2000,19.260244,11.5199995,77.0,100.0,77.0,15.0,0.0
20250601T2100,18.360245,17.64,43.0,99.0,43.0,32.0,0.0
20250601T2200,18.040245,19.08,66.0,91.0,66.0,4.0,0.0
20250601T2300,17.640245,22.68,86.0,97.0,86.0,8.0,0.0
20250602T0000,17.760244,24.119999,48.0,100.0,48.0,23.0,0.0
20250602T0100,17.510244,29.88,86.0,99.0,86.0,63.0,0.0
20250602T0200,17.050245,29.88,76.0,100.0,76.0,76.0,0.0
20250602T0300,16.860245,27.72,71.0,100.0,71.0,60.0,0.0
20250602T0400,16.840246,22.68,90.0,100.0,90.0,79.0,1.0
20250602T0500,16.890245,18.72,73.0,100.0,73.0,40.0,19.0
20250602T0600,17.050245,15.119999,54.0,100.0,52.0,54.0,38.0
20250602T0700,17.360245,20.16,61.0,99.0,61.0,58.0,36.0
20250602T0800,17.720245,13.679999,53.0,100.0,53.0,19.0,95.0
20250602T0900,18.070246,15.84,34.0,100.0,34.0,19.0,206.0
20250602T1000,19.530245,18.0,99.0,96.0,89.0,99.0,301.0
20250602T1100,20.310246,30.239998,99.0,88.0,99.0,96.0,362.0
20250602T1200,20.130245,33.12,88.0,99.0,88.0,85.0,323.0
20250602T1300,18.940245,38.519997,78.0,100.0,78.0,76.0,375.0
20250602T1400,18.590246,36.0,98.0,78.0,98.0,84.0,282.0
20250602T1500,18.780245,37.44,89.0,84.0,89.0,72.0,292.0
20250602T1600,18.620245,42.12,53.0,89.0,53.0,35.0,256.0
20250602T1700,18.420246,32.399998,36.0,100.0,36.0,35.0,151.0
20250602T1800,17.830246,29.519999,62.0,100.0,49.0,62.0,54.0
20250602T1900,17.250246,13.32,49.0,100.0,24.0,49.0,22.0
20250602T2000,16.940245,7.92,29.1,97.0,14.0,26.0,1.0
20250602T2100,16.490246,7.92,30.000002,100.0,15.0,18.0,0.0
20250602T2200,16.160246,8.28,43.0,100.0,43.0,38.0,0.0
20250602T2300,16.150246,8.28,68.0,99.0,68.0,68.0,0.0
20250603T0000,16.250246,6.8399997,46.0,85.0,46.0,36.0,0.0
20250603T0100,16.280245,6.4799995,40.0,41.0,40.0,30.0,0.0
20250603T0200,15.800245,6.8399997,53.0,4.0,36.0,53.0,0.0
20250603T0300,15.370245,7.92,58.0,0.0,26.0,58.0,0.0
20250603T0400,16.000246,8.64,59.0,24.0,39.0,59.0,2.0
20250603T0500,16.080246,11.159999,58.0,91.0,25.0,58.0,42.0
20250603T0600,16.680244,13.32,59.0,95.0,42.0,59.0,120.0
20250603T0700,17.910246,19.44,81.0,99.0,47.0,81.0,161.0
20250603T0800,19.270245,17.64,54.0,96.0,50.0,54.0,266.0
20250603T0900,20.350245,18.72,34.0,82.0,34.0,33.0,355.0
20250603T1000,21.140245,34.92,76.0,93.0,76.0,59.0,444.0
20250603T1100,21.780245,41.399998,55.0,91.0,55.0,37.0,394.0
20250603T1200,22.650246,45.36,38.0,88.0,38.0,10.0,391.0
20250603T1300,21.900246,46.079998,40.0,75.0,40.0,8.0,458.0
20250603T1400,20.670246,47.16,54.0,33.0,54.0,2.0,625.0
20250603T1500,20.700245,46.8,50.0,18.0,50.0,4.0,541.0
20250603T1600,20.360245,42.48,34.0,27.0,34.0,7.0,416.0
20250603T1700,20.660246,28.8,20.0,36.0,20.0,0.0,263.0
20250603T1800,20.570246,21.24,40.0,44.0,40.0,2.0,118.0
20250603T1900,19.350245,18.359999,50.0,77.0,50.0,0.0,45.0
20250603T2000,16.830246,15.119999,43.0,96.0,43.0,0.0,1.0
20250603T2100,17.040245,19.8,26.0,84.0,26.0,0.0,0.0
20250603T2200,16.470245,21.96,45.0,81.0,35.0,45.0,0.0
20250603T2300,16.520247,17.64,44.0,97.0,44.0,21.0,0.0
20250604T0000,16.230246,16.919998,78.0,100.0,78.0,11.0,0.0
20250604T0100,16.210245,18.0,50.0,100.0,50.0,14.0,0.0
20250604T0200,15.630245,15.4800005,35.0,98.0,35.0,15.0,0.0
20250604T0300,15.910245,19.8,70.0,100.0,70.0,8.0,0.0
20250604T0400,16.020247,20.880001,70.0,100.0,70.0,3.0,1.0
20250604T0500,16.210245,23.4,97.0,98.0,97.0,10.0,28.0
20250604T0600,16.560246,34.56,73.0,76.0,73.0,4.0,74.0
20250604T0700,17.580246,19.08,71.0,87.0,71.0,15.0,152.0
20250604T0800,18.400246,18.0,73.0,99.0,73.0,8.0,303.0
20250604T0900,19.320246,19.08,75.0,99.0,75.0,19.0,324.0
20250604T1000,19.660246,28.44,78.0,97.0,78.0,71.0,404.0
20250604T1100,20.700245,21.599998,30.0,96.0,17.0,30.0,356.0
20250604T1200,21.530245,23.039999,60.0,97.0,60.0,23.0,441.0
20250604T1300,21.640245,28.44,88.0,97.0,88.0,14.0,446.0
20250604T1400,20.040245,26.64,99.0,98.0,99.0,26.0,382.0
20250604T1500,18.470245,26.64,92.0,98.0,92.0,25.0,260.0
20250604T1600,18.030245,22.68,80.0,97.0,80.0,6.0,185.0
20250604T1700,17.650246,28.8,55.0,94.0,55.0,4.0,79.0
20250604T1800,17.170246,27.0,63.0,99.0,63.0,11.0,59.0
20250604T1900,16.880245,42.48,91.0,99.0,91.0,43.0,22.0
20250604T2000,16.610245,41.399998,94.0,98.0,94.0,39.0,1.0
20250604T2100,16.150246,28.08,90.0,63.0,90.0,33.0,0.0
20250604T2200,15.870245,23.4,68.0,11.0,68.0,27.0,0.0
20250604T2300,15.630245,18.359999,24.0,17.0,24.0,23.0,0.0
20250605T0000,14.950245,16.919998,39.0,20.0,32.0,39.0,0.0
20250605T0100,14.890245,16.919998,76.0,40.0,76.0,32.0,0.0
20250605T0200,14.860246,19.44,87.0,46.0,87.0,35.0,0.0
20250605T0300,14.660245,20.880001,82.0,15.0,82.0,6.0,0.0
20250605T0400,14.510245,19.8,53.0,4.0,53.0,9.0,3.0
20250605T0500,14.840245,18.72,46.0,6.0,46.0,13.0,57.0
20250605T0600,15.650246,20.519999,42.0,0.0,42.0,39.0,133.0
20250605T0700,16.820246,25.56,52.0,0.0,41.0,52.0,191.0
20250605T0800,17.640245,24.119999,67.0,1.0,31.0,67.0,332.0
20250605T0900,18.110245,37.8,54.0,0.0,40.0,54.0,476.0
20250605T1000,18.860245,42.48,50.0,90.0,50.0,30.0,617.0
20250605T1100,19.710245,45.719997,38.0,98.0,38.0,9.0,530.0
20250605T1200,19.260244,45.36,52.0,99.0,52.0,13.0,525.0
20250605T1300,18.880245,41.039997,87.0,80.0,87.0,14.0,379.0
20250605T1400,19.560246,28.08,81.0,28.0,81.0,21.0,363.0
20250605T1500,20.470245,27.359999,50.0,89.0,50.0,11.0,447.0
20250605T1600,20.560246,29.88,42.0,69.0,42.0,22.0,346.0
20250605T1700,20.300245,27.359999,40.0,89.0,40.0,25.0,262.0
20250605T1800,19.670246,20.519999,49.0,97.0,49.0,21.0,148.0
20250605T1900,18.220245,15.84,78.0,90.0,78.0,11.0,41.0
20250605T2000,17.740246,17.28,98.0,99.0,98.0,14.0,2.0
20250605T2100,17.330246,21.599998,98.0,46.0,98.0,3.0,0.0
20250605T2200,17.170246,21.96,78.0,1.0,78.0,21.0,0.0
20250605T2300,17.180244,23.039999,96.0,3.0,96.0,57.0,0.0
20250606T0000,17.410246,26.64,96.0,0.0,96.0,89.0,0.0
20250606T0100,17.670246,30.239998,94.0,0.0,86.0,94.0,0.0
20250606T0200,18.050245,33.839996,89.0,0.0,86.0,89.0,0.0
20250606T0300,18.260244,35.64,85.0,0.0,73.0,85.0,0.0
20250606T0400,18.260244,35.64,54.0,0.0,54.0,47.0,2.0
20250606T0500,18.500246,33.48,47.0,0.0,29.0,47.0,38.0
20250606T0600,19.670246,31.319998,41.0,1.0,35.0,41.0,165.0
20250606T0700,20.450245,33.48,66.0,14.0,66.0,34.0,209.0
20250606T0800,20.710245,36.36,89.0,10.0,89.0,43.0,225.0
20250606T0900,20.170246,38.519997,90.0,7.0,90.0,60.0,271.0
20250606T1000,20.790245,37.079998,81.0,1.0,81.0,32.0,144.0
20250606T1100,21.330246,34.2,82.0,16.0,82.0,37.0,257.0
20250606T1200,22.800245,41.760002,89.0,59.0,89.0,32.0,446.0
20250606T1300,23.460245,48.96,95.0,57.0,95.0,30.0,561.0
20250606T1400,23.410246,54.719997,62.0,79.0,62.0,14.0,451.0
20250606T1500,22.710245,45.719997,40.0,91.0,40.0,12.0,443.0
20250606T1600,21.820246,37.079998,19.800001,66.0,19.0,19.0,271.0
20250606T1700,20.460245,29.16,29.0,23.0,29.0,9.0,213.0
20250606T1800,18.840246,24.84,21.0,62.0,21.0,8.0,90.0
20250606T1900,17.890245,15.84,35.0,89.0,35.0,12.0,46.0
20250606T2000,17.510244,16.199999,89.0,88.0,89.0,2.0,1.0
20250606T2100,17.440245,20.519999,87.0,42.0,87.0,3.0,0.0
20250606T2200,17.720245,22.319998,54.0,33.0,54.0,13.0,0.0
20250606T2300,17.260244,27.359999,89.0,62.0,59.0,89.0,0.0
20250607T0000,17.020245,29.16,97.0,47.0,97.0,92.0,0.0
20250607T0100,16.900246,30.239998,99.0,49.0,99.0,63.0,0.0
20250607T0200,16.870245,31.68,83.0,82.0,83.0,20.0,0.0
20250607T0300,16.750246,29.16,93.0,92.0,93.0,7.0,0.0
20250607T0400,16.430246,20.16,98.0,77.0,98.0,22.0,2.0
20250607T0500,16.790245,20.16,99.0,90.0,99.0,22.0,37.0
20250607T0600,17.360245,33.839996,98.0,90.0,98.0,42.0,90.0
20250607T0700,17.220245,25.919998,84.0,86.0,84.0,37.0,71.0
20250607T0800,16.920246,31.319998,65.0,20.0,65.0,27.0,144.0
20250607T0900,17.140245,32.399998,41.0,1.0,36.0,41.0,285.0
20250607T1000,17.190245,30.960001,94.0,29.0,94.0,51.0,309.0
20250607T1100,16.300245,34.56,97.0,52.0,97.0,61.0,372.0
20250607T1200,16.300245,38.519997,94.0,34.0,94.0,34.0,363.0
20250607T1300,17.040245,39.239998,75.0,0.0,75.0,6.0,382.0
20250607T1400,17.820246,40.32,37.0,0.0,37.0,16.0,491.0
20250607T1500,18.190245,41.399998,56.0,0.0,53.0,56.0,357.0
20250607T1600,18.540245,37.8,64.0,0.0,64.0,54.0,247.0
20250607T1700,18.580246,32.760002,39.0,0.0,36.0,39.0,190.0
20250607T1800,17.990246,28.8,55.0,74.0,55.0,15.0,157.0
20250607T1900,17.040245,17.28,49.0,79.0,49.0,18.0,39.0
20250607T2000,15.850245,15.84,53.0,85.0,53.0,27.0,2.0
20250607T2100,15.670245,18.0,79.0,92.0,79.0,24.0,0.0
20250607T2200,16.410246,19.44,84.0,84.0,84.0,27.0,0.0
20250607T2300,16.210245,20.519999,71.0,19.0,71.0,48.0,0.0
20250608T0000,,,,,,,
20250608T0100,,,,,,,
20250608T0200,,,,,,,
20250608T0300,,,,,,,
20250608T0400,,,,,,,
20250608T0500,,,,,,,
20250608T0600,,,,,,,
20250608T0700,,,,,,,
20250608T0800,,,,,,,
20250608T0900,,,,,,,
20250608T1000,,,,,,,
20250608T1100,,,,,,,
20250608T1200,,,,,,,
20250608T1300,,,,,,,
20250608T1400,,,,,,,
20250608T1500,,,,,,,
20250608T1600,,,,,,,
20250608T1700,,,,,,,
20250608T1800,,,,,,,
20250608T1900,,,,,,,
20250608T2000,,,,,,,
20250608T2100,,,,,,,
20250608T2200,,,,,,,
20250608T2300,,,,,,,
20250609T0000,,,,,,,
20250609T0100,,,,,,,
20250609T0200,,,,,,,
20250609T0300,,,,,,,
20250609T0400,,,,,,,
20250609T0500,,,,,,,
20250609T0600,,,,,,,
20250609T0700,,,,,,,
20250609T0800,,,,,,,
20250609T0900,,,,,,,
20250609T1000,,,,,,,
20250609T1100,,,,,,,
20250609T1200,,,,,,,
20250609T1300,,,,,,,
20250609T1400,,,,,,,
20250609T1500,,,,,,,
20250609T1600,,,,,,,
20250609T1700,,,,,,,
20250609T1800,,,,,,,
20250609T1900,,,,,,,
20250609T2000,,,,,,,
20250609T2100,,,,,,,
20250609T2200,,,,,,,
20250609T2300,,,,,,,
20250610T0000,11.020246,6.12,0.0,0.0,0.0,0.0,0.0
20250610T0100,10.3102455,6.8399997,0.0,0.0,0.0,0.0,0.0
20250610T0200,9.340245,8.28,0.0,0.0,0.0,0.0,0.0
20250610T0300,8.380245,10.440001,0.0,0.0,0.0,0.0,0.0
20250610T0400,8.460245,10.799999,0.0,0.0,0.0,0.0,4.0
20250610T0500,10.510245,10.440001,0.0,0.0,0.0,0.0,78.0
20250610T0600,13.350245,12.959999,1.2,4.0,0.0,0.0,222.0
20250610T0700,16.250246,14.04,1.2,4.0,0.0,0.0,392.0
20250610T0800,19.040245,15.119999,8.1,27.0,0.0,0.0,559.0
20250610T0900,21.150246,16.56,8.1,27.0,0.0,0.0,704.0
20250610T1000,23.230246,19.08,12.0,40.0,0.0,0.0,818.0
20250610T1100,23.860245,21.96,29.400002,98.0,0.0,0.0,892.0
20250610T1200,25.090246,24.119999,29.1,97.0,0.0,0.0,894.0
20250610T1300,25.180244,25.56,28.500002,95.0,0.0,0.0,814.0
20250610T1400,25.490246,27.359999,26.7,89.0,0.0,0.0,732.0
20250610T1500,25.430244,28.08,27.900002,93.0,0.0,0.0,620.0
20250610T1600,24.890245,27.359999,29.1,97.0,0.0,0.0,507.0
20250610T1700,24.150246,24.84,28.500002,95.0,0.0,0.0,350.0
20250610T1800,22.710245,18.0,27.6,92.0,0.0,0.0,197.0
20250610T1900,19.650246,16.199999,26.400002,88.0,0.0,0.0,72.0
20250610T2000,16.840246,15.119999,23.400002,78.0,0.0,0.0,3.0
20250610T2100,15.480246,14.4,15.6,52.0,0.0,0.0,0.0
20250610T2200,14.430245,13.32,7.2000003,24.0,0.0,0.0,0.0
20250610T2300,14.130245,12.959999,3.9,13.0,0.0,0.0,0.0
20250611T0000,13.380245,11.879999,7.5000005,25.0,0.0,0.0,0.0
20250611T0100,13.610246,11.159999,13.8,46.0,0.0,0.0,0.0
20250611T0200,13.900246,9.0,16.5,55.0,0.0,0.0,0.0
20250611T0300,12.850245,7.2,20.1,67.0,0.0,0.0,0.0
20250611T0400,11.830245,9.0,19.5,65.0,0.0,0.0,4.0
20250611T0500,13.550245,10.799999,21.900002,73.0,0.0,0.0,71.0
20250611T0600,16.380245,13.679999,5.1000004,17.0,0.0,0.0,205.0
20250611T0700,18.750246,16.919998,0.6,2.0,0.0,0.0,376.0
20250611T0800,21.280245,19.44,0.6,2.0,0.0,0.0,543.0
20250611T0900,22.280245,20.16,1.0,0.0,0.0,1.0,681.0
20250611T1000,23.660246,20.16,2.0,1.0,0.0,2.0,800.0
20250611T1100,24.650246,19.8,0.0,0.0,0.0,0.0,869.0
20250611T1200,25.490246,19.44,0.0,0.0,0.0,0.0,895.0
20250611T1300,26.790245,20.880001,0.0,0.0,0.0,0.0,871.0
20250611T1400,26.710245,22.319998,0.0,0.0,0.0,0.0,798.0
20250611T1500,27.400246,22.68,0.0,0.0,0.0,0.0,685.0
20250611T1600,26.610245,22.68,0.0,0.0,0.0,0.0,539.0
20250611T1700,25.880245,22.319998,0.0,0.0,0.0,0.0,375.0
20250611T1800,24.250246,20.519999,0.0,0.0,0.0,0.0,211.0
20250611T1900,21.630245,19.8,1.0,0.0,0.0,1.0,73.0
20250611T2000,19.090246,16.56,0.0,0.0,0.0,0.0,4.0
20250611T2100,17.210245,16.199999,0.0,0.0,0.0,0.0,0.0
20250611T2200,16.240246,15.119999,0.0,0.0,0.0,0.0,0.0
20250611T2300,15.050245,14.4,0.0,0.0,0.0,0.0,0.0
20250612T0000,,,,,,,
20250612T0100,,,,,,,
20250612T0200,,,,,,,
20250612T0300,,,,,,,
20250612T0400,,,,,,,
20250612T0500,,,,,,,
20250612T0600,,,,,,,
20250612T0700,,,,,,,
20250612T0800,,,,,,,
20250612T0900,,,,,,,
20250612T1000,,,,,,,
20250612T1100,,,,,,,
20250612T1200,,,,,,,
20250612T1300,,,,,,,
20250612T1400,,,,,,,
20250612T1500,,,,,,,
20250612T1600,,,,,,,
20250612T1700,,,,,,,
20250612T1800,,,,,,,
20250612T1900,,,,,,,
20250612T2000,,,,,,,
20250612T2100,,,,,,,
20250612T2200,,,,,,,
20250612T2300,,,,,,,
20250613T0000,,,,,,,
20250613T0100,,,,,,,
20250613T0200,,,,,,,
20250613T0300,,,,,,,
20250613T0400,,,,,,,
20250613T0500,,,,,,,
20250613T0600,,,,,,,
20250613T0700,,,,,,,
20250613T0800,,,,,,,
20250613T0900,,,,,,,
20250613T1000,,,,,,,
20250613T1100,,,,,,,
20250613T1200,,,,,,,
20250613T1300,,,,,,,
20250613T1400,,,,,,,
20250613T1500,,,,,,,
20250613T1600,,,,,,,
20250613T1700,,,,,,,
20250613T1800,,,,,,,
20250613T1900,,,,,,,
20250613T2000,,,,,,,
20250613T2100,,,,,,,
20250613T2200,,,,,,,
20250613T2300,,,,,,,
20250614T0000,20.380245,16.56,25.0,42.0,25.0,0.0,0.0
20250614T0100,19.570246,15.4800005,10.8,36.0,10.0,0.0,0.0
20250614T0200,19.180244,14.4,18.0,60.0,5.0,0.0,0.0
20250614T0300,18.710245,14.4,8.700001,29.0,0.0,0.0,0.0
20250614T0400,18.910246,14.759999,1.0,2.0,1.0,0.0,4.0
20250614T0500,19.990246,15.84,8.0,13.0,8.0,0.0,74.0
20250614T0600,22.910246,16.919998,4.0,10.0,4.0,0.0,211.0
20250614T0700,25.630245,16.919998,2.4,8.0,1.0,0.0,334.0
20250614T0800,27.650246,17.64,0.90000004,3.0,0.0,0.0,522.0
20250614T0900,29.040245,22.319998,0.3,1.0,0.0,0.0,671.0
20250614T1000,30.340246,27.72,16.0,3.0,16.0,0.0,781.0
20250614T1100,32.020245,29.16,7.5000005,25.0,5.0,0.0,858.0
20250614T1200,32.520245,29.519999,10.200001,34.0,1.0,0.0,883.0
20250614T1300,32.59025,28.8,0.0,0.0,0.0,0.0,786.0
20250614T1400,33.060246,27.0,2.0,3.0,2.0,0.0,790.0
20250614T1500,33.230247,23.039999,4.0,8.0,4.0,0.0,653.0
20250614T1600,33.220245,18.72,7.8,26.0,6.0,0.0,523.0
20250614T1700,32.410248,13.679999,13.200001,44.0,4.0,0.0,352.0
20250614T1800,30.210245,6.8399997,21.6,72.0,5.0,0.0,187.0
20250614T1900,27.910246,10.799999,14.700001,49.0,13.0,0.0,57.0
20250614T2000,25.480246,11.159999,12.0,17.0,12.0,0.0,4.0
20250614T2100,24.190245,12.959999,9.3,31.0,9.0,0.0,0.0
20250614T2200,21.690245,12.599999,14.400001,48.0,2.0,0.0,0.0
20250614T2300,20.790245,11.159999,23.400002,78.0,8.0,0.0,0.0
20250615T0000,19.660246,10.08,45.0,96.0,45.0,0.0,0.0
20250615T0100,19.690245,11.159999,29.400002,98.0,26.0,0.0,0.0
20250615T0200,19.390245,11.5199995,33.0,98.0,33.0,0.0,0.0
20250615T0300,19.380245,11.5199995,29.1,97.0,4.0,0.0,0.0
20250615T0400,19.040245,12.24,29.400002,98.0,4.0,0.0,4.0
20250615T0500,20.360245,15.4800005,28.800001,96.0,19.0,0.0,69.0
20250615T0600,21.740246,21.96,51.0,97.0,51.0,0.0,172.0
20250615T0700,21.820246,20.16,99.0,100.0,99.0,0.0,213.0
20250615T0800,21.600245,21.96,78.0,68.0,78.0,0.0,143.0
20250615T0900,23.110245,19.44,62.0,26.0,62.0,0.0,198.0
20250615T1000,24.020245,20.880001,43.0,5.0,43.0,40.0,407.0
20250615T1100,25.320246,21.96,36.0,20.0,36.0,34.0,624.0
20250615T1200,25.980246,29.16,43.0,70.0,43.0,28.0,766.0
20250615T1300,26.100245,27.72,41.0,89.0,41.0,7.0,603.0
20250615T1400,22.280245,30.599998,34.0,84.0,34.0,7.0,325.0
20250615T1500,20.980246,29.88,34.0,74.0,34.0,8.0,186.0
20250615T1600,21.490246,21.24,33.0,88.0,33.0,17.0,194.0
20250615T1700,20.500246,22.68,73.0,73.0,58.0,73.0,105.0
20250615T1800,19.630245,25.56,82.0,90.0,64.0,82.0,37.0
20250615T1900,18.620245,25.199999,75.0,78.0,53.0,75.0,12.0
20250615T2000,18.030245,26.64,98.0,38.0,76.0,98.0,1.0
20250615T2100,17.630245,22.319998,93.0,4.0,86.0,93.0,0.0
20250615T2200,17.510244,16.919998,96.0,8.0,60.0,96.0,0.0
20250615T2300,17.030245,15.84,78.0,14.0,78.0,78.0,0.0
20250616T0000,16.620245,14.04,97.0,9.0,97.0,89.0,0.0
20250616T0100,16.350246,12.959999,98.0,0.0,98.0,88.0,0.0
20250616T0200,16.110247,12.24,99.0,0.0,99.0,96.0,0.0
20250616T0300,15.990245,11.879999,76.0,0.0,76.0,58.0,0.0
20250616T0400,15.900246,12.24,55.0,0.0,55.0,28.0,1.0
20250616T0500,16.170246,15.4800005,51.0,0.0,51.0,40.0,23.0
20250616T0600,16.850245,17.64,49.0,0.0,49.0,46.0,60.0
20250616T0700,17.590246,19.08,55.0,0.0,55.0,53.0,185.0
20250616T0800,18.910246,22.68,46.0,0.0,41.0,46.0,296.0
20250616T0900,19.770245,25.919998,52.0,0.0,34.0,52.0,356.0
20250616T1000,20.560246,28.08,54.0,0.0,54.0,12.0,583.0
20250616T1100,21.420246,27.72,46.0,0.0,46.0,19.0,639.0
20250616T1200,22.220245,27.0,38.0,0.0,38.0,18.0,701.0
20250616T1300,22.480246,26.64,35.0,0.0,35.0,23.0,643.0
20250616T1400,23.050245,26.28,32.0,0.0,21.0,32.0,522.0
20250616T1500,23.550245,26.64,35.0,0.0,32.0,35.0,500.0
20250616T1600,23.340246,25.919998,42.0,0.0,42.0,33.0,450.0
20250616T1700,22.640245,24.119999,43.0,0.0,43.0,21.0,289.0
20250616T1800,21.560246,21.599998,76.0,0.0,76.0,18.0,199.0
20250616T1900,19.740246,23.759998,73.0,0.0,73.0,24.0,57.0
20250616T2000,17.310246,22.319998,61.0,0.0,61.0,4.0,4.0
20250616T2100,16.310246,18.359999,18.0,0.0,18.0,7.0,0.0
20250616T2200,15.220245,17.28,15.0,0.0,13.0,15.0,0.0
20250616T2300,14.300245,16.919998,4.0,0.0,2.0,4.0,0.0
20250617T0000,13.480246,16.199999,0.0,0.0,0.0,0.0,0.0
20250617T0100,12.300245,16.199999,0.0,0.0,0.0,0.0,0.0
20250617T0200,12.010245,15.4800005,0.0,0.0,0.0,0.0,0.0
20250617T0300,11.710245,15.4800005,0.6,2.0,0.0,0.0,0.0
20250617T0400,11.790245,15.4800005,0.90000004,3.0,0.0,0.0,4.0
20250617T0500,14.150246,15.119999,0.6,2.0,0.0,0.0,78.0
20250617T0600,16.970245,15.84,0.0,0.0,0.0,0.0,219.0
20250617T0700,19.330246,19.44,0.0,0.0,0.0,0.0,385.0
20250617T0800,21.480246,24.48,0.0,0.0,0.0,0.0,551.0
20250617T0900,23.680244,28.08,0.0,0.0,0.0,0.0,698.0
20250617T1000,24.440245,29.16,12.0,0.0,0.0,12.0,812.0
20250617T1100,25.390245,29.16,0.0,0.0,0.0,0.0,884.0
20250617T1200,26.240246,28.8,0.0,0.0,0.0,0.0,910.0
20250617T1300,27.540245,28.08,0.0,0.0,0.0,0.0,885.0
20250617T1400,27.400246,27.0,0.0,0.0,0.0,0.0,813.0
20250617T1500,27.950245,25.56,0.0,0.0,0.0,0.0,698.0
20250617T1600,27.320246,23.759998,0.0,0.0,0.0,0.0,552.0
20250617T1700,26.660246,21.24,0.0,0.0,0.0,0.0,387.0
20250617T1800,25.010244,17.64,0.0,0.0,0.0,0.0,221.0
20250617T1900,22.350245,16.56,0.0,0.0,0.0,0.0,80.0
20250617T2000,19.660246,16.56,0.0,0.0,0.0,0.0,5.0
20250617T2100,20.130245,15.119999,0.0,0.0,0.0,0.0,0.0
20250617T2200,18.640245,11.879999,5.0,0.0,0.0,5.0,0.0
20250617T2300,17.590246,10.08,0.90000004,3.0,0.0,0.0,0.0
20250618T0000,,,,,,,
20250618T0100,,,,,,,
20250618T0200,,,,,,,
20250618T0300,,,,,,,
20250618T0400,,,,,,,
20250618T0500,,,,,,,
20250618T0600,,,,,,,
20250618T0700,,,,,,,
20250618T0800,,,,,,,
20250618T0900,,,,,,,
20250618T1000,,,,,,,
20250618T1100,,,,,,,
20250618T1200,,,,,,,
20250618T1300,,,,,,,
20250618T1400,,,,,,,
20250618T1500,,,,,,,
20250618T1600,,,,,,,
20250618T1700,,,,,,,
20250618T1800,,,,,,,
20250618T1900,,,,,,,
20250618T2000,,,,,,,
20250618T2100,,,,,,,
20250618T2200,,,,,,,
20250618T2300,,,,,,,
20250619T0000,17.950245,8.64,31.0,0.0,5.0,31.0,0.0
20250619T0100,17.460245,8.64,17.0,0.0,6.0,17.0,0.0
20250619T0200,16.650246,9.36,25.0,0.0,8.0,25.0,0.0
20250619T0300,15.010245,10.08,19.0,0.0,8.0,19.0,0.0
20250619T0400,14.820246,10.799999,24.0,0.0,10.0,24.0,4.0
20250619T0500,17.120245,11.159999,32.0,0.0,19.0,32.0,76.0
20250619T0600,19.870245,12.599999,28.0,0.0,22.0,28.0,214.0
20250619T0700,22.660246,15.4800005,26.0,0.0,14.0,26.0,340.0
20250619T0800,24.390245,18.359999,15.0,0.0,12.0,15.0,488.0
20250619T0900,26.050245,20.519999,15.0,0.0,6.0,15.0,670.0
20250619T1000,27.470245,22.319998,1.0,0.0,0.0,1.0,758.0
20250619T1100,28.580246,23.759998,9.0,0.0,0.0,9.0,849.0
20250619T1200,29.400246,24.84,7.0,0.0,0.0,7.0,885.0
20250619T1300,30.380245,27.0,0.0,0.0,0.0,0.0,833.0
20250619T1400,30.150246,29.16,0.0,0.0,0.0,0.0,763.0
20250619T1500,30.050245,31.68,4.0,0.0,4.0,0.0,684.0
20250619T1600,29.620245,33.48,1.0,0.0,1.0,0.0,537.0
20250619T1700,28.740246,33.48,3.0,0.0,3.0,0.0,358.0
20250619T1800,27.180244,30.960001,13.0,0.0,13.0,2.0,195.0
20250619T1900,25.200245,29.88,7.0,0.0,4.0,7.0,77.0
20250619T2000,23.300245,27.72,14.0,0.0,1.0,14.0,5.0
20250619T2100,21.710245,23.759998,7.0,0.0,0.0,7.0,0.0
20250619T2200,20.870245,19.8,15.0,0.0,15.0,5.0,0.0
20250619T2300,19.610245,17.64,4.0,0.0,0.0,4.0,0.0
20250620T0000,18.470245,16.56,6.0,0.0,0.0,6.0,0.0
20250620T0100,17.860245,15.84,11.0,0.0,2.0,11.0,0.0
20250620T0200,17.490246,15.119999,17.0,0.0,7.0,17.0,0.0
20250620T0300,17.010244,14.4,9.0,0.0,1.0,9.0,0.0
20250620T0400,16.430246,13.679999,0.0,0.0,0.0,0.0,4.0
20250620T0500,18.200245,14.4,0.0,0.0,0.0,0.0,75.0
20250620T0600,20.290245,14.759999,0.0,0.0,0.0,0.0,215.0
20250620T0700,21.920246,18.0,0.0,0.0,0.0,0.0,375.0
20250620T0800,23.460245,20.16,0.0,0.0,0.0,0.0,540.0
20250620T0900,25.660246,21.96,0.0,0.0,0.0,0.0,686.0
20250620T1000,26.540245,24.48,0.0,0.0,0.0,0.0,801.0
20250620T1100,27.740246,25.919998,0.0,0.0,0.0,0.0,875.0
20250620T1200,28.740246,27.359999,0.0,0.0,0.0,0.0,901.0
20250620T1300,30.170246,29.16,0.0,0.0,0.0,0.0,877.0
20250620T1400,29.900246,30.239998,0.0,0.0,0.0,0.0,813.0
20250620T1500,29.890245,30.239998,0.0,0.0,0.0,0.0,697.0
20250620T1600,29.510244,28.8,0.6,2.0,0.0,0.0,554.0
20250620T1700,28.630245,26.28,6.6000004,22.0,0.0,0.0,384.0
20250620T1800,27.040245,23.4,16.2,54.0,0.0,0.0,214.0
20250620T1900,24.620245,22.68,25.500002,85.0,0.0,0.0,77.0
20250620T2000,21.890245,16.919998,26.1,87.0,0.0,0.0,5.0
20250620T2100,20.830246,15.4800005,23.7,79.0,0.0,0.0,0.0
20250620T2200,19.000246,14.4,8.1,27.0,0.0,1.0,0.0
20250620T2300,17.980246,13.679999,2.1000001,7.0,0.0,0.0,0.0
20250621T0000,16.870245,13.679999,0.3,1.0,0.0,0.0,0.0
20250621T0100,15.950245,13.32,0.3,1.0,0.0,0.0,0.0
20250621T0200,15.110246,12.959999,0.0,0.0,0.0,0.0,0.0
20250621T0300,14.450245,12.599999,1.8000001,6.0,0.0,0.0,0.0
20250621T0400,14.260245,11.879999,8.700001,29.0,0.0,0.0,4.0
20250621T0500,16.810246,10.440001,11.400001,38.0,0.0,0.0,76.0
20250621T0600,19.380245,11.879999,15.900001,53.0,0.0,0.0,213.0
20250621T0700,22.200245,11.5199995,15.6,52.0,0.0,0.0,343.0
20250621T0800,23.860245,14.04,12.3,41.0,0.0,0.0,514.0
20250621T0900,25.540245,15.84,5.4,18.0,0.0,0.0,656.0
20250621T1000,27.490246,16.56,2.7,9.0,2.0,0.0,744.0
20250621T1100,28.360245,16.919998,4.2000003,14.0,3.0,0.0,861.0
20250621T1200,29.440245,16.919998,5.7000003,19.0,3.0,0.0,887.0
20250621T1300,30.240246,16.56,7.2000003,24.0,2.0,0.0,867.0
20250621T1400,30.790245,16.56,4.0,12.0,4.0,0.0,781.0
20250621T1500,30.740246,15.84,3.3000002,11.0,2.0,0.0,679.0
20250621T1600,30.640245,14.04,1.2,4.0,1.0,0.0,554.0
20250621T1700,29.280245,13.32,0.0,0.0,0.0,0.0,343.0
20250621T1800,27.530245,13.32,0.0,0.0,0.0,0.0,214.0
20250621T1900,25.480246,11.879999,4.0,0.0,4.0,0.0,71.0
20250621T2000,23.670246,12.959999,0.0,0.0,0.0,0.0,4.0
20250621T2100,21.090246,10.440001,0.0,0.0,0.0,0.0,0.0
20250621T2200,19.890245,10.08,0.0,0.0,0.0,0.0,0.0
20250621T2300,18.770245,10.799999,0.0,0.0,0.0,0.0,0.0
20250622T0000,17.510244,10.799999,0.0,0.0,0.0,0.0,0.0
20250622T0100,16.920246,11.5199995,0.0,0.0,0.0,0.0,0.0
20250622T0200,16.960245,12.24,0.0,0.0,0.0,0.0,0.0
20250622T0300,16.190247,12.24,0.0,0.0,0.0,0.0,0.0
20250622T0400,16.120245,11.5199995,0.0,0.0,0.0,0.0,4.0
20250622T0500,17.580246,13.32,0.0,0.0,0.0,0.0,75.0
20250622T0600,20.750246,14.759999,0.6,2.0,0.0,0.0,214.0
20250622T0700,23.630245,16.56,4.5,15.0,0.0,0.0,377.0
20250622T0800,26.280245,17.64,7.5000005,25.0,0.0,0.0,542.0
20250622T0900,28.470245,19.08,9.0,30.0,0.0,0.0,687.0
20250622T1000,30.770245,19.8,0.3,1.0,0.0,0.0,802.0
20250622T1100,31.630245,21.599998,0.0,0.0,0.0,0.0,875.0
20250622T1200,32.61025,22.68,0.0,0.0,0.0,0.0,903.0
20250622T1300,33.740246,23.039999,0.0,0.0,0.0,0.0,862.0
20250622T1400,33.740246,23.039999,0.0,0.0,0.0,0.0,781.0
20250622T1500,33.820248,22.319998,0.0,0.0,0.0,0.0,662.0
20250622T1600,33.650246,22.319998,0.6,2.0,0.0,0.0,550.0
20250622T1700,32.850246,21.599998,0.3,1.0,0.0,0.0,378.0
20250622T1800,30.830246,16.919998,6.3,21.0,0.0,0.0,205.0
20250622T1900,27.550245,12.599999,10.8,36.0,0.0,0.0,79.0
20250622T2000,25.300245,11.879999,15.6,52.0,5.0,0.0,5.0
20250622T2100,22.700245,12.24,28.800001,96.0,5.0,0.0,0.0
20250622T2200,22.850245,12.959999,29.400002,98.0,13.0,0.0,0.0
20250622T2300,22.920246,14.4,24.900002,83.0,21.0,0.0,0.0
20250623T0000,22.230246,14.759999,27.900002,93.0,25.0,6.0,0.0
20250623T0100,22.450245,14.4,36.0,100.0,36.0,0.0,0.0
20250623T0200,21.930244,15.4800005,24.300001,81.0,4.0,0.0,0.0
20250623T0300,21.200245,16.919998,12.0,40.0,0.0,5.0,0.0
20250623T0400,20.790245,17.28,12.0,13.0,5.0,12.0,3.0
20250623T0500,22.240246,23.039999,16.0,19.0,4.0,16.0,57.0
20250623T0600,23.790245,27.359999,18.0,26.0,6.0,18.0,146.0
20250623T0700,25.230246,23.759998,18.0,19.0,5.0,18.0,291.0
20250623T0800,26.220245,31.68,15.0,19.0,8.0,15.0,467.0
20250623T0900,27.030245,42.839996,22.0,7.0,22.0,6.0,599.0
20250623T1000,27.390245,59.399998,37.0,44.0,37.0,22.0,689.0
20250623T1100,28.430244,60.120003,68.0,37.0,68.0,41.0,799.0
20250623T1200,29.090246,60.839996,29.0,7.0,29.0,15.0,672.0
20250623T1300,29.070246,57.6,19.5,65.0,9.0,2.0,727.0
20250623T1400,29.360245,51.12,22.2,74.0,1.0,1.0,694.0
20250623T1500,29.330246,51.12,7.8,26.0,2.0,0.0,619.0
20250623T1600,28.900246,49.32,15.900001,53.0,0.0,1.0,545.0
20250623T1700,28.100245,46.44,7.5000005,25.0,0.0,0.0,377.0
20250623T1800,27.000246,39.96,0.3,1.0,0.0,0.0,182.0
20250623T1900,25.250246,28.8,0.0,0.0,0.0,0.0,80.0
20250623T2000,22.770245,23.039999,1.0,0.0,0.0,1.0,5.0
20250623T2100,20.250246,18.359999,0.0,0.0,0.0,0.0,0.0
20250623T2200,19.080246,15.119999,0.0,0.0,0.0,0.0,0.0
20250623T2300,18.350245,14.04,0.0,0.0,0.0,0.0,0.0